DATE,품목명,총반입량,전일대비_반입량차이,전일대비_반입량변화율(%)
2025-04-12,토마토,187,0.0,0.0
2025-04-11,토마토,181,-6.0,-3.2085561497326207
2025-04-10,토마토,129,-52.0,-28.7292817679558
2025-04-09,토마토,185,56.0,43.41085271317829
2025-04-08,토마토,161,-24.0,-12.972972972972974
2025-04-07,토마토,227,66.0,40.993788819875775
2025-04-05,토마토,163,-64.0,-28.193832599118945
2025-04-04,토마토,211,48.0,29.447852760736197
2025-04-03,토마토,142,-69.0,-32.70142180094787
2025-04-02,토마토,160,18.0,12.676056338028168
2025-04-01,토마토,174,14.0,8.75
2025-03-31,토마토,252,78.0,44.827586206896555
2025-03-29,토마토,186,-66.0,-26.190476190476193
2025-03-28,토마토,209,23.0,12.365591397849462
2025-03-27,토마토,150,-59.0,-28.22966507177033
2025-03-26,토마토,163,13.0,8.666666666666668
2025-03-25,토마토,161,-2.0,-1.2269938650306749
2025-03-24,토마토,241,80.0,49.68944099378882
2025-03-22,토마토,150,-91.0,-37.75933609958506
2025-03-21,토마토,176,26.0,17.333333333333336
2025-03-20,토마토,133,-43.0,-24.431818181818183
2025-03-19,토마토,143,10.0,7.518796992481203
2025-03-18,토마토,137,-6.0,-4.195804195804196
2025-03-17,토마토,212,75.0,54.74452554744526
2025-03-15,토마토,126,-86.0,-40.56603773584906
2025-03-14,토마토,169,43.0,34.12698412698413
2025-03-13,토마토,123,-46.0,-27.218934911242602
2025-03-12,토마토,128,5.0,4.0650406504065035
2025-03-11,토마토,135,7.0,5.46875
2025-03-10,토마토,171,36.0,26.666666666666668
2025-03-08,토마토,100,-71.0,-41.52046783625731
2025-03-07,토마토,144,44.0,44.0
2025-03-06,토마토,145,1.0,0.6944444444444444
2025-03-05,토마토,1,-144.0,-99.3103448275862
2025-03-04,토마토,144,143.0,14300.0
2025-03-03,토마토,196,52.0,36.11111111111111
2025-03-01,토마토,120,-76.0,-38.775510204081634
2025-02-28,토마토,175,55.0,45.83333333333333
2025-02-27,토마토,108,-67.0,-38.285714285714285
2025-02-26,토마토,120,12.0,11.11111111111111
2025-02-25,토마토,124,4.0,3.3333333333333335
2025-02-24,토마토,162,38.0,30.64516129032258
2025-02-22,토마토,119,-43.0,-26.543209876543212
2025-02-21,토마토,160,41.0,34.45378151260504
2025-02-20,토마토,102,-58.0,-36.25
2025-02-19,토마토,115,13.0,12.745098039215685
2025-02-18,토마토,113,-2.0,-1.7391304347826086
2025-02-17,토마토,155,42.0,37.16814159292036
2025-02-15,토마토,113,-42.0,-27.09677419354839
2025-02-14,토마토,131,18.0,15.929203539823009
2025-02-13,토마토,109,-22.0,-16.793893129770993
2025-02-11,토마토,117,8.0,7.339449541284404
2025-02-10,토마토,129,12.0,10.256410256410255
2025-02-08,토마토,99,-30.0,-23.25581395348837
2025-02-07,토마토,115,16.0,16.161616161616163
2025-02-06,토마토,73,-42.0,-36.52173913043478
2025-02-05,토마토,86,13.0,17.80821917808219
2025-02-04,토마토,90,4.0,4.651162790697675
2025-02-03,토마토,131,41.0,45.55555555555556
2025-02-01,토마토,206,75.0,57.25190839694656
2025-01-28,토마토,77,-129.0,-62.62135922330098
2025-01-27,토마토,167,90.0,116.88311688311688
2025-01-25,토마토,113,-54.0,-32.33532934131736
2025-01-24,토마토,111,-2.0,-1.7699115044247788
2025-01-23,토마토,76,-35.0,-31.53153153153153
2025-01-22,토마토,102,26.0,34.21052631578947
2025-01-21,토마토,88,-14.0,-13.725490196078432
2025-01-20,토마토,131,43.0,48.86363636363637
2025-01-18,토마토,103,-28.0,-21.374045801526716
2025-01-17,토마토,118,15.0,14.563106796116504
2025-01-16,토마토,62,-56.0,-47.45762711864407
2025-01-15,토마토,98,36.0,58.06451612903226
2025-01-14,토마토,100,2.0,2.0408163265306123
2025-01-13,토마토,110,10.0,10.0
2025-01-11,토마토,84,-26.0,-23.636363636363637
2025-01-10,토마토,137,53.0,63.095238095238095
2025-01-09,토마토,47,-90.0,-65.69343065693431
2025-01-08,토마토,76,29.0,61.702127659574465
2025-01-07,토마토,93,17.0,22.36842105263158
2025-01-06,토마토,133,40.0,43.01075268817204
2025-01-04,토마토,123,-10.0,-7.518796992481203
2025-01-03,토마토,167,44.0,35.77235772357724
2024-12-31,토마토,125,-42.0,-25.149700598802394
2024-12-30,토마토,137,12.0,9.6
2024-12-28,토마토,82,-55.0,-40.14598540145985
2024-12-27,토마토,143,61.0,74.39024390243902
2024-12-26,토마토,55,-88.0,-61.53846153846154
2024-12-25,토마토,80,25.0,45.45454545454545
2024-12-24,토마토,93,13.0,16.25
2024-12-23,토마토,102,9.0,9.67741935483871
2024-12-21,토마토,87,-15.0,-14.705882352941178
2024-12-20,토마토,109,22.0,25.287356321839084
2024-12-19,토마토,64,-45.0,-41.284403669724774
2024-12-18,토마토,94,30.0,46.875
2024-12-17,토마토,100,6.0,6.382978723404255
2024-12-16,토마토,116,16.0,16.0
2024-12-14,토마토,89,-27.0,-23.275862068965516
2024-12-13,토마토,107,18.0,20.224719101123593
2024-12-12,토마토,72,-35.0,-32.71028037383177
2024-12-11,토마토,78,6.0,8.333333333333332
2024-12-10,토마토,82,4.0,5.128205128205128
2024-12-09,토마토,109,27.0,32.926829268292686
2024-12-07,토마토,107,-2.0,-1.834862385321101
2024-12-06,토마토,121,14.0,13.084112149532709
2024-12-05,토마토,67,-54.0,-44.62809917355372
2024-12-04,토마토,97,30.0,44.776119402985074
2024-12-03,토마토,70,-27.0,-27.835051546391753
2024-12-02,토마토,80,10.0,14.285714285714285
2024-11-30,토마토,95,15.0,18.75
2024-11-29,토마토,104,9.0,9.473684210526317
2024-11-28,토마토,63,-41.0,-39.42307692307692
2024-11-27,토마토,91,28.0,44.44444444444444
2024-11-26,토마토,81,-10.0,-10.989010989010989
2024-11-25,토마토,119,38.0,46.913580246913575
2024-11-23,토마토,118,-1.0,-0.8403361344537815
2024-11-22,토마토,115,-3.0,-2.5423728813559325
2024-11-21,토마토,75,-40.0,-34.78260869565217
2024-11-20,토마토,76,1.0,1.3333333333333335
2024-11-19,토마토,83,7.0,9.210526315789473
2024-11-18,토마토,105,22.0,26.506024096385545
2024-11-16,토마토,100,-5.0,-4.761904761904762
2024-11-15,토마토,94,-6.0,-6.0
2024-11-14,토마토,50,-44.0,-46.808510638297875
2024-11-13,토마토,63,13.0,26.0
2024-11-12,토마토,60,-3.0,-4.761904761904762
2024-11-11,토마토,81,21.0,35.0
2024-11-09,토마토,84,3.0,3.7037037037037033
2024-11-08,토마토,84,0.0,0.0
2024-11-07,토마토,63,-21.0,-25.0
2024-11-06,토마토,80,17.0,26.984126984126984
2024-11-05,토마토,79,-1.0,-1.25
2024-11-04,토마토,109,30.0,37.9746835443038
2024-11-02,토마토,113,4.0,3.669724770642202
2024-11-01,토마토,98,-15.0,-13.274336283185843
2024-10-31,토마토,67,-31.0,-31.63265306122449
2024-10-30,토마토,110,43.0,64.17910447761194
2024-10-29,토마토,116,6.0,5.454545454545454
2024-10-28,토마토,111,-5.0,-4.310344827586207
2024-10-26,토마토,125,14.0,12.612612612612612
2024-10-25,토마토,96,-29.0,-23.200000000000003
2024-10-24,토마토,94,-2.0,-2.083333333333333
2024-10-23,토마토,99,5.0,5.319148936170213
2024-10-22,토마토,111,12.0,12.121212121212121
2024-10-21,토마토,117,6.0,5.405405405405405
2024-10-19,토마토,113,-4.0,-3.418803418803419
2024-10-18,토마토,84,-29.0,-25.663716814159294
2024-10-17,토마토,91,7.0,8.333333333333332
2024-10-16,토마토,68,-23.0,-25.274725274725274
2024-10-15,토마토,113,45.0,66.17647058823529
2024-10-14,토마토,106,-7.0,-6.1946902654867255
2024-10-12,토마토,56,-50.0,-47.16981132075472
2024-10-11,토마토,94,38.0,67.85714285714286
2024-10-10,토마토,43,-51.0,-54.25531914893617
2024-10-09,토마토,63,20.0,46.51162790697674
2024-10-08,토마토,66,3.0,4.761904761904762
2024-10-07,토마토,101,35.0,53.03030303030303
2024-10-05,토마토,52,-49.0,-48.51485148514851
2024-10-04,토마토,85,33.0,63.46153846153846
2024-10-03,토마토,51,-34.0,-40.0
2024-10-02,토마토,77,26.0,50.98039215686274
2024-10-01,토마토,75,-2.0,-2.5974025974025974
2024-09-30,토마토,148,73.0,97.33333333333334
2024-09-28,토마토,117,-31.0,-20.945945945945947
2024-09-27,토마토,147,30.0,25.64102564102564
2024-09-26,토마토,115,-32.0,-21.768707482993197
2024-09-25,토마토,158,43.0,37.391304347826086
2024-09-24,토마토,164,6.0,3.79746835443038
2024-09-23,토마토,237,73.0,44.51219512195122
2024-09-21,토마토,245,8.0,3.375527426160337
2024-09-20,토마토,332,87.0,35.51020408163265
2024-09-16,토마토,162,-170.0,-51.204819277108435
2024-09-14,토마토,151,-11.0,-6.790123456790123
2024-09-13,토마토,96,-55.0,-36.423841059602644
2024-09-12,토마토,96,0.0,0.0
2024-09-11,토마토,79,-17.0,-17.708333333333336
2024-09-10,토마토,110,31.0,39.24050632911392
2024-09-09,토마토,121,11.0,10.0
2024-09-07,토마토,103,-18.0,-14.87603305785124
2024-09-06,토마토,113,10.0,9.70873786407767
2024-09-05,토마토,75,-38.0,-33.6283185840708
2024-09-04,토마토,84,9.0,12.0
2024-09-03,토마토,96,12.0,14.285714285714285
2024-09-02,토마토,154,58.0,60.416666666666664
2024-08-31,토마토,133,-21.0,-13.636363636363635
2024-08-30,토마토,136,3.0,2.2556390977443606
2024-08-29,토마토,115,-21.0,-15.441176470588236
2024-08-28,토마토,152,37.0,32.17391304347826
2024-08-27,토마토,178,26.0,17.105263157894736
2024-08-26,토마토,234,56.0,31.46067415730337
2024-08-24,토마토,189,-45.0,-19.230769230769234
2024-08-23,토마토,162,-27.0,-14.285714285714285
2024-08-22,토마토,119,-43.0,-26.543209876543212
2024-08-21,토마토,146,27.0,22.689075630252102
2024-08-20,토마토,132,-14.0,-9.58904109589041
2024-08-19,토마토,181,49.0,37.121212121212125
2024-08-17,토마토,131,-50.0,-27.624309392265197
2024-08-16,토마토,97,-34.0,-25.954198473282442
2024-08-15,토마토,100,3.0,3.0927835051546393
2024-08-14,토마토,99,-1.0,-1.0
2024-08-13,토마토,137,38.0,38.38383838383838
2024-08-12,토마토,181,44.0,32.11678832116788
2024-08-10,토마토,219,38.0,20.994475138121548
2024-08-09,토마토,201,-18.0,-8.21917808219178
2024-08-08,토마토,167,-34.0,-16.91542288557214
2024-08-07,토마토,137,-30.0,-17.964071856287426
2024-08-06,토마토,133,-4.0,-2.9197080291970803
2024-08-05,토마토,234,101.0,75.93984962406014
2024-08-02,토마토,196,-38.0,-16.23931623931624
2024-08-01,토마토,135,-61.0,-31.122448979591837
2024-07-31,토마토,157,22.0,16.296296296296298
2024-07-30,토마토,141,-16.0,-10.191082802547772
2024-07-29,토마토,196,55.0,39.00709219858156
2024-07-27,토마토,153,-43.0,-21.93877551020408
2024-07-26,토마토,152,-1.0,-0.6535947712418301
2024-07-25,토마토,124,-28.0,-18.421052631578945
2024-07-24,토마토,146,22.0,17.741935483870968
2024-07-23,토마토,128,-18.0,-12.32876712328767
2024-07-22,토마토,191,63.0,49.21875
2024-07-20,토마토,159,-32.0,-16.75392670157068
2024-07-19,토마토,161,2.0,1.257861635220126
2024-07-18,토마토,169,8.0,4.968944099378882
2024-07-17,토마토,170,1.0,0.591715976331361
2024-07-16,토마토,159,-11.0,-6.470588235294119
2024-07-15,토마토,189,30.0,18.867924528301888
2024-07-13,토마토,163,-26.0,-13.756613756613756
2024-07-12,토마토,146,-17.0,-10.429447852760736
2024-07-11,토마토,143,-3.0,-2.054794520547945
2024-07-10,토마토,125,-18.0,-12.587412587412588
2024-07-09,토마토,171,46.0,36.8
2024-07-08,토마토,178,7.0,4.093567251461988
2024-07-06,토마토,155,-23.0,-12.921348314606742
2024-07-05,토마토,132,-23.0,-14.838709677419354
2024-07-04,토마토,118,-14.0,-10.606060606060606
2024-07-03,토마토,135,17.0,14.40677966101695
2024-07-02,토마토,176,41.0,30.37037037037037
2024-07-01,토마토,214,38.0,21.59090909090909
2024-06-29,토마토,200,-14.0,-6.5420560747663545
2024-06-28,토마토,218,18.0,9.0
2024-06-27,토마토,226,8.0,3.669724770642202
2024-06-26,토마토,211,-15.0,-6.637168141592921
2024-06-25,토마토,196,-15.0,-7.109004739336493
2024-06-24,토마토,223,27.0,13.77551020408163
2024-06-22,토마토,150,-73.0,-32.73542600896861
2024-06-21,토마토,158,8.0,5.333333333333334
2024-06-20,토마토,164,6.0,3.79746835443038
2024-06-19,토마토,196,32.0,19.51219512195122
2024-06-18,토마토,210,14.0,7.142857142857142
2024-06-17,토마토,234,24.0,11.428571428571429
2024-06-15,토마토,154,-80.0,-34.18803418803419
2024-06-14,토마토,191,37.0,24.025974025974026
2024-06-13,토마토,186,-5.0,-2.6178010471204187
2024-06-12,토마토,179,-7.0,-3.763440860215054
2024-06-11,토마토,203,24.0,13.40782122905028
2024-06-10,토마토,228,25.0,12.31527093596059
2024-06-08,토마토,147,-81.0,-35.526315789473685
2024-06-07,토마토,169,22.0,14.965986394557824
2024-06-06,토마토,166,-3.0,-1.7751479289940828
2024-06-05,토마토,178,12.0,7.228915662650602
2024-06-04,토마토,222,44.0,24.719101123595504
2024-06-03,토마토,225,3.0,1.3513513513513513
2024-06-01,토마토,258,33.0,14.666666666666666
2024-05-31,토마토,228,-30.0,-11.627906976744185
2024-05-30,토마토,226,-2.0,-0.8771929824561403
2024-05-29,토마토,240,14.0,6.1946902654867255
2024-05-28,토마토,248,8.0,3.3333333333333335
2024-05-27,토마토,246,-2.0,-0.8064516129032258
2024-05-25,토마토,161,-85.0,-34.552845528455286
2024-05-24,토마토,178,17.0,10.559006211180124
2024-05-23,토마토,127,-51.0,-28.651685393258425
2024-05-22,토마토,138,11.0,8.661417322834646
2024-05-21,토마토,150,12.0,8.695652173913043
2024-05-20,토마토,211,61.0,40.666666666666664
2024-05-18,토마토,127,-84.0,-39.81042654028436
2024-05-17,토마토,149,22.0,17.322834645669293
2024-05-16,토마토,105,-44.0,-29.53020134228188
2024-05-15,토마토,101,-4.0,-3.8095238095238098
2024-05-14,토마토,146,45.0,44.554455445544555
2024-05-13,토마토,198,52.0,35.61643835616438
2024-05-11,토마토,127,-71.0,-35.858585858585855
2024-05-10,토마토,160,33.0,25.984251968503933
2024-05-09,토마토,101,-59.0,-36.875
2024-05-08,토마토,159,58.0,57.42574257425742
2024-05-07,토마토,170,11.0,6.918238993710692
2024-05-06,토마토,276,106.0,62.35294117647059
2024-05-04,토마토,173,-103.0,-37.31884057971014
2024-05-03,토마토,174,1.0,0.5780346820809248
2024-05-02,토마토,138,-36.0,-20.689655172413794
2024-05-01,토마토,162,24.0,17.391304347826086
2024-04-30,토마토,159,-3.0,-1.8518518518518516
2024-04-29,토마토,206,47.0,29.559748427672954
2024-04-27,토마토,159,-47.0,-22.815533980582526
2024-04-26,토마토,149,-10.0,-6.289308176100629
2024-04-25,토마토,124,-25.0,-16.778523489932887
2024-04-24,토마토,110,-14.0,-11.29032258064516
2024-04-23,토마토,158,48.0,43.63636363636363
2024-04-22,토마토,199,41.0,25.949367088607595
2024-04-20,토마토,123,-76.0,-38.19095477386934
2024-04-19,토마토,142,19.0,15.447154471544716
2024-04-18,토마토,108,-34.0,-23.943661971830984
2024-04-17,토마토,141,33.0,30.555555555555557
2024-04-16,토마토,143,2.0,1.4184397163120568
2024-04-15,토마토,204,61.0,42.65734265734265
2024-04-13,토마토,118,-86.0,-42.15686274509804
2024-04-12,토마토,174,56.0,47.45762711864407
2024-04-11,토마토,134,-40.0,-22.988505747126435
2024-04-10,토마토,177,43.0,32.08955223880597
2024-04-09,토마토,132,-45.0,-25.423728813559322
2024-04-08,토마토,183,51.0,38.63636363636363
2024-04-06,토마토,130,-53.0,-28.96174863387978
2024-04-05,토마토,163,33.0,25.384615384615383
2024-04-04,토마토,97,-66.0,-40.49079754601227
2024-04-03,토마토,119,22.0,22.68041237113402
2024-04-02,토마토,130,11.0,9.243697478991598
2024-04-01,토마토,182,52.0,40.0
2024-03-30,토마토,117,-65.0,-35.714285714285715
2024-03-29,토마토,126,9.0,7.6923076923076925
2024-03-28,토마토,91,-35.0,-27.77777777777778
2024-03-27,토마토,112,21.0,23.076923076923077
2024-03-26,토마토,111,-1.0,-0.8928571428571428
2024-03-25,토마토,182,71.0,63.96396396396396
2024-03-23,토마토,123,-59.0,-32.417582417582416
2024-03-22,토마토,136,13.0,10.569105691056912
2024-03-21,토마토,120,-16.0,-11.76470588235294
2024-03-20,토마토,136,16.0,13.333333333333334
2024-03-19,토마토,117,-19.0,-13.970588235294118
2024-03-18,토마토,187,70.0,59.82905982905983
2024-03-16,토마토,97,-90.0,-48.1283422459893
2024-03-15,토마토,155,58.0,59.79381443298969
2024-03-14,토마토,92,-63.0,-40.64516129032258
2024-03-13,토마토,113,21.0,22.82608695652174
2024-03-12,토마토,105,-8.0,-7.079646017699115
2024-03-11,토마토,182,77.0,73.33333333333333
2024-03-09,토마토,103,-79.0,-43.40659340659341
2024-03-08,토마토,125,22.0,21.35922330097087
2024-03-07,토마토,86,-39.0,-31.2
2024-03-06,토마토,111,25.0,29.069767441860467
2024-03-05,토마토,96,-15.0,-13.513513513513514
2024-03-04,토마토,168,72.0,75.0
2024-03-01,토마토,178,10.0,5.952380952380952
2024-02-29,토마토,90,-88.0,-49.43820224719101
2024-02-28,토마토,97,7.0,7.777777777777778
2024-02-27,토마토,83,-14.0,-14.432989690721648
2024-02-26,토마토,115,32.0,38.55421686746988
2024-02-24,토마토,73,-42.0,-36.52173913043478
2024-02-23,토마토,102,29.0,39.726027397260275
2024-02-22,토마토,72,-30.0,-29.411764705882355
2024-02-21,토마토,85,13.0,18.055555555555554
2024-02-20,토마토,77,-8.0,-9.411764705882353
2024-02-19,토마토,148,71.0,92.20779220779221
2024-02-17,토마토,74,-74.0,-50.0
2024-02-16,토마토,85,11.0,14.864864864864865
2024-02-15,토마토,92,7.0,8.235294117647058
2024-02-14,토마토,157,65.0,70.65217391304348
2024-02-13,토마토,162,5.0,3.1847133757961785
2024-02-09,토마토,80,-82.0,-50.617283950617285
2024-02-08,토마토,112,32.0,40.0
2024-02-07,토마토,80,-32.0,-28.57142857142857
2024-02-06,토마토,83,3.0,3.75
2024-02-05,토마토,119,36.0,43.373493975903614
2024-02-03,토마토,73,-46.0,-38.655462184873954
2024-02-02,토마토,114,41.0,56.16438356164384
2024-02-01,토마토,70,-44.0,-38.59649122807017
2024-01-31,토마토,97,27.0,38.57142857142858
2024-01-30,토마토,89,-8.0,-8.24742268041237
2024-01-29,토마토,112,23.0,25.842696629213485
2024-01-27,토마토,84,-28.0,-25.0
2024-01-26,토마토,96,12.0,14.285714285714285
2024-01-25,토마토,65,-31.0,-32.29166666666667
2024-01-24,토마토,69,4.0,6.153846153846154
2024-01-23,토마토,67,-2.0,-2.898550724637681
2024-01-22,토마토,81,14.0,20.8955223880597
2024-01-20,토마토,80,-1.0,-1.2345679012345678
2024-01-19,토마토,121,41.0,51.24999999999999
2024-01-18,토마토,76,-45.0,-37.1900826446281
2024-01-17,토마토,71,-5.0,-6.578947368421052
2024-01-16,토마토,79,8.0,11.267605633802818
2024-01-15,토마토,94,15.0,18.9873417721519
2024-01-13,토마토,58,-36.0,-38.297872340425535
2024-01-12,토마토,111,53.0,91.37931034482759
2024-01-11,토마토,61,-50.0,-45.04504504504504
2024-01-10,토마토,70,9.0,14.754098360655737
2024-01-09,토마토,78,8.0,11.428571428571429
2024-01-08,토마토,110,32.0,41.02564102564102
2024-01-06,토마토,75,-35.0,-31.818181818181817
2024-01-05,토마토,115,40.0,53.333333333333336
2024-01-04,토마토,91,-24.0,-20.869565217391305
2024-01-03,토마토,209,118.0,129.67032967032966
2023-12-30,토마토,107,-102.0,-48.803827751196174
2023-12-29,토마토,158,51.0,47.66355140186916
2023-12-28,토마토,56,-102.0,-64.55696202531645
2023-12-27,토마토,78,22.0,39.285714285714285
2023-12-26,토마토,90,12.0,15.384615384615385
2023-12-25,토마토,114,24.0,26.666666666666668
2023-12-23,토마토,60,-54.0,-47.368421052631575
2023-12-22,토마토,125,65.0,108.33333333333333
2023-12-21,토마토,85,-40.0,-32.0
2023-12-20,토마토,56,-29.0,-34.11764705882353
2023-12-19,토마토,76,20.0,35.714285714285715
2023-12-18,토마토,92,16.0,21.052631578947366
2023-12-16,토마토,81,-11.0,-11.956521739130435
2023-12-15,토마토,88,7.0,8.641975308641975
2023-12-14,토마토,67,-21.0,-23.863636363636363
2023-12-13,토마토,75,8.0,11.940298507462686
2023-12-12,토마토,98,23.0,30.666666666666664
2023-12-11,토마토,106,8.0,8.16326530612245
2023-12-09,토마토,86,-20.0,-18.867924528301888
2023-12-08,토마토,127,41.0,47.674418604651166
2023-12-07,토마토,83,-44.0,-34.645669291338585
2023-12-06,토마토,64,-19.0,-22.89156626506024
2023-12-05,토마토,111,47.0,73.4375
2023-12-04,토마토,144,33.0,29.72972972972973
2023-12-01,토마토,160,16.0,11.11111111111111
2023-11-30,토마토,66,-94.0,-58.75
2023-11-29,토마토,62,-4.0,-6.0606060606060606
2023-11-28,토마토,116,54.0,87.09677419354838
2023-11-27,토마토,108,-8.0,-6.896551724137931
2023-11-25,토마토,69,-39.0,-36.11111111111111
2023-11-24,토마토,122,53.0,76.81159420289855
2023-11-23,토마토,84,-38.0,-31.147540983606557
2023-11-22,토마토,57,-27.0,-32.142857142857146
2023-11-21,토마토,74,17.0,29.82456140350877
2023-11-20,토마토,93,19.0,25.675675675675674
2023-11-18,토마토,79,-14.0,-15.053763440860216
2023-11-17,토마토,74,-5.0,-6.329113924050633
2023-11-16,토마토,86,12.0,16.216216216216218
2023-11-15,토마토,98,12.0,13.953488372093023
2023-11-14,토마토,96,-2.0,-2.0408163265306123
2023-11-13,토마토,135,39.0,40.625
2023-11-11,토마토,108,-27.0,-20.0
2023-11-10,토마토,90,-18.0,-16.666666666666664
2023-11-09,토마토,102,12.0,13.333333333333334
2023-11-08,토마토,109,7.0,6.862745098039216
2023-11-07,토마토,84,-25.0,-22.93577981651376
2023-11-06,토마토,171,87.0,103.57142857142858
2023-11-03,토마토,178,7.0,4.093567251461988
2023-11-02,토마토,94,-84.0,-47.19101123595505
2023-11-01,토마토,99,5.0,5.319148936170213
2023-10-31,토마토,118,19.0,19.19191919191919
2023-10-30,토마토,143,25.0,21.1864406779661
2023-10-28,토마토,91,-52.0,-36.36363636363637
2023-10-27,토마토,109,18.0,19.78021978021978
2023-10-26,토마토,84,-25.0,-22.93577981651376
2023-10-25,토마토,99,15.0,17.857142857142858
2023-10-24,토마토,105,6.0,6.0606060606060606
2023-10-23,토마토,124,19.0,18.095238095238095
2023-10-21,토마토,108,-16.0,-12.903225806451612
2023-10-20,토마토,99,-9.0,-8.333333333333332
2023-10-19,토마토,82,-17.0,-17.17171717171717
2023-10-18,토마토,77,-5.0,-6.097560975609756
2023-10-17,토마토,93,16.0,20.77922077922078
2023-10-16,토마토,110,17.0,18.27956989247312
2023-10-14,토마토,73,-37.0,-33.63636363636363
2023-10-13,토마토,79,6.0,8.21917808219178
2023-10-12,토마토,56,-23.0,-29.11392405063291
2023-10-11,토마토,71,15.0,26.785714285714285
2023-10-10,토마토,84,13.0,18.30985915492958
2023-10-09,토마토,132,48.0,57.14285714285714
2023-10-07,토마토,92,-40.0,-30.303030303030305
2023-10-06,토마토,117,25.0,27.173913043478258
2023-10-05,토마토,120,3.0,2.564102564102564
2023-10-04,토마토,143,23.0,19.166666666666668
2023-10-03,토마토,157,14.0,9.79020979020979
2023-10-02,토마토,231,74.0,47.13375796178344
2023-09-28,토마토,95,-136.0,-58.87445887445888
2023-09-27,토마토,203,108.0,113.68421052631578
2023-09-26,토마토,135,-68.0,-33.497536945812804
2023-09-25,토마토,185,50.0,37.03703703703704
2023-09-23,토마토,129,-56.0,-30.270270270270274
2023-09-22,토마토,84,-45.0,-34.883720930232556
2023-09-21,토마토,98,14.0,16.666666666666664
2023-09-20,토마토,116,18.0,18.367346938775512
2023-09-19,토마토,126,10.0,8.620689655172415
2023-09-18,토마토,190,64.0,50.79365079365079
2023-09-16,토마토,146,-44.0,-23.157894736842106
2023-09-15,토마토,166,20.0,13.698630136986301
2023-09-14,토마토,122,-44.0,-26.506024096385545
2023-09-13,토마토,180,58.0,47.540983606557376
2023-09-12,토마토,139,-41.0,-22.77777777777778
2023-09-11,토마토,199,60.0,43.16546762589928
2023-09-09,토마토,136,-63.0,-31.65829145728643
2023-09-08,토마토,131,-5.0,-3.6764705882352944
2023-09-07,토마토,103,-28.0,-21.374045801526716
2023-09-06,토마토,122,19.0,18.446601941747574
2023-09-05,토마토,116,-6.0,-4.918032786885246
2023-09-04,토마토,173,57.0,49.137931034482754
2023-09-02,토마토,162,-11.0,-6.358381502890173
2023-09-01,토마토,143,-19.0,-11.728395061728394
2023-08-31,토마토,125,-18.0,-12.587412587412588
2023-08-30,토마토,133,8.0,6.4
2023-08-29,토마토,103,-30.0,-22.55639097744361
2023-08-28,토마토,253,150.0,145.63106796116506
2023-08-26,토마토,145,-108.0,-42.68774703557312
2023-08-25,토마토,132,-13.0,-8.96551724137931
2023-08-24,토마토,119,-13.0,-9.848484848484848
2023-08-23,토마토,123,4.0,3.361344537815126
2023-08-22,토마토,123,0.0,0.0
2023-08-21,토마토,181,58.0,47.15447154471545
2023-08-19,토마토,108,-73.0,-40.331491712707184
2023-08-18,토마토,124,16.0,14.814814814814813
2023-08-17,토마토,137,13.0,10.483870967741936
2023-08-16,토마토,160,23.0,16.78832116788321
2023-08-15,토마토,204,44.0,27.500000000000004
2023-08-14,토마토,203,-1.0,-0.49019607843137253
2023-08-12,토마토,204,1.0,0.49261083743842365
2023-08-11,토마토,167,-37.0,-18.137254901960784
2023-08-10,토마토,163,-4.0,-2.3952095808383236
2023-08-09,토마토,186,23.0,14.11042944785276
2023-08-08,토마토,173,-13.0,-6.989247311827956
2023-08-07,토마토,271,98.0,56.64739884393064
2023-08-04,토마토,180,-91.0,-33.579335793357934
2023-08-03,토마토,156,-24.0,-13.333333333333334
2023-08-02,토마토,149,-7.0,-4.487179487179487
2023-08-01,토마토,134,-15.0,-10.06711409395973
2023-07-31,토마토,189,55.0,41.04477611940299
2023-07-29,토마토,133,-56.0,-29.629629629629626
2023-07-28,토마토,163,30.0,22.55639097744361
2023-07-27,토마토,144,-19.0,-11.65644171779141
2023-07-26,토마토,174,30.0,20.833333333333336
2023-07-25,토마토,123,-51.0,-29.310344827586203
2023-07-24,토마토,162,39.0,31.70731707317073
2023-07-22,토마토,122,-40.0,-24.691358024691358
2023-07-21,토마토,172,50.0,40.98360655737705
2023-07-20,토마토,133,-39.0,-22.674418604651162
2023-07-19,토마토,151,18.0,13.533834586466165
2023-07-18,토마토,185,34.0,22.516556291390728
2023-07-17,토마토,193,8.0,4.324324324324325
2023-07-15,토마토,155,-38.0,-19.689119170984455
2023-07-14,토마토,132,-23.0,-14.838709677419354
2023-07-13,토마토,134,2.0,1.5151515151515151
2023-07-12,토마토,128,-6.0,-4.477611940298507
2023-07-11,토마토,123,-5.0,-3.90625
2023-07-10,토마토,178,55.0,44.71544715447154
2023-07-08,토마토,153,-25.0,-14.04494382022472
2023-07-07,토마토,162,9.0,5.88235294117647
2023-07-06,토마토,133,-29.0,-17.901234567901234
2023-07-05,토마토,120,-13.0,-9.774436090225564
2023-07-04,토마토,118,-2.0,-1.6666666666666667
2023-07-03,토마토,182,64.0,54.23728813559322
2023-07-01,토마토,130,-52.0,-28.57142857142857
2023-06-30,토마토,159,29.0,22.30769230769231
2023-06-29,토마토,126,-33.0,-20.754716981132077
2023-06-28,토마토,153,27.0,21.428571428571427
2023-06-27,토마토,152,-1.0,-0.6535947712418301
2023-06-26,토마토,243,91.0,59.86842105263158
2023-06-24,토마토,160,-83.0,-34.15637860082305
2023-06-23,토마토,177,17.0,10.625
2023-06-22,토마토,124,-53.0,-29.943502824858758
2023-06-21,토마토,125,1.0,0.8064516129032258
2023-06-20,토마토,150,25.0,20.0
2023-06-19,토마토,232,82.0,54.666666666666664
2023-06-17,토마토,141,-91.0,-39.224137931034484
2023-06-16,토마토,208,67.0,47.5177304964539
2023-06-15,토마토,133,-75.0,-36.05769230769231
2023-06-14,토마토,122,-11.0,-8.270676691729323
2023-06-13,토마토,149,27.0,22.131147540983605
2023-06-12,토마토,195,46.0,30.87248322147651
2023-06-10,토마토,127,-68.0,-34.87179487179487
2023-06-09,토마토,167,40.0,31.496062992125985
2023-06-08,토마토,165,-2.0,-1.1976047904191618
2023-06-07,토마토,139,-26.0,-15.757575757575756
2023-06-06,토마토,173,34.0,24.46043165467626
2023-06-05,토마토,247,74.0,42.77456647398844
2023-06-03,토마토,131,-116.0,-46.963562753036435
2023-06-02,토마토,145,14.0,10.687022900763358
2023-06-01,토마토,103,-42.0,-28.965517241379313
2023-05-31,토마토,268,165.0,160.19417475728156
2023-05-30,토마토,238,-30.0,-11.194029850746269
2023-05-29,토마토,361,123.0,51.68067226890757
2023-05-27,토마토,288,-73.0,-20.221606648199447
2023-05-26,토마토,392,104.0,36.11111111111111
2023-05-25,토마토,280,-112.0,-28.57142857142857
2023-05-24,토마토,355,75.0,26.785714285714285
2023-05-23,토마토,305,-50.0,-14.084507042253522
2023-05-22,토마토,406,101.0,33.114754098360656
2023-05-20,토마토,262,-144.0,-35.467980295566505
2023-05-19,토마토,315,53.0,20.229007633587788
2023-05-18,토마토,232,-83.0,-26.34920634920635
2023-05-17,토마토,300,68.0,29.310344827586203
2023-05-16,토마토,248,-52.0,-17.333333333333336
2023-05-15,토마토,349,101.0,40.725806451612904
2023-05-13,토마토,245,-104.0,-29.799426934097422
2023-05-12,토마토,313,68.0,27.755102040816325
2023-05-11,토마토,210,-103.0,-32.9073482428115
2023-05-10,토마토,256,46.0,21.904761904761905
2023-05-09,토마토,220,-36.0,-14.0625
2023-05-08,토마토,304,84.0,38.18181818181819
2023-05-06,토마토,169,-135.0,-44.40789473684211
2023-05-05,토마토,322,153.0,90.53254437869822
2023-05-04,토마토,236,-86.0,-26.70807453416149
2023-05-03,토마토,231,-5.0,-2.11864406779661
2023-05-02,토마토,201,-30.0,-12.987012987012985
2023-05-01,토마토,376,175.0,87.06467661691542
2023-04-29,토마토,194,-182.0,-48.40425531914894
2023-04-28,토마토,309,115.0,59.27835051546392
2023-04-27,토마토,212,-97.0,-31.3915857605178
2023-04-26,토마토,242,30.0,14.150943396226415
2023-04-25,토마토,234,-8.0,-3.3057851239669422
2023-04-24,토마토,402,168.0,71.7948717948718
2023-04-22,토마토,211,-191.0,-47.51243781094527
2023-04-21,토마토,293,82.0,38.862559241706165
2023-04-20,토마토,182,-111.0,-37.883959044368595
2023-04-19,토마토,196,14.0,7.6923076923076925
2023-04-18,토마토,195,-1.0,-0.5102040816326531
2023-04-17,토마토,329,134.0,68.71794871794872
2023-04-15,토마토,194,-135.0,-41.03343465045592
2023-04-14,토마토,285,91.0,46.90721649484536
2023-04-13,토마토,223,-62.0,-21.75438596491228
2023-04-12,토마토,253,30.0,13.452914798206278
2023-04-11,토마토,218,-35.0,-13.83399209486166
2023-04-10,토마토,314,96.0,44.03669724770643
2023-04-08,토마토,238,-76.0,-24.203821656050955
2023-04-07,토마토,287,49.0,20.588235294117645
2023-04-06,토마토,178,-109.0,-37.97909407665505
2023-04-05,토마토,246,68.0,38.20224719101123
2023-04-04,토마토,202,-44.0,-17.88617886178862
2023-04-03,토마토,312,110.0,54.45544554455446
2023-04-01,토마토,208,-104.0,-33.33333333333333
2023-03-31,토마토,258,50.0,24.03846153846154
2023-03-30,토마토,167,-91.0,-35.27131782945737
2023-03-29,토마토,168,1.0,0.5988023952095809
2023-03-28,토마토,158,-10.0,-5.952380952380952
2023-03-27,토마토,267,109.0,68.9873417721519
2023-03-25,토마토,172,-95.0,-35.580524344569284
2023-03-24,토마토,224,52.0,30.23255813953488
2023-03-23,토마토,149,-75.0,-33.482142857142854
2023-03-22,토마토,199,50.0,33.557046979865774
2023-03-21,토마토,186,-13.0,-6.532663316582915
2023-03-20,토마토,275,89.0,47.8494623655914
2023-03-18,토마토,177,-98.0,-35.63636363636364
2023-03-17,토마토,226,49.0,27.683615819209038
2023-03-16,토마토,148,-78.0,-34.51327433628318
2023-03-15,토마토,189,41.0,27.7027027027027
2023-03-14,토마토,160,-29.0,-15.343915343915343
2023-03-13,토마토,277,117.0,73.125
2023-03-11,토마토,192,-85.0,-30.685920577617328
2023-03-10,토마토,261,69.0,35.9375
2023-03-09,토마토,171,-90.0,-34.48275862068966
2023-03-08,토마토,179,8.0,4.678362573099415
2023-03-07,토마토,200,21.0,11.731843575418994
2023-03-06,토마토,265,65.0,32.5
2023-03-04,토마토,165,-100.0,-37.735849056603776
2023-03-03,토마토,226,61.0,36.96969696969697
2023-03-02,토마토,143,-83.0,-36.72566371681416
2023-03-01,토마토,170,27.0,18.88111888111888
2023-02-28,토마토,163,-7.0,-4.117647058823529
2023-02-27,토마토,229,66.0,40.49079754601227
2023-02-25,토마토,148,-81.0,-35.37117903930131
2023-02-24,토마토,218,70.0,47.2972972972973
2023-02-23,토마토,132,-86.0,-39.44954128440367
2023-02-22,토마토,154,22.0,16.666666666666664
2023-02-21,토마토,137,-17.0,-11.03896103896104
2023-02-20,토마토,208,71.0,51.82481751824818
2023-02-18,토마토,113,-95.0,-45.67307692307692
2023-02-17,토마토,171,58.0,51.32743362831859
2023-02-16,토마토,119,-52.0,-30.409356725146196
2023-02-15,토마토,142,23.0,19.327731092436977
2023-02-14,토마토,146,4.0,2.8169014084507045
2023-02-13,토마토,198,52.0,35.61643835616438
2023-02-11,토마토,129,-69.0,-34.84848484848485
2023-02-10,토마토,218,89.0,68.9922480620155
2023-02-09,토마토,150,-68.0,-31.19266055045872
2023-02-08,토마토,152,2.0,1.3333333333333335
2023-02-07,토마토,119,-33.0,-21.710526315789476
2023-02-06,토마토,208,89.0,74.78991596638656
2023-02-04,토마토,128,-80.0,-38.46153846153847
2023-02-03,토마토,215,87.0,67.96875
2023-02-02,토마토,105,-110.0,-51.162790697674424
2023-02-01,토마토,133,28.0,26.666666666666668
2023-01-31,토마토,114,-19.0,-14.285714285714285
2023-01-30,토마토,201,87.0,76.31578947368422
2023-01-28,토마토,128,-73.0,-36.318407960199
2023-01-27,토마토,203,75.0,58.59375
2023-01-26,토마토,170,-33.0,-16.25615763546798
2023-01-25,토마토,182,12.0,7.0588235294117645
2023-01-21,토마토,55,-127.0,-69.78021978021978
2023-01-20,토마토,221,166.0,301.8181818181818
2023-01-19,토마토,106,-115.0,-52.03619909502263
2023-01-18,토마토,148,42.0,39.62264150943396
2023-01-17,토마토,101,-47.0,-31.756756756756754
2023-01-16,토마토,193,92.0,91.0891089108911
2023-01-14,토마토,155,-38.0,-19.689119170984455
2023-01-13,토마토,209,54.0,34.83870967741935
2023-01-12,토마토,88,-121.0,-57.89473684210527
2023-01-11,토마토,150,62.0,70.45454545454545
2023-01-10,토마토,133,-17.0,-11.333333333333332
2023-01-09,토마토,152,19.0,14.285714285714285
2023-01-07,토마토,125,-27.0,-17.763157894736842
2023-01-06,토마토,178,53.0,42.4
2023-01-05,토마토,107,-71.0,-39.8876404494382
2023-01-04,토마토,218,111.0,103.73831775700934
2023-01-03,토마토,207,-11.0,-5.045871559633028
2022-12-31,토마토,122,-85.0,-41.06280193236715
2022-12-30,토마토,219,97.0,79.50819672131148
2022-12-29,토마토,111,-108.0,-49.31506849315068
2022-12-28,토마토,191,80.0,72.07207207207207
2022-12-27,토마토,118,-73.0,-38.21989528795812
2022-12-26,토마토,144,26.0,22.033898305084744
2022-12-24,토마토,103,-41.0,-28.47222222222222
2022-12-23,토마토,201,98.0,95.14563106796116
2022-12-22,토마토,124,-77.0,-38.308457711442784
2022-12-21,토마토,167,43.0,34.67741935483871
2022-12-20,토마토,133,-34.0,-20.35928143712575
2022-12-19,토마토,172,39.0,29.32330827067669
2022-12-17,토마토,137,-35.0,-20.348837209302324
2022-12-16,토마토,179,42.0,30.656934306569344
2022-12-15,토마토,139,-40.0,-22.3463687150838
2022-12-14,토마토,164,25.0,17.985611510791365
2022-12-13,토마토,145,-19.0,-11.585365853658537
2022-12-12,토마토,238,93.0,64.13793103448275
2022-12-10,토마토,139,-99.0,-41.596638655462186
2022-12-09,토마토,202,63.0,45.32374100719424
2022-12-08,토마토,118,-84.0,-41.584158415841586
2022-12-07,토마토,169,51.0,43.22033898305085
2022-12-06,토마토,133,-36.0,-21.301775147928996
2022-12-05,토마토,192,59.0,44.3609022556391
2022-12-03,토마토,137,-55.0,-28.645833333333332
2022-12-02,토마토,209,72.0,52.55474452554745
2022-12-01,토마토,132,-77.0,-36.84210526315789
2022-11-30,토마토,151,19.0,14.393939393939394
2022-11-29,토마토,192,41.0,27.1523178807947
2022-11-28,토마토,240,48.0,25.0
2022-11-26,토마토,159,-81.0,-33.75
2022-11-25,토마토,229,70.0,44.0251572327044
2022-11-24,토마토,176,-53.0,-23.144104803493452
2022-11-23,토마토,190,14.0,7.954545454545454
2022-11-22,토마토,197,7.0,3.684210526315789
2022-11-21,토마토,221,24.0,12.18274111675127
2022-11-19,토마토,170,-51.0,-23.076923076923077
2022-11-18,토마토,191,21.0,12.352941176470589
2022-11-17,토마토,141,-50.0,-26.17801047120419
2022-11-16,토마토,149,8.0,5.673758865248227
2022-11-15,토마토,152,3.0,2.013422818791946
2022-11-14,토마토,188,36.0,23.684210526315788
2022-11-12,토마토,157,-31.0,-16.48936170212766
2022-11-11,토마토,160,3.0,1.910828025477707
2022-11-10,토마토,129,-31.0,-19.375
2022-11-09,토마토,172,43.0,33.33333333333333
2022-11-08,토마토,150,-22.0,-12.790697674418606
2022-11-07,토마토,182,32.0,21.333333333333336
2022-11-05,토마토,159,-23.0,-12.637362637362637
2022-11-04,토마토,189,30.0,18.867924528301888
2022-11-03,토마토,159,-30.0,-15.873015873015872
2022-11-02,토마토,199,40.0,25.157232704402517
2022-11-01,토마토,178,-21.0,-10.552763819095476
2022-10-31,토마토,228,50.0,28.08988764044944
2022-10-29,토마토,164,-64.0,-28.07017543859649
2022-10-28,토마토,191,27.0,16.463414634146343
2022-10-27,토마토,154,-37.0,-19.3717277486911
2022-10-26,토마토,176,22.0,14.285714285714285
2022-10-25,토마토,152,-24.0,-13.636363636363635
2022-10-24,토마토,211,59.0,38.81578947368421
2022-10-22,토마토,173,-38.0,-18.009478672985782
2022-10-21,토마토,191,18.0,10.404624277456648
2022-10-20,토마토,119,-72.0,-37.696335078534034
2022-10-19,토마토,169,50.0,42.016806722689076
2022-10-18,토마토,141,-28.0,-16.56804733727811
2022-10-17,토마토,193,52.0,36.87943262411347
2022-10-15,토마토,136,-57.0,-29.533678756476682
2022-10-14,토마토,175,39.0,28.676470588235293
2022-10-13,토마토,112,-63.0,-36.0
2022-10-12,토마토,161,49.0,43.75
2022-10-11,토마토,176,15.0,9.316770186335404
2022-10-10,토마토,236,60.0,34.090909090909086
2022-10-08,토마토,190,-46.0,-19.491525423728813
2022-10-07,토마토,178,-12.0,-6.315789473684211
2022-10-06,토마토,132,-46.0,-25.842696629213485
2022-10-05,토마토,145,13.0,9.848484848484848
2022-10-04,토마토,144,-1.0,-0.6896551724137931
2022-10-03,토마토,183,39.0,27.083333333333332
2022-10-01,토마토,158,-25.0,-13.661202185792352
2022-09-30,토마토,162,4.0,2.5316455696202533
2022-09-29,토마토,141,-21.0,-12.962962962962962
2022-09-28,토마토,142,1.0,0.7092198581560284
2022-09-27,토마토,169,27.0,19.014084507042252
2022-09-26,토마토,234,65.0,38.46153846153847
2022-09-24,토마토,190,-44.0,-18.803418803418804
2022-09-23,토마토,197,7.0,3.684210526315789
2022-09-22,토마토,156,-41.0,-20.812182741116754
2022-09-21,토마토,191,35.0,22.435897435897438
2022-09-20,토마토,193,2.0,1.0471204188481675
2022-09-19,토마토,246,53.0,27.461139896373055
2022-09-17,토마토,222,-24.0,-9.75609756097561
2022-09-16,토마토,212,-10.0,-4.504504504504505
2022-09-15,토마토,198,-14.0,-6.60377358490566
2022-09-14,토마토,233,35.0,17.67676767676768
2022-09-13,토마토,250,17.0,7.296137339055794
2022-09-09,토마토,183,-67.0,-26.8
2022-09-08,토마토,187,4.0,2.185792349726776
2022-09-07,토마토,152,-35.0,-18.71657754010695
2022-09-06,토마토,161,9.0,5.921052631578947
2022-09-05,토마토,232,71.0,44.099378881987576
2022-09-03,토마토,158,-74.0,-31.896551724137932
2022-09-02,토마토,128,-30.0,-18.9873417721519
2022-09-01,토마토,141,13.0,10.15625
2022-08-31,토마토,146,5.0,3.546099290780142
2022-08-30,토마토,175,29.0,19.863013698630137
2022-08-29,토마토,241,66.0,37.714285714285715
2022-08-27,토마토,170,-71.0,-29.460580912863072
2022-08-26,토마토,164,-6.0,-3.5294117647058822
2022-08-25,토마토,131,-33.0,-20.121951219512198
2022-08-24,토마토,170,39.0,29.770992366412212
2022-08-23,토마토,166,-4.0,-2.3529411764705883
2022-08-22,토마토,217,51.0,30.72289156626506
2022-08-20,토마토,180,-37.0,-17.050691244239633
2022-08-19,토마토,167,-13.0,-7.222222222222221
2022-08-18,토마토,208,41.0,24.550898203592812
2022-08-17,토마토,207,-1.0,-0.4807692307692308
2022-08-16,토마토,197,-10.0,-4.830917874396135
2022-08-15,토마토,283,86.0,43.65482233502538
2022-08-13,토마토,253,-30.0,-10.60070671378092
2022-08-12,토마토,187,-66.0,-26.08695652173913
2022-08-11,토마토,173,-14.0,-7.4866310160427805
2022-08-10,토마토,151,-22.0,-12.716763005780345
2022-08-09,토마토,167,16.0,10.596026490066226
2022-08-08,토마토,261,94.0,56.287425149700596
2022-08-05,토마토,192,-69.0,-26.436781609195403
2022-08-04,토마토,184,-8.0,-4.166666666666666
2022-08-03,토마토,197,13.0,7.065217391304348
2022-08-02,토마토,165,-32.0,-16.243654822335024
2022-08-01,토마토,209,44.0,26.666666666666668
2022-07-30,토마토,180,-29.0,-13.875598086124402
2022-07-29,토마토,141,-39.0,-21.666666666666668
2022-07-28,토마토,124,-17.0,-12.056737588652481
2022-07-27,토마토,182,58.0,46.774193548387096
2022-07-26,토마토,163,-19.0,-10.43956043956044
2022-07-25,토마토,240,77.0,47.239263803680984
2022-07-23,토마토,196,-44.0,-18.333333333333332
2022-07-22,토마토,150,-46.0,-23.46938775510204
2022-07-21,토마토,164,14.0,9.333333333333334
2022-07-20,토마토,160,-4.0,-2.4390243902439024
2022-07-19,토마토,159,-1.0,-0.625
2022-07-18,토마토,211,52.0,32.70440251572327
2022-07-16,토마토,224,13.0,6.161137440758294
2022-07-15,토마토,181,-43.0,-19.196428571428573
2022-07-14,토마토,195,14.0,7.734806629834254
2022-07-13,토마토,237,42.0,21.53846153846154
2022-07-12,토마토,193,-44.0,-18.565400843881857
2022-07-11,토마토,304,111.0,57.51295336787565
2022-07-09,토마토,217,-87.0,-28.618421052631575
2022-07-08,토마토,227,10.0,4.6082949308755765
2022-07-07,토마토,216,-11.0,-4.845814977973569
2022-07-06,토마토,235,19.0,8.796296296296296
2022-07-05,토마토,226,-9.0,-3.829787234042553
2022-07-04,토마토,273,47.0,20.79646017699115
2022-07-02,토마토,247,-26.0,-9.523809523809524
2022-07-01,토마토,279,32.0,12.955465587044534
2022-06-30,토마토,244,-35.0,-12.544802867383511
2022-06-29,토마토,339,95.0,38.9344262295082
2022-06-28,토마토,329,-10.0,-2.949852507374631
2022-06-27,토마토,426,97.0,29.48328267477204
2022-06-25,토마토,323,-103.0,-24.178403755868544
2022-06-24,토마토,286,-37.0,-11.455108359133128
2022-06-23,토마토,277,-9.0,-3.146853146853147
2022-06-22,토마토,328,51.0,18.4115523465704
2022-06-21,토마토,319,-9.0,-2.7439024390243905
2022-06-20,토마토,404,85.0,26.64576802507837
2022-06-18,토마토,297,-107.0,-26.48514851485149
2022-06-17,토마토,276,-21.0,-7.07070707070707
2022-06-16,토마토,277,1.0,0.36231884057971014
2022-06-15,토마토,261,-16.0,-5.776173285198556
2022-06-14,토마토,289,28.0,10.727969348659004
2022-06-13,토마토,423,134.0,46.36678200692042
2022-06-11,토마토,318,-105.0,-24.822695035460992
2022-06-10,토마토,324,6.0,1.8867924528301887
2022-06-09,토마토,290,-34.0,-10.493827160493826
2022-06-08,토마토,300,10.0,3.4482758620689653
2022-06-07,토마토,272,-28.0,-9.333333333333334
2022-06-06,토마토,369,97.0,35.661764705882355
2022-06-04,토마토,292,-77.0,-20.867208672086722
2022-06-03,토마토,317,25.0,8.561643835616438
2022-06-02,토마토,272,-45.0,-14.195583596214512
2022-06-01,토마토,332,60.0,22.058823529411764
2022-05-31,토마토,308,-24.0,-7.228915662650602
2022-05-30,토마토,392,84.0,27.27272727272727
2022-05-28,토마토,278,-114.0,-29.081632653061224
2022-05-27,토마토,328,50.0,17.985611510791365
2022-05-26,토마토,240,-88.0,-26.82926829268293
2022-05-25,토마토,309,69.0,28.749999999999996
2022-05-24,토마토,318,9.0,2.912621359223301
2022-05-23,토마토,383,65.0,20.440251572327046
2022-05-21,토마토,302,-81.0,-21.148825065274153
2022-05-20,토마토,373,71.0,23.509933774834437
2022-05-19,토마토,296,-77.0,-20.64343163538874
2022-05-18,토마토,332,36.0,12.162162162162163
2022-05-17,토마토,317,-15.0,-4.518072289156627
2022-05-16,토마토,429,112.0,35.33123028391167
2022-05-14,토마토,274,-155.0,-36.13053613053613
2022-05-13,토마토,284,10.0,3.64963503649635
2022-05-12,토마토,228,-56.0,-19.718309859154928
2022-05-11,토마토,235,7.0,3.070175438596491
2022-05-10,토마토,244,9.0,3.829787234042553
2022-05-09,토마토,315,71.0,29.098360655737704
2022-05-07,토마토,224,-91.0,-28.888888888888886
2022-05-06,토마토,284,60.0,26.785714285714285
2022-05-05,토마토,253,-31.0,-10.915492957746478
2022-05-04,토마토,275,22.0,8.695652173913043
2022-05-03,토마토,266,-9.0,-3.272727272727273
2022-05-02,토마토,350,84.0,31.57894736842105
2022-04-30,토마토,255,-95.0,-27.142857142857142
2022-04-29,토마토,275,20.0,7.8431372549019605
2022-04-28,토마토,258,-17.0,-6.181818181818182
2022-04-27,토마토,222,-36.0,-13.953488372093023
2022-04-26,토마토,282,60.0,27.027027027027028
2022-04-25,토마토,320,38.0,13.47517730496454
2022-04-23,토마토,237,-83.0,-25.937500000000004
2022-04-22,토마토,303,66.0,27.848101265822784
2022-04-21,토마토,245,-58.0,-19.141914191419144
2022-04-20,토마토,267,22.0,8.979591836734693
2022-04-19,토마토,282,15.0,5.617977528089887
2022-04-18,토마토,359,77.0,27.30496453900709
2022-04-16,토마토,249,-110.0,-30.64066852367688
2022-04-15,토마토,288,39.0,15.66265060240964
2022-04-14,토마토,241,-47.0,-16.319444444444446
2022-04-13,토마토,275,34.0,14.107883817427386
2022-04-12,토마토,294,19.0,6.909090909090909
2022-04-11,토마토,373,79.0,26.87074829931973
2022-04-09,토마토,241,-132.0,-35.388739946380696
2022-04-08,토마토,303,62.0,25.72614107883817
2022-04-07,토마토,217,-86.0,-28.38283828382838
2022-04-06,토마토,254,37.0,17.050691244239633
2022-04-05,토마토,225,-29.0,-11.41732283464567
2022-04-04,토마토,331,106.0,47.11111111111111
2022-04-02,토마토,211,-120.0,-36.25377643504532
2022-04-01,토마토,278,67.0,31.753554502369667
2022-03-31,토마토,174,-104.0,-37.410071942446045
2022-03-30,토마토,208,34.0,19.54022988505747
2022-03-29,토마토,199,-9.0,-4.326923076923077
2022-03-28,토마토,300,101.0,50.753768844221106
2022-03-26,토마토,172,-128.0,-42.66666666666667
2022-03-25,토마토,229,57.0,33.13953488372093
2022-03-24,토마토,163,-66.0,-28.82096069868996
2022-03-23,토마토,173,10.0,6.134969325153374
2022-03-22,토마토,160,-13.0,-7.514450867052023
2022-03-21,토마토,262,102.0,63.74999999999999
2022-03-19,토마토,162,-100.0,-38.16793893129771
2022-03-18,토마토,247,85.0,52.46913580246913
2022-03-17,토마토,175,-72.0,-29.1497975708502
2022-03-16,토마토,189,14.0,8.0
2022-03-15,토마토,164,-25.0,-13.227513227513226
2022-03-14,토마토,285,121.0,73.78048780487805
2022-03-12,토마토,168,-117.0,-41.05263157894737
2022-03-11,토마토,252,84.0,50.0
2022-03-10,토마토,156,-96.0,-38.095238095238095
2022-03-09,토마토,163,7.0,4.487179487179487
2022-03-08,토마토,194,31.0,19.018404907975462
2022-03-07,토마토,262,68.0,35.051546391752574
2022-03-05,토마토,152,-110.0,-41.98473282442748
2022-03-04,토마토,206,54.0,35.526315789473685
2022-03-03,토마토,148,-58.0,-28.155339805825243
2022-03-02,토마토,154,6.0,4.054054054054054
2022-03-01,토마토,143,-11.0,-7.142857142857142
2022-02-28,토마토,250,107.0,74.82517482517483
2022-02-26,토마토,129,-121.0,-48.4
2022-02-25,토마토,170,41.0,31.782945736434108
2022-02-24,토마토,161,-9.0,-5.294117647058823
2022-02-23,토마토,146,-15.0,-9.316770186335404
2022-02-22,토마토,126,-20.0,-13.698630136986301
2022-02-21,토마토,237,111.0,88.09523809523809
2022-02-19,토마토,126,-111.0,-46.835443037974684
2022-02-18,토마토,170,44.0,34.92063492063492
2022-02-17,토마토,143,-27.0,-15.88235294117647
2022-02-16,토마토,145,2.0,1.3986013986013985
2022-02-15,토마토,134,-11.0,-7.586206896551724
2022-02-14,토마토,195,61.0,45.52238805970149
2022-02-12,토마토,128,-67.0,-34.35897435897436
2022-02-11,토마토,178,50.0,39.0625
2022-02-10,토마토,123,-55.0,-30.89887640449438
2022-02-09,토마토,124,1.0,0.8130081300813009
2022-02-08,토마토,145,21.0,16.93548387096774
2022-02-07,토마토,196,51.0,35.172413793103445
2022-02-05,토마토,206,10.0,5.1020408163265305
2022-02-04,토마토,376,170.0,82.52427184466019
2022-01-30,토마토,62,-314.0,-83.51063829787235
2022-01-29,토마토,157,95.0,153.2258064516129
2022-01-28,토마토,170,13.0,8.280254777070063
2022-01-27,토마토,107,-63.0,-37.05882352941177
2022-01-26,토마토,124,17.0,15.887850467289718
2022-01-25,토마토,109,-15.0,-12.096774193548388
2022-01-24,토마토,170,61.0,55.96330275229357
2022-01-22,토마토,88,-82.0,-48.23529411764706
2022-01-21,토마토,147,59.0,67.04545454545455
2022-01-20,토마토,114,-33.0,-22.448979591836736
2022-01-19,토마토,132,18.0,15.789473684210526
2022-01-18,토마토,94,-38.0,-28.78787878787879
2022-01-17,토마토,171,77.0,81.91489361702128
2022-01-15,토마토,86,-85.0,-49.707602339181285
2022-01-14,토마토,161,75.0,87.20930232558139
2022-01-13,토마토,98,-63.0,-39.130434782608695
2022-01-12,토마토,124,26.0,26.53061224489796
2022-01-11,토마토,112,-12.0,-9.67741935483871
2022-01-10,토마토,172,60.0,53.57142857142857
2022-01-08,토마토,132,-40.0,-23.25581395348837
2022-01-07,토마토,144,12.0,9.090909090909092
2022-01-06,토마토,109,-35.0,-24.305555555555554
2022-01-05,토마토,170,61.0,55.96330275229357
2022-01-04,토마토,136,-34.0,-20.0
2022-01-03,토마토,163,27.0,19.852941176470587
2021-12-31,토마토,175,12.0,7.361963190184049
2021-12-30,토마토,160,-15.0,-8.571428571428571
2021-12-29,토마토,136,-24.0,-15.0
2021-12-28,토마토,119,-17.0,-12.5
2021-12-27,토마토,145,26.0,21.84873949579832
2021-12-25,토마토,131,-14.0,-9.655172413793103
2021-12-24,토마토,202,71.0,54.19847328244275
2021-12-23,토마토,109,-93.0,-46.03960396039604
2021-12-22,토마토,122,13.0,11.926605504587156
2021-12-21,토마토,137,15.0,12.295081967213115
2021-12-20,토마토,151,14.0,10.218978102189782
2021-12-18,토마토,106,-45.0,-29.80132450331126
2021-12-17,토마토,170,64.0,60.37735849056604
2021-12-16,토마토,89,-81.0,-47.647058823529406
2021-12-15,토마토,138,49.0,55.0561797752809
2021-12-14,토마토,121,-17.0,-12.318840579710146
2021-12-13,토마토,144,23.0,19.00826446280992
2021-12-11,토마토,137,-7.0,-4.861111111111112
2021-12-10,토마토,154,17.0,12.408759124087592
2021-12-09,토마토,123,-31.0,-20.12987012987013
2021-12-08,토마토,150,27.0,21.951219512195124
2021-12-07,토마토,110,-40.0,-26.666666666666668
2021-12-06,토마토,141,31.0,28.18181818181818
2021-12-04,토마토,162,21.0,14.893617021276595
2021-12-03,토마토,153,-9.0,-5.555555555555555
2021-12-02,토마토,112,-41.0,-26.797385620915033
2021-12-01,토마토,143,31.0,27.67857142857143
2021-11-30,토마토,154,11.0,7.6923076923076925
2021-11-29,토마토,174,20.0,12.987012987012985
2021-11-27,토마토,170,-4.0,-2.2988505747126435
2021-11-26,토마토,178,8.0,4.705882352941177
2021-11-25,토마토,104,-74.0,-41.57303370786517
2021-11-24,토마토,121,17.0,16.346153846153847
2021-11-23,토마토,123,2.0,1.6528925619834711
2021-11-22,토마토,179,56.0,45.52845528455284
2021-11-20,토마토,153,-26.0,-14.52513966480447
2021-11-19,토마토,160,7.0,4.57516339869281
2021-11-18,토마토,135,-25.0,-15.625
2021-11-17,토마토,107,-28.0,-20.74074074074074
2021-11-16,토마토,129,22.0,20.5607476635514
2021-11-15,토마토,147,18.0,13.953488372093023
2021-11-13,토마토,114,-33.0,-22.448979591836736
2021-11-12,토마토,166,52.0,45.614035087719294
2021-11-11,토마토,114,-52.0,-31.32530120481928
2021-11-10,토마토,150,36.0,31.57894736842105
2021-11-09,토마토,167,17.0,11.333333333333332
2021-11-08,토마토,181,14.0,8.383233532934131
2021-11-06,토마토,161,-20.0,-11.049723756906078
2021-11-05,토마토,182,21.0,13.043478260869565
2021-11-04,토마토,125,-57.0,-31.318681318681318
2021-11-03,토마토,148,23.0,18.4
2021-11-02,토마토,164,16.0,10.81081081081081
2021-11-01,토마토,180,16.0,9.75609756097561
2021-10-30,토마토,193,13.0,7.222222222222221
2021-10-29,토마토,207,14.0,7.253886010362693
2021-10-28,토마토,139,-68.0,-32.850241545893724
2021-10-27,토마토,173,34.0,24.46043165467626
2021-10-26,토마토,166,-7.0,-4.046242774566474
2021-10-25,토마토,201,35.0,21.084337349397593
2021-10-23,토마토,164,-37.0,-18.407960199004975
2021-10-22,토마토,180,16.0,9.75609756097561
2021-10-21,토마토,169,-11.0,-6.111111111111111
2021-10-20,토마토,178,9.0,5.325443786982249
2021-10-19,토마토,205,27.0,15.168539325842698
2021-10-18,토마토,274,69.0,33.65853658536586
2021-10-16,토마토,273,-1.0,-0.36496350364963503
2021-10-15,토마토,250,-23.0,-8.424908424908425
2021-10-14,토마토,176,-74.0,-29.599999999999998
2021-10-13,토마토,222,46.0,26.136363636363637
2021-10-12,토마토,244,22.0,9.90990990990991
2021-10-11,토마토,275,31.0,12.704918032786885
2021-10-09,토마토,216,-59.0,-21.454545454545453
2021-10-08,토마토,227,11.0,5.092592592592593
2021-10-07,토마토,174,-53.0,-23.348017621145374
2021-10-06,토마토,187,13.0,7.471264367816093
2021-10-05,토마토,213,26.0,13.903743315508022
2021-10-04,토마토,231,18.0,8.450704225352112
2021-10-02,토마토,216,-15.0,-6.493506493506493
2021-10-01,토마토,215,-1.0,-0.4629629629629629
2021-09-30,토마토,177,-38.0,-17.674418604651162
2021-09-29,토마토,182,5.0,2.824858757062147
2021-09-28,토마토,256,74.0,40.65934065934066
2021-09-27,토마토,258,2.0,0.78125
2021-09-25,토마토,330,72.0,27.906976744186046
2021-09-24,토마토,419,89.0,26.969696969696972
2021-09-18,토마토,233,-186.0,-44.39140811455847
2021-09-17,토마토,168,-65.0,-27.896995708154503
2021-09-16,토마토,156,-12.0,-7.142857142857142
2021-09-15,토마토,152,-4.0,-2.564102564102564
2021-09-14,토마토,173,21.0,13.815789473684212
2021-09-13,토마토,231,58.0,33.52601156069364
2021-09-11,토마토,195,-36.0,-15.584415584415584
2021-09-10,토마토,163,-32.0,-16.41025641025641
2021-09-09,토마토,168,5.0,3.067484662576687
2021-09-08,토마토,217,49.0,29.166666666666668
2021-09-07,토마토,230,13.0,5.990783410138248
2021-09-06,토마토,280,50.0,21.73913043478261
2021-09-04,토마토,268,-12.0,-4.285714285714286
2021-09-03,토마토,189,-79.0,-29.47761194029851
2021-09-02,토마토,169,-20.0,-10.582010582010582
2021-09-01,토마토,172,3.0,1.7751479289940828
2021-08-31,토마토,231,59.0,34.30232558139535
2021-08-30,토마토,252,21.0,9.090909090909092
2021-08-28,토마토,222,-30.0,-11.904761904761903
2021-08-27,토마토,169,-53.0,-23.873873873873876
2021-08-26,토마토,162,-7.0,-4.142011834319527
2021-08-25,토마토,145,-17.0,-10.493827160493826
2021-08-24,토마토,150,5.0,3.4482758620689653
2021-08-23,토마토,226,76.0,50.66666666666667
2021-08-21,토마토,219,-7.0,-3.0973451327433628
2021-08-20,토마토,175,-44.0,-20.091324200913242
2021-08-19,토마토,188,13.0,7.428571428571429
2021-08-18,토마토,200,12.0,6.382978723404255
2021-08-17,토마토,191,-9.0,-4.5
2021-08-16,토마토,254,63.0,32.98429319371728
2021-08-14,토마토,274,20.0,7.874015748031496
2021-08-13,토마토,234,-40.0,-14.5985401459854
2021-08-12,토마토,186,-48.0,-20.51282051282051
2021-08-11,토마토,227,41.0,22.043010752688172
2021-08-10,토마토,237,10.0,4.405286343612335
2021-08-09,토마토,341,104.0,43.88185654008439
2021-08-06,토마토,299,-42.0,-12.316715542521994
2021-08-05,토마토,229,-70.0,-23.411371237458194
2021-08-04,토마토,231,2.0,0.8733624454148471
2021-08-03,토마토,236,5.0,2.1645021645021645
2021-08-02,토마토,294,58.0,24.576271186440678
2021-07-31,토마토,272,-22.0,-7.482993197278912
2021-07-30,토마토,230,-42.0,-15.441176470588236
2021-07-29,토마토,187,-43.0,-18.695652173913043
2021-07-28,토마토,211,24.0,12.834224598930483
2021-07-27,토마토,169,-42.0,-19.90521327014218
2021-07-26,토마토,267,98.0,57.98816568047337
2021-07-24,토마토,194,-73.0,-27.340823970037455
2021-07-23,토마토,201,7.0,3.608247422680412
2021-07-22,토마토,220,19.0,9.45273631840796
2021-07-21,토마토,235,15.0,6.8181818181818175
2021-07-20,토마토,219,-16.0,-6.808510638297872
2021-07-19,토마토,260,41.0,18.72146118721461
2021-07-17,토마토,194,-66.0,-25.384615384615383
2021-07-16,토마토,198,4.0,2.0618556701030926
2021-07-15,토마토,210,12.0,6.0606060606060606
2021-07-14,토마토,228,18.0,8.571428571428571
2021-07-13,토마토,237,9.0,3.9473684210526314
2021-07-12,토마토,320,83.0,35.0210970464135
2021-07-10,토마토,272,-48.0,-15.0
2021-07-09,토마토,248,-24.0,-8.823529411764707
2021-07-08,토마토,220,-28.0,-11.29032258064516
2021-07-07,토마토,273,53.0,24.09090909090909
2021-07-06,토마토,254,-19.0,-6.95970695970696
2021-07-05,토마토,273,19.0,7.480314960629922
2021-07-03,토마토,245,-28.0,-10.256410256410255
2021-07-02,토마토,220,-25.0,-10.204081632653061
2021-07-01,토마토,197,-23.0,-10.454545454545453
2021-06-30,토마토,262,65.0,32.99492385786802
2021-06-29,토마토,265,3.0,1.1450381679389312
2021-06-28,토마토,344,79.0,29.81132075471698
2021-06-26,토마토,291,-53.0,-15.406976744186046
2021-06-25,토마토,275,-16.0,-5.498281786941581
2021-06-24,토마토,294,19.0,6.909090909090909
2021-06-23,토마토,297,3.0,1.0204081632653061
2021-06-22,토마토,331,34.0,11.447811447811448
2021-06-21,토마토,437,106.0,32.02416918429003
2021-06-19,토마토,378,-59.0,-13.501144164759726
2021-06-18,토마토,369,-9.0,-2.380952380952381
2021-06-17,토마토,296,-73.0,-19.78319783197832
2021-06-16,토마토,299,3.0,1.0135135135135136
2021-06-15,토마토,313,14.0,4.682274247491638
2021-06-14,토마토,371,58.0,18.53035143769968
2021-06-12,토마토,265,-106.0,-28.57142857142857
2021-06-11,토마토,320,55.0,20.754716981132077
2021-06-10,토마토,296,-24.0,-7.5
2021-06-09,토마토,377,81.0,27.364864864864863
2021-06-08,토마토,334,-43.0,-11.405835543766578
2021-06-07,토마토,433,99.0,29.64071856287425
2021-06-05,토마토,279,-154.0,-35.56581986143187
2021-06-04,토마토,319,40.0,14.336917562724013
2021-06-03,토마토,254,-65.0,-20.37617554858934
2021-06-02,토마토,337,83.0,32.677165354330704
2021-06-01,토마토,341,4.0,1.1869436201780417
2021-05-31,토마토,402,61.0,17.888563049853374
2021-05-29,토마토,291,-111.0,-27.611940298507463
2021-05-28,토마토,343,52.0,17.869415807560138
2021-05-27,토마토,289,-54.0,-15.743440233236154
2021-05-26,토마토,343,54.0,18.685121107266436
2021-05-25,토마토,345,2.0,0.5830903790087464
2021-05-24,토마토,430,85.0,24.637681159420293
2021-05-22,토마토,327,-103.0,-23.953488372093023
2021-05-21,토마토,334,7.0,2.1406727828746175
2021-05-20,토마토,270,-64.0,-19.16167664670659
2021-05-19,토마토,313,43.0,15.925925925925927
2021-05-18,토마토,295,-18.0,-5.7507987220447285
2021-05-17,토마토,385,90.0,30.508474576271187
2021-05-15,토마토,263,-122.0,-31.68831168831169
2021-05-14,토마토,295,32.0,12.167300380228136
2021-05-13,토마토,270,-25.0,-8.47457627118644
2021-05-12,토마토,284,14.0,5.185185185185185
2021-05-11,토마토,289,5.0,1.7605633802816902
2021-05-10,토마토,364,75.0,25.951557093425603
2021-05-08,토마토,249,-115.0,-31.59340659340659
2021-05-07,토마토,307,58.0,23.293172690763054
2021-05-06,토마토,287,-20.0,-6.514657980456026
2021-05-05,토마토,268,-19.0,-6.620209059233449
2021-05-04,토마토,303,35.0,13.059701492537313
2021-05-03,토마토,385,82.0,27.062706270627064
2021-05-01,토마토,283,-102.0,-26.49350649350649
2021-04-30,토마토,314,31.0,10.954063604240282
2021-04-29,토마토,271,-43.0,-13.694267515923567
2021-04-28,토마토,248,-23.0,-8.487084870848708
2021-04-27,토마토,279,31.0,12.5
2021-04-26,토마토,367,88.0,31.54121863799283
2021-04-24,토마토,251,-116.0,-31.607629427792915
2021-04-23,토마토,288,37.0,14.741035856573706
2021-04-22,토마토,282,-6.0,-2.083333333333333
2021-04-21,토마토,228,-54.0,-19.148936170212767
2021-04-20,토마토,264,36.0,15.789473684210526
2021-04-19,토마토,345,81.0,30.681818181818183
2021-04-17,토마토,245,-100.0,-28.985507246376812
2021-04-16,토마토,245,0.0,0.0
2021-04-15,토마토,261,16.0,6.530612244897959
2021-04-14,토마토,192,-69.0,-26.436781609195403
2021-04-13,토마토,241,49.0,25.520833333333332
2021-04-12,토마토,393,152.0,63.07053941908713
2021-04-10,토마토,249,-144.0,-36.6412213740458
2021-04-09,토마토,263,14.0,5.622489959839357
2021-04-08,토마토,212,-51.0,-19.39163498098859
2021-04-07,토마토,196,-16.0,-7.547169811320755
2021-04-06,토마토,224,28.0,14.285714285714285
2021-04-05,토마토,318,94.0,41.964285714285715
2021-04-03,토마토,216,-102.0,-32.075471698113205
2021-04-02,토마토,258,42.0,19.444444444444446
2021-04-01,토마토,229,-29.0,-11.24031007751938
2021-03-31,토마토,210,-19.0,-8.296943231441048
2021-03-30,토마토,200,-10.0,-4.761904761904762
2021-03-29,토마토,309,109.0,54.50000000000001
2021-03-27,토마토,213,-96.0,-31.06796116504854
2021-03-26,토마토,228,15.0,7.042253521126761
2021-03-25,토마토,213,-15.0,-6.578947368421052
2021-03-24,토마토,189,-24.0,-11.267605633802818
2021-03-23,토마토,196,7.0,3.7037037037037033
2021-03-22,토마토,332,136.0,69.38775510204081
2021-03-20,토마토,248,-84.0,-25.301204819277107
2021-03-19,토마토,240,-8.0,-3.225806451612903
2021-03-18,토마토,223,-17.0,-7.083333333333333
2021-03-17,토마토,184,-39.0,-17.48878923766816
2021-03-16,토마토,174,-10.0,-5.434782608695652
2021-03-15,토마토,266,92.0,52.87356321839081
2021-03-13,토마토,192,-74.0,-27.819548872180448
2021-03-12,토마토,206,14.0,7.291666666666667
2021-03-11,토마토,158,-48.0,-23.300970873786408
2021-03-10,토마토,181,23.0,14.556962025316455
2021-03-09,토마토,161,-20.0,-11.049723756906078
2021-03-08,토마토,271,110.0,68.32298136645963
2021-03-06,토마토,168,-103.0,-38.00738007380074
2021-03-05,토마토,157,-11.0,-6.547619047619048
2021-03-04,토마토,153,-4.0,-2.547770700636943
2021-03-03,토마토,150,-3.0,-1.9607843137254901
2021-03-02,토마토,167,17.0,11.333333333333332
2021-03-01,토마토,239,72.0,43.11377245508982
2021-02-27,토마토,166,-73.0,-30.543933054393307
2021-02-26,토마토,206,40.0,24.096385542168676
2021-02-25,토마토,171,-35.0,-16.990291262135923
2021-02-24,토마토,195,24.0,14.035087719298245
2021-02-23,토마토,190,-5.0,-2.564102564102564
2021-02-22,토마토,243,53.0,27.89473684210526
2021-02-20,토마토,164,-79.0,-32.510288065843625
2021-02-19,토마토,182,18.0,10.975609756097562
2021-02-18,토마토,148,-34.0,-18.681318681318682
2021-02-17,토마토,176,28.0,18.91891891891892
2021-02-16,토마토,232,56.0,31.818181818181817
2021-02-15,토마토,277,45.0,19.396551724137932
2021-02-11,토마토,107,-170.0,-61.371841155234655
2021-02-10,토마토,244,137.0,128.0373831775701
2021-02-09,토마토,166,-78.0,-31.967213114754102
2021-02-08,토마토,257,91.0,54.81927710843374
2021-02-06,토마토,150,-107.0,-41.63424124513619
2021-02-05,토마토,195,45.0,30.0
2021-02-04,토마토,132,-63.0,-32.30769230769231
2021-02-03,토마토,138,6.0,4.545454545454546
2021-02-02,토마토,182,44.0,31.88405797101449
2021-02-01,토마토,235,53.0,29.120879120879124
2021-01-30,토마토,117,-118.0,-50.212765957446805
2021-01-29,토마토,187,70.0,59.82905982905983
2021-01-28,토마토,145,-42.0,-22.459893048128343
2021-01-27,토마토,147,2.0,1.3793103448275863
2021-01-26,토마토,155,8.0,5.442176870748299
2021-01-25,토마토,216,61.0,39.35483870967742
2021-01-23,토마토,140,-76.0,-35.18518518518518
2021-01-22,토마토,179,39.0,27.857142857142858
2021-01-21,토마토,121,-58.0,-32.402234636871505
2021-01-20,토마토,129,8.0,6.6115702479338845
2021-01-19,토마토,132,3.0,2.3255813953488373
2021-01-18,토마토,231,99.0,75.0
2021-01-16,토마토,113,-118.0,-51.082251082251084
2021-01-15,토마토,166,53.0,46.902654867256636
2021-01-14,토마토,111,-55.0,-33.13253012048193
2021-01-13,토마토,116,5.0,4.504504504504505
2021-01-12,토마토,148,32.0,27.586206896551722
2021-01-11,토마토,185,37.0,25.0
2021-01-09,토마토,101,-84.0,-45.40540540540541
2021-01-08,토마토,159,58.0,57.42574257425742
2021-01-07,토마토,153,-6.0,-3.7735849056603774
2021-01-06,토마토,133,-20.0,-13.071895424836603
2021-01-05,토마토,161,28.0,21.052631578947366
2021-01-04,토마토,265,104.0,64.59627329192547
2020-12-31,토마토,209,-56.0,-21.132075471698116
2020-12-30,토마토,185,-24.0,-11.483253588516746
2020-12-29,토마토,139,-46.0,-24.864864864864867
2020-12-28,토마토,200,61.0,43.884892086330936
2020-12-26,토마토,119,-81.0,-40.5
2020-12-25,토마토,162,43.0,36.134453781512605
2020-12-24,토마토,140,-22.0,-13.580246913580247
2020-12-23,토마토,141,1.0,0.7142857142857143
2020-12-22,토마토,122,-19.0,-13.47517730496454
2020-12-21,토마토,217,95.0,77.8688524590164
2020-12-19,토마토,137,-80.0,-36.86635944700461
2020-12-18,토마토,186,49.0,35.76642335766424
2020-12-17,토마토,130,-56.0,-30.107526881720432
2020-12-16,토마토,113,-17.0,-13.076923076923078
2020-12-15,토마토,145,32.0,28.31858407079646
2020-12-14,토마토,205,60.0,41.37931034482759
2020-12-12,토마토,149,-56.0,-27.31707317073171
2020-12-11,토마토,171,22.0,14.76510067114094
2020-12-10,토마토,159,-12.0,-7.017543859649122
2020-12-09,토마토,117,-42.0,-26.41509433962264
2020-12-08,토마토,155,38.0,32.47863247863248
2020-12-07,토마토,191,36.0,23.225806451612904
2020-12-05,토마토,161,-30.0,-15.706806282722512
2020-12-04,토마토,176,15.0,9.316770186335404
2020-12-03,토마토,122,-54.0,-30.681818181818183
2020-12-02,토마토,177,55.0,45.08196721311475
2020-12-01,토마토,148,-29.0,-16.38418079096045
2020-11-30,토마토,198,50.0,33.78378378378378
2020-11-28,토마토,181,-17.0,-8.585858585858585
2020-11-27,토마토,198,17.0,9.392265193370166
2020-11-26,토마토,146,-52.0,-26.262626262626267
2020-11-25,토마토,166,20.0,13.698630136986301
2020-11-24,토마토,169,3.0,1.8072289156626504
2020-11-23,토마토,198,29.0,17.159763313609467
2020-11-21,토마토,195,-3.0,-1.5151515151515151
2020-11-20,토마토,159,-36.0,-18.461538461538463
2020-11-19,토마토,150,-9.0,-5.660377358490567
2020-11-18,토마토,171,21.0,14.000000000000002
2020-11-17,토마토,148,-23.0,-13.450292397660817
2020-11-16,토마토,215,67.0,45.27027027027027
2020-11-14,토마토,168,-47.0,-21.86046511627907
2020-11-13,토마토,166,-2.0,-1.1904761904761905
2020-11-12,토마토,123,-43.0,-25.903614457831324
2020-11-11,토마토,178,55.0,44.71544715447154
2020-11-10,토마토,155,-23.0,-12.921348314606742
2020-11-09,토마토,200,45.0,29.03225806451613
2020-11-07,토마토,155,-45.0,-22.5
2020-11-06,토마토,162,7.0,4.516129032258064
2020-11-05,토마토,131,-31.0,-19.1358024691358
2020-11-04,토마토,132,1.0,0.7633587786259541
2020-11-03,토마토,180,48.0,36.36363636363637
2020-11-02,토마토,199,19.0,10.555555555555555
2020-10-31,토마토,138,-61.0,-30.65326633165829
2020-10-30,토마토,141,3.0,2.1739130434782608
2020-10-29,토마토,134,-7.0,-4.964539007092199
2020-10-28,토마토,131,-3.0,-2.2388059701492535
2020-10-27,토마토,128,-3.0,-2.2900763358778624
2020-10-26,토마토,158,30.0,23.4375
2020-10-24,토마토,132,-26.0,-16.455696202531644
2020-10-23,토마토,108,-24.0,-18.181818181818183
2020-10-22,토마토,119,11.0,10.185185185185185
2020-10-21,토마토,116,-3.0,-2.5210084033613445
2020-10-20,토마토,134,18.0,15.517241379310345
2020-10-19,토마토,129,-5.0,-3.731343283582089
2020-10-17,토마토,142,13.0,10.077519379844961
2020-10-16,토마토,111,-31.0,-21.830985915492956
2020-10-15,토마토,114,3.0,2.7027027027027026
2020-10-14,토마토,92,-22.0,-19.298245614035086
2020-10-13,토마토,124,32.0,34.78260869565217
2020-10-12,토마토,132,8.0,6.451612903225806
2020-10-10,토마토,136,4.0,3.0303030303030303
2020-10-09,토마토,122,-14.0,-10.294117647058822
2020-10-08,토마토,133,11.0,9.01639344262295
2020-10-07,토마토,128,-5.0,-3.7593984962406015
2020-10-06,토마토,151,23.0,17.96875
2020-10-05,토마토,286,135.0,89.40397350993378
2020-09-30,토마토,168,-118.0,-41.25874125874126
2020-09-29,토마토,170,2.0,1.1904761904761905
2020-09-28,토마토,211,41.0,24.11764705882353
2020-09-26,토마토,143,-68.0,-32.22748815165877
2020-09-25,토마토,135,-8.0,-5.594405594405594
2020-09-24,토마토,122,-13.0,-9.62962962962963
2020-09-23,토마토,123,1.0,0.819672131147541
2020-09-22,토마토,127,4.0,3.2520325203252036
2020-09-21,토마토,150,23.0,18.11023622047244
2020-09-19,토마토,145,-5.0,-3.3333333333333335
2020-09-18,토마토,119,-26.0,-17.93103448275862
2020-09-17,토마토,109,-10.0,-8.403361344537815
2020-09-16,토마토,113,4.0,3.669724770642202
2020-09-15,토마토,126,13.0,11.504424778761061
2020-09-14,토마토,161,35.0,27.77777777777778
2020-09-12,토마토,179,18.0,11.180124223602485
2020-09-11,토마토,156,-23.0,-12.849162011173185
2020-09-10,토마토,162,6.0,3.8461538461538463
2020-09-09,토마토,157,-5.0,-3.0864197530864197
2020-09-08,토마토,183,26.0,16.560509554140125
2020-09-07,토마토,260,77.0,42.07650273224044
2020-09-05,토마토,248,-12.0,-4.615384615384616
2020-09-04,토마토,152,-96.0,-38.70967741935484
2020-09-03,토마토,172,20.0,13.157894736842104
2020-09-02,토마토,195,23.0,13.372093023255813
2020-09-01,토마토,213,18.0,9.230769230769232
2020-08-31,토마토,258,45.0,21.12676056338028
2020-08-29,토마토,197,-61.0,-23.643410852713178
2020-08-28,토마토,152,-45.0,-22.84263959390863
2020-08-27,토마토,164,12.0,7.894736842105263
2020-08-26,토마토,193,29.0,17.682926829268293
2020-08-25,토마토,209,16.0,8.290155440414509
2020-08-24,토마토,267,58.0,27.751196172248804
2020-08-22,토마토,220,-47.0,-17.60299625468165
2020-08-21,토마토,194,-26.0,-11.818181818181818
2020-08-20,토마토,201,7.0,3.608247422680412
2020-08-19,토마토,228,27.0,13.432835820895523
2020-08-18,토마토,234,6.0,2.631578947368421
2020-08-17,토마토,251,17.0,7.264957264957266
2020-08-15,토마토,215,-36.0,-14.342629482071715
2020-08-14,토마토,169,-46.0,-21.3953488372093
2020-08-13,토마토,193,24.0,14.201183431952662
2020-08-12,토마토,176,-17.0,-8.808290155440414
2020-08-11,토마토,219,43.0,24.431818181818183
2020-08-10,토마토,263,44.0,20.091324200913242
2020-08-08,토마토,245,-18.0,-6.844106463878327
2020-08-07,토마토,173,-72.0,-29.38775510204082
2020-08-06,토마토,154,-19.0,-10.982658959537572
2020-08-05,토마토,167,13.0,8.441558441558442
2020-08-04,토마토,194,27.0,16.16766467065868
2020-08-03,토마토,295,101.0,52.0618556701031
2020-07-31,토마토,203,-92.0,-31.186440677966104
2020-07-30,토마토,173,-30.0,-14.77832512315271
2020-07-29,토마토,183,10.0,5.780346820809249
2020-07-28,토마토,190,7.0,3.825136612021858
2020-07-27,토마토,246,56.0,29.47368421052631
2020-07-25,토마토,172,-74.0,-30.081300813008134
2020-07-24,토마토,150,-22.0,-12.790697674418606
2020-07-23,토마토,137,-13.0,-8.666666666666668
2020-07-22,토마토,155,18.0,13.138686131386862
2020-07-21,토마토,146,-9.0,-5.806451612903226
2020-07-20,토마토,197,51.0,34.93150684931507
2020-07-18,토마토,172,-25.0,-12.690355329949238
2020-07-17,토마토,163,-9.0,-5.232558139534884
2020-07-16,토마토,171,8.0,4.9079754601226995
2020-07-15,토마토,169,-2.0,-1.1695906432748537
2020-07-14,토마토,181,12.0,7.100591715976331
2020-07-13,토마토,265,84.0,46.408839779005525
2020-07-11,토마토,191,-74.0,-27.92452830188679
2020-07-10,토마토,196,5.0,2.6178010471204187
2020-07-09,토마토,170,-26.0,-13.26530612244898
2020-07-08,토마토,219,49.0,28.823529411764703
2020-07-07,토마토,240,21.0,9.58904109589041
2020-07-06,토마토,311,71.0,29.583333333333332
2020-07-04,토마토,240,-71.0,-22.829581993569132
2020-07-03,토마토,247,7.0,2.9166666666666665
2020-07-02,토마토,230,-17.0,-6.882591093117409
2020-07-01,토마토,236,6.0,2.608695652173913
2020-06-30,토마토,243,7.0,2.9661016949152543
2020-06-29,토마토,352,109.0,44.8559670781893
2020-06-27,토마토,259,-93.0,-26.420454545454547
2020-06-26,토마토,270,11.0,4.247104247104247
2020-06-25,토마토,194,-76.0,-28.14814814814815
2020-06-24,토마토,242,48.0,24.742268041237114
2020-06-23,토마토,275,33.0,13.636363636363635
2020-06-22,토마토,321,46.0,16.727272727272727
2020-06-20,토마토,317,-4.0,-1.2461059190031152
2020-06-19,토마토,279,-38.0,-11.987381703470032
2020-06-18,토마토,324,45.0,16.129032258064516
2020-06-17,토마토,348,24.0,7.4074074074074066
2020-06-16,토마토,368,20.0,5.747126436781609
2020-06-15,토마토,476,108.0,29.347826086956523
2020-06-13,토마토,374,-102.0,-21.428571428571427
2020-06-12,토마토,397,23.0,6.149732620320856
2020-06-11,토마토,348,-49.0,-12.34256926952141
2020-06-10,토마토,345,-3.0,-0.8620689655172413
2020-06-09,토마토,345,0.0,0.0
2020-06-08,토마토,459,114.0,33.04347826086956
2020-06-06,토마토,345,-114.0,-24.836601307189543
2020-06-05,토마토,370,25.0,7.246376811594203
2020-06-04,토마토,306,-64.0,-17.2972972972973
2020-06-03,토마토,341,35.0,11.437908496732026
2020-06-02,토마토,300,-41.0,-12.023460410557185
2020-06-01,토마토,430,130.0,43.333333333333336
2020-05-30,토마토,277,-153.0,-35.581395348837205
2020-05-29,토마토,350,73.0,26.353790613718413
2020-05-28,토마토,233,-117.0,-33.42857142857143
2020-05-27,토마토,298,65.0,27.896995708154503
2020-05-26,토마토,351,53.0,17.78523489932886
2020-05-25,토마토,415,64.0,18.233618233618234
2020-05-23,토마토,281,-134.0,-32.28915662650602
2020-05-22,토마토,335,54.0,19.217081850533805
2020-05-21,토마토,250,-85.0,-25.37313432835821
2020-05-20,토마토,298,48.0,19.2
2020-05-19,토마토,272,-26.0,-8.724832214765101
2020-05-18,토마토,393,121.0,44.48529411764706
2020-05-17,토마토,0,-393.0,-100.0
2020-05-16,토마토,280,280.0,28000.0
2020-05-15,토마토,358,78.0,27.857142857142858
2020-05-14,토마토,285,-73.0,-20.391061452513966
2020-05-13,토마토,321,36.0,12.631578947368421
2020-05-12,토마토,334,13.0,4.049844236760125
2020-05-11,토마토,464,130.0,38.92215568862276
2020-05-09,토마토,335,-129.0,-27.801724137931032
2020-05-08,토마토,363,28.0,8.358208955223882
2020-05-07,토마토,290,-73.0,-20.110192837465565
2020-05-06,토마토,314,24.0,8.275862068965518
2020-05-05,토마토,312,-2.0,-0.6369426751592357
2020-05-04,토마토,407,95.0,30.448717948717945
2020-05-02,토마토,265,-142.0,-34.88943488943489
2020-05-01,토마토,339,74.0,27.92452830188679
2020-04-30,토마토,223,-116.0,-34.21828908554572
2020-04-29,토마토,253,30.0,13.452914798206278
2020-04-28,토마토,250,-3.0,-1.185770750988142
2020-04-27,토마토,356,106.0,42.4
2020-04-25,토마토,213,-143.0,-40.168539325842694
2020-04-24,토마토,276,63.0,29.577464788732392
2020-04-23,토마토,169,-107.0,-38.768115942028984
2020-04-22,토마토,191,22.0,13.017751479289942
2020-04-21,토마토,194,3.0,1.5706806282722512
2020-04-20,토마토,284,90.0,46.391752577319586
2020-04-18,토마토,177,-107.0,-37.67605633802817
2020-04-17,토마토,244,67.0,37.85310734463277
2020-04-16,토마토,186,-58.0,-23.770491803278688
2020-04-15,토마토,188,2.0,1.0752688172043012
2020-04-14,토마토,202,14.0,7.446808510638298
2020-04-13,토마토,313,111.0,54.95049504950495
2020-04-11,토마토,194,-119.0,-38.019169329073485
2020-04-10,토마토,266,72.0,37.11340206185567
2020-04-09,토마토,171,-95.0,-35.714285714285715
