DATE,humidity,insolation,precipitation,temperature,wind
2020-04-09,44.6,11.8,,8.9,2.8
2020-04-10,52.6,9.2,,10.7,2.4
2020-04-11,63.8,8.8,,9.9,2.5
2020-04-12,58.6,8.3,,9.9,3.8
2020-04-13,39.4,12.2,,12.4,3.1
2020-04-14,46.8,12.1,,13.0,2.4
2020-04-15,39.8,10.0,,13.2,2.2
2020-04-16,39.9,10.6,,16.0,2.3
2020-04-17,77.8,0.3,6.5,12.5,2.4
2020-04-18,67.9,10.4,,13.5,2.6
2020-04-19,75.8,0.3,10.3,12.3,2.7
2020-04-20,73.0,1.3,0.1,10.0,3.3
2020-04-21,49.0,10.1,,7.4,4.4
2020-04-22,46.8,5.3,0.0,6.0,4.0
2020-04-23,47.8,11.8,,7.9,3.7
2020-04-24,55.6,12.0,,9.9,3.9
2020-04-25,54.4,8.5,,13.1,3.9
2020-04-26,43.1,12.5,,12.3,3.2
2020-04-27,49.8,9.7,,12.9,2.8
2020-04-28,50.0,12.6,,13.9,3.0
2020-04-29,48.6,12.2,,14.9,2.6
2020-04-30,57.1,8.2,,17.1,2.7
2020-05-01,73.6,6.1,,20.2,2.7
2020-05-02,79.6,0.2,0.0,20.3,2.3
2020-05-03,68.8,5.9,0.0,21.8,2.0
2020-05-04,63.9,10.1,,20.2,2.7
2020-05-05,67.9,3.3,,16.0,1.9
2020-05-06,50.0,12.8,,19.4,2.1
2020-05-07,32.5,8.7,,20.7,2.5
2020-05-08,32.8,7.5,2.3,19.9,2.4
2020-05-09,94.4,0.0,24.4,14.2,3.6
2020-05-10,88.6,0.4,1.3,14.4,2.5
2020-05-11,61.0,7.2,3.4,16.5,3.0
2020-05-12,69.4,5.0,0.7,14.3,2.9
2020-05-13,47.3,13.0,,16.1,2.8
2020-05-14,35.4,6.6,,19.3,2.0
2020-05-15,81.4,0.0,12.0,16.1,3.0
2020-05-16,90.3,0.6,2.5,16.7,1.6
2020-05-17,80.1,3.9,0.0,19.1,1.7
2020-05-18,79.4,3.2,29.8,19.1,2.4
2020-05-19,73.6,3.0,19.0,13.0,3.2
2020-05-20,60.4,4.5,0.0,14.4,1.9
2020-05-21,56.1,9.4,,17.4,2.1
2020-05-22,68.5,0.7,0.0,18.5,1.9
2020-05-23,66.1,6.8,0.0,20.1,2.2
2020-05-24,84.8,1.1,14.5,17.1,2.9
2020-05-25,81.0,2.5,,16.6,2.1
2020-05-26,81.9,4.8,1.5,16.2,2.1
2020-05-27,68.5,13.2,,17.4,2.6
2020-05-28,62.8,8.4,0.0,18.7,1.9
2020-05-29,65.6,12.7,,20.7,2.0
2020-05-30,57.3,11.3,,22.6,1.9
2020-05-31,63.0,5.0,1.0,21.2,2.3
2020-06-01,64.3,11.5,0.4,19.7,3.4
2020-06-02,71.0,0.2,2.0,17.9,2.2
2020-06-03,73.3,9.5,,22.0,2.4
2020-06-04,81.1,4.7,0.2,21.9,2.7
2020-06-05,69.4,8.8,,23.0,1.8
2020-06-06,63.6,8.6,,24.6,2.0
2020-06-07,69.4,9.2,,22.7,2.3
2020-06-08,63.6,11.3,,25.0,2.1
2020-06-09,51.6,12.9,,26.7,2.3
2020-06-10,63.8,5.2,6.2,25.8,2.0
2020-06-11,68.3,8.0,0.0,26.1,2.2
2020-06-12,68.6,0.5,,24.7,1.7
2020-06-13,52.8,9.7,0.0,26.9,1.9
2020-06-14,70.6,8.1,1.1,24.0,2.9
2020-06-15,62.3,10.1,,23.0,2.8
2020-06-16,63.0,7.5,,24.4,2.2
2020-06-17,58.6,5.9,,24.3,2.0
2020-06-18,61.4,0.1,,23.4,1.6
2020-06-19,61.4,6.0,0.1,24.7,2.1
2020-06-20,62.6,11.7,,24.9,2.1
2020-06-21,59.5,13.5,,26.1,2.0
2020-06-22,50.5,13.3,,28.6,2.0
2020-06-23,53.5,5.1,0.0,27.3,1.9
2020-06-24,83.5,0.0,37.6,22.3,2.7
2020-06-25,91.0,0.1,13.3,21.6,2.2
2020-06-26,82.1,3.1,2.1,21.8,3.2
2020-06-27,70.4,7.4,0.0,24.1,2.0
2020-06-28,70.5,12.4,,25.2,2.4
2020-06-29,77.0,1.7,11.9,23.8,2.4
2020-06-30,83.0,0.0,64.7,20.1,4.0
2020-07-01,79.3,0.2,0.0,21.1,1.9
2020-07-02,74.5,5.4,,24.2,1.9
2020-07-03,63.5,9.6,0.1,25.5,2.6
2020-07-04,63.9,9.5,1.6,24.2,2.1
2020-07-05,68.6,6.4,,23.8,1.9
2020-07-06,66.6,5.0,,25.6,2.1
2020-07-07,75.5,4.0,0.0,24.1,2.5
2020-07-08,71.9,10.0,,25.5,2.0
2020-07-09,64.6,7.7,,27.5,1.7
2020-07-10,75.0,3.1,2.2,24.5,2.8
2020-07-11,62.6,6.6,,25.8,2.6
2020-07-12,71.9,0.0,2.9,23.5,2.4
2020-07-13,94.8,0.0,47.6,18.7,4.0
2020-07-14,79.4,0.1,11.5,20.3,2.8
2020-07-15,63.1,9.3,,23.4,2.0
2020-07-16,70.9,10.2,,25.0,1.8
2020-07-17,72.0,7.5,0.0,26.0,1.9
2020-07-18,71.6,4.3,,26.1,1.6
2020-07-19,81.6,0.0,29.1,24.0,2.7
2020-07-20,86.3,0.0,3.6,23.8,3.7
2020-07-21,77.0,4.0,0.0,25.0,1.6
2020-07-22,89.3,0.0,11.5,23.7,1.6
2020-07-23,95.5,0.0,103.1,21.1,3.6
2020-07-24,74.3,1.0,2.9,22.5,4.6
2020-07-25,69.3,1.9,0.0,24.3,3.1
2020-07-26,69.3,5.6,0.0,25.4,2.0
2020-07-27,86.4,0.0,2.2,24.3,2.2
2020-07-28,84.8,0.0,0.4,24.4,2.0
2020-07-29,95.8,0.0,50.1,23.7,2.0
2020-07-30,85.5,3.0,0.1,25.3,2.1
2020-07-31,81.9,5.0,1.5,26.2,2.0
2020-08-01,90.9,0.0,39.1,25.3,1.7
2020-08-02,96.3,0.0,31.4,24.9,2.3
2020-08-03,96.3,0.0,102.6,25.0,3.0
2020-08-04,89.3,0.4,3.9,27.0,3.5
2020-08-05,92.1,0.1,18.5,26.5,1.9
2020-08-06,92.8,0.2,75.7,24.1,3.3
2020-08-07,85.3,0.0,0.0,24.3,1.8
2020-08-08,89.5,1.8,19.1,24.2,2.3
2020-08-09,95.4,0.0,50.3,24.9,2.6
2020-08-10,91.6,0.2,44.6,26.5,2.0
2020-08-11,92.5,0.5,97.0,24.6,2.2
2020-08-12,83.9,2.1,,27.2,1.9
2020-08-13,82.4,0.2,,28.0,2.5
2020-08-14,86.1,0.0,0.4,27.1,3.5
2020-08-15,96.0,0.0,69.0,26.1,1.9
2020-08-16,82.6,2.4,,27.4,3.0
2020-08-17,77.9,5.8,,28.2,2.3
2020-08-18,76.3,7.9,,27.5,1.6
2020-08-19,76.8,9.4,,27.1,2.0
2020-08-20,76.0,3.1,,27.7,1.7
2020-08-21,83.1,0.8,2.5,26.6,1.6
2020-08-22,87.4,0.6,42.6,24.3,2.1
2020-08-23,78.4,6.8,,25.3,1.9
2020-08-24,71.6,8.8,,27.8,2.2
2020-08-25,69.5,7.6,,29.9,2.1
2020-08-26,68.3,7.5,0.6,30.2,3.4
2020-08-27,84.6,0.5,8.7,27.1,3.6
2020-08-28,89.1,2.0,13.6,27.3,1.6
2020-08-29,90.1,1.7,13.6,26.8,1.3
2020-08-30,88.8,2.4,42.5,26.8,2.1
2020-08-31,77.9,1.9,0.0,26.4,2.8
2020-09-01,72.4,1.0,0.0,26.6,1.9
2020-09-02,91.3,0.0,33.3,24.3,2.3
2020-09-03,82.0,2.8,29.8,22.7,4.8
2020-09-04,63.9,10.1,,23.3,2.7
2020-09-05,66.6,3.3,,23.3,2.0
2020-09-06,80.0,0.0,6.4,21.7,2.7
2020-09-07,93.5,0.0,61.0,19.2,4.2
2020-09-08,71.5,9.5,0.0,23.4,4.2
2020-09-09,83.4,3.1,1.3,21.1,2.1
2020-09-10,75.8,9.0,3.9,22.8,2.0
2020-09-11,72.6,4.5,1.2,22.4,2.8
2020-09-12,83.8,0.0,5.7,20.2,2.0
2020-09-13,70.4,9.8,,21.5,1.9
2020-09-14,79.3,5.7,0.0,21.3,1.8
2020-09-15,76.4,5.1,,23.0,1.6
2020-09-16,79.9,0.3,0.3,22.5,1.9
2020-09-17,70.3,0.7,,21.3,2.1
2020-09-18,62.0,9.8,,21.5,2.8
2020-09-19,59.3,9.7,0.3,21.2,2.2
2020-09-20,57.6,11.4,,19.7,2.0
2020-09-21,56.1,9.6,,19.1,1.7
2020-09-22,55.3,10.7,,20.2,2.8
2020-09-23,59.9,7.2,,19.2,3.3
2020-09-24,59.6,8.0,,20.6,3.7
2020-09-25,64.1,3.5,,20.1,2.5
2020-09-26,62.5,8.0,,19.3,2.4
2020-09-27,63.3,9.8,,20.4,2.0
2020-09-28,66.0,10.5,,20.7,2.0
2020-09-29,67.6,6.3,,19.6,1.9
2020-09-30,78.0,4.9,38.3,19.6,1.7
2020-10-01,74.9,2.5,,18.8,2.1
2020-10-02,79.6,1.9,0.0,19.2,2.3
2020-10-03,72.5,1.8,0.0,19.9,1.6
2020-10-04,65.1,4.3,0.0,16.6,2.8
2020-10-05,57.3,10.5,,13.3,2.5
2020-10-06,55.9,10.8,,14.2,2.0
2020-10-07,48.9,8.9,,16.0,1.9
2020-10-08,53.0,10.8,,17.2,3.1
2020-10-09,53.4,10.6,,17.2,3.0
2020-10-10,60.1,7.6,,16.9,2.0
2020-10-11,68.5,4.9,,16.9,1.8
2020-10-12,68.6,7.5,,16.2,2.2
2020-10-13,52.3,7.1,,13.6,2.2
2020-10-14,47.0,5.8,,12.8,2.4
2020-10-15,41.8,7.2,,11.7,1.5
2020-10-16,64.3,0.0,,11.8,1.5
2020-10-17,64.3,10.1,,13.1,1.8
2020-10-18,65.5,9.7,,13.6,2.0
2020-10-19,74.4,9.8,,15.1,1.7
2020-10-20,67.1,10.0,,15.2,1.6
2020-10-21,69.4,0.1,,14.1,1.9
2020-10-22,66.0,5.4,0.0,13.5,2.8
2020-10-23,51.5,9.9,,8.6,3.0
2020-10-24,47.6,9.9,,8.7,2.5
2020-10-25,62.5,8.8,,11.8,1.7
2020-10-26,71.6,9.2,,12.9,1.6
2020-10-27,74.1,8.3,,14.0,1.8
2020-10-28,52.1,9.2,,13.8,2.5
2020-10-29,40.3,9.0,,10.8,2.0
2020-10-30,42.9,9.7,,11.9,1.5
2020-10-31,60.3,5.8,,13.6,2.6
2020-11-01,84.3,0.0,13.6,13.7,2.3
2020-11-02,58.3,9.6,1.7,10.8,2.3
2020-11-03,47.5,9.2,0.5,5.1,3.5
2020-11-04,43.9,9.6,,4.9,2.3
2020-11-05,61.5,8.4,,9.6,1.8
2020-11-06,63.3,0.3,,13.5,1.7
2020-11-07,68.8,7.0,0.1,14.6,2.7
2020-11-08,43.8,9.5,,8.5,3.1
2020-11-09,40.9,6.0,,5.5,1.8
2020-11-10,56.1,9.6,,7.7,2.2
2020-11-11,53.5,9.6,,9.3,1.6
2020-11-12,56.9,9.4,,10.4,1.7
2020-11-13,71.5,5.5,,12.2,1.6
2020-11-14,66.9,8.0,,12.5,1.7
2020-11-15,75.0,6.8,,11.1,1.7
2020-11-16,70.1,8.4,,12.4,1.6
2020-11-17,67.5,1.3,0.1,15.9,2.3
2020-11-18,91.4,0.0,12.2,16.6,2.6
2020-11-19,90.5,0.0,86.9,13.6,4.2
2020-11-20,74.3,0.0,0.0,2.8,3.2
2020-11-21,67.9,6.6,0.2,6.5,2.1
2020-11-22,80.5,0.4,4.8,5.6,2.5
2020-11-23,61.4,9.2,,1.7,2.3
2020-11-24,54.5,1.3,,2.9,1.8
2020-11-25,64.1,4.6,,4.6,1.5
2020-11-26,66.5,6.6,,5.6,1.7
2020-11-27,61.6,5.0,0.0,4.1,2.7
2020-11-28,50.0,9.0,,-0.1,2.8
2020-11-29,59.6,1.5,,-0.6,2.2
2020-11-30,57.8,9.1,,-0.2,1.9
2020-12-01,44.5,7.3,,1.1,1.9
2020-12-02,41.4,3.4,,2.4,1.8
2020-12-03,47.1,9.1,,0.7,2.7
2020-12-04,53.8,9.0,,-0.6,1.8
2020-12-05,63.1,5.1,,2.1,1.7
2020-12-06,66.9,6.0,,4.5,1.8
2020-12-07,57.5,7.4,,3.4,2.6
2020-12-08,50.0,8.7,,-0.5,2.0
2020-12-09,55.1,5.9,,1.5,1.5
2020-12-10,69.9,1.1,0.0,5.8,1.7
2020-12-11,77.1,2.4,,5.3,1.8
2020-12-12,51.3,8.6,,2.3,2.1
2020-12-13,74.9,1.1,2.9,-1.1,2.9
2020-12-14,49.1,8.9,,-7.7,3.4
2020-12-15,43.0,9.0,,-8.3,2.8
2020-12-16,43.9,9.0,,-8.3,2.6
2020-12-17,47.0,9.0,0.0,-4.9,1.7
2020-12-18,57.0,5.5,0.2,-2.1,3.0
2020-12-19,45.1,9.0,,-5.1,2.4
2020-12-20,50.4,9.1,,-3.7,2.0
2020-12-21,64.1,8.8,,-1.0,1.6
2020-12-22,67.6,5.2,,2.0,2.0
2020-12-23,76.6,1.7,0.0,4.5,2.3
2020-12-24,61.5,7.9,,2.6,2.9
2020-12-25,51.9,9.0,,-0.8,2.1
2020-12-26,65.8,8.2,,2.2,1.8
2020-12-27,62.9,5.9,0.0,5.8,1.8
2020-12-28,72.1,8.0,1.3,6.7,1.4
2020-12-29,70.8,0.0,0.2,0.1,2.9
2020-12-30,55.5,8.3,,-10.9,4.1
2020-12-31,53.9,6.0,0.0,-8.9,2.4
2021-01-01,64.0,6.5,,-4.2,2.0
2021-01-02,38.5,9.0,,-5.0,2.6
2021-01-03,45.0,5.5,,-5.6,2.0
2021-01-04,51.4,4.6,0.0,-3.5,1.7
2021-01-05,52.8,8.6,0.0,-5.5,2.9
2021-01-06,54.6,9.1,2.3,-7.4,2.4
2021-01-07,49.9,,,-14.5,4.1
2021-01-08,44.0,9.2,,-14.9,3.3
2021-01-09,46.3,9.0,,-12.2,2.6
2021-01-10,54.4,6.2,,-7.7,1.3
2021-01-11,62.1,0.0,,-6.7,1.9
2021-01-12,79.5,3.6,2.6,-3.9,1.8
2021-01-13,80.3,6.1,0.0,2.0,2.4
2021-01-14,46.5,8.0,,1.7,2.3
2021-01-15,67.4,0.0,0.2,4.5,3.0
2021-01-16,59.3,8.9,,-4.9,3.3
2021-01-17,58.5,7.0,0.0,-5.5,2.3
2021-01-18,64.3,2.5,0.3,-3.8,3.2
2021-01-19,37.9,9.2,,-6.3,1.8
2021-01-20,37.8,8.9,,-0.1,2.2
2021-01-21,64.4,0.0,9.2,4.5,2.3
2021-01-22,92.9,0.0,0.1,5.5,1.7
2021-01-23,66.0,5.3,,7.6,4.2
2021-01-24,63.9,8.2,,7.3,2.1
2021-01-25,62.0,7.6,,7.9,1.9
2021-01-26,80.4,0.0,1.7,5.3,1.9
2021-01-27,47.6,8.4,,1.7,2.2
2021-01-28,52.3,2.3,2.0,-2.6,4.0
2021-01-29,40.0,9.6,,-8.8,3.5
2021-01-30,60.0,6.4,0.5,-1.6,2.5
2021-01-31,57.0,6.7,,3.2,2.0
2021-02-01,74.5,1.1,0.7,5.0,2.7
2021-02-02,44.1,9.6,0.0,-5.6,3.9
2021-02-03,64.6,6.6,3.4,-3.2,2.2
2021-02-04,50.1,9.6,0.1,-3.6,2.5
2021-02-05,71.8,2.7,,1.4,2.4
2021-02-06,80.4,0.1,,6.8,2.2
2021-02-07,67.0,6.0,,3.6,2.9
2021-02-08,43.6,9.6,,-3.1,3.4
2021-02-09,51.9,9.7,,-0.9,2.0
2021-02-10,75.1,0.7,,3.4,2.1
2021-02-11,71.5,5.2,,5.5,1.3
2021-02-12,60.6,9.2,,6.5,1.7
2021-02-13,50.6,9.3,,7.6,1.5
2021-02-14,47.6,1.7,0.0,9.5,1.7
2021-02-15,65.1,4.3,1.4,1.2,4.0
2021-02-16,57.9,2.8,1.5,-5.1,3.2
2021-02-17,44.1,9.8,0.0,-8.3,5.0
2021-02-18,44.9,9.9,,-5.8,3.1
2021-02-19,66.9,8.9,,1.6,2.9
2021-02-20,60.4,7.8,,8.8,2.1
2021-02-21,66.6,9.7,,10.8,2.8
2021-02-22,58.3,6.3,,7.8,2.9
2021-02-23,34.0,10.0,,0.0,2.9
2021-02-24,33.0,8.4,,2.9,1.8
2021-02-25,35.1,0.0,,4.2,1.4
2021-02-26,35.0,9.1,,8.2,2.3
2021-02-27,48.6,10.3,,9.5,3.4
2021-02-28,49.0,2.6,,7.8,2.1
2021-03-01,91.0,0.0,67.5,4.7,3.5
2021-03-02,75.9,4.7,0.1,2.3,1.9
2021-03-03,64.4,10.4,,4.4,1.8
2021-03-04,62.4,1.9,,7.2,1.9
2021-03-05,70.3,10.5,,9.0,2.1
2021-03-06,69.5,3.6,,6.6,3.3
2021-03-07,62.9,9.6,,6.2,2.8
2021-03-08,60.3,10.8,,7.0,1.8
2021-03-09,58.5,9.4,,6.6,2.2
2021-03-10,61.8,10.2,,8.8,1.8
2021-03-11,50.8,7.9,,10.2,1.8
2021-03-12,57.0,0.1,0.0,10.5,2.2
2021-03-13,62.8,6.0,,9.2,2.2
2021-03-14,71.4,8.2,,9.1,2.2
2021-03-15,68.8,2.7,1.7,10.6,2.4
2021-03-16,52.5,10.6,1.3,8.4,3.2
2021-03-17,44.9,10.7,,8.8,1.8
2021-03-18,50.1,8.1,,11.7,1.8
2021-03-19,47.9,8.8,,15.3,2.2
2021-03-20,74.6,0.0,5.1,9.9,2.2
2021-03-21,65.9,2.9,0.3,5.8,4.0
2021-03-22,55.3,11.1,,6.2,3.2
2021-03-23,63.5,10.3,,9.1,2.5
2021-03-24,61.5,7.9,,10.8,2.4
2021-03-25,68.5,9.7,,11.9,2.2
2021-03-26,58.4,7.3,,12.6,1.4
2021-03-27,70.9,0.0,25.5,12.1,2.5
2021-03-28,95.8,0.0,9.2,9.0,3.3
2021-03-29,62.3,7.1,0.2,10.2,3.3
2021-03-30,47.3,11.1,,10.8,2.2
2021-03-31,41.0,11.4,,14.5,1.8
2021-04-01,33.0,10.0,,17.7,3.5
2021-04-02,35.6,3.4,0.0,17.8,3.2
2021-04-03,80.8,0.0,56.2,14.9,3.1
2021-04-04,65.8,1.5,0.6,11.9,3.2
2021-04-05,47.9,12.0,,11.9,2.4
2021-04-06,50.9,10.6,,13.9,2.5
2021-04-07,47.5,11.9,,14.1,2.5
2021-04-08,34.0,12.1,,13.0,2.7
2021-04-09,39.3,11.9,,13.6,2.7
2021-04-10,50.0,11.5,,12.6,2.6
2021-04-11,45.4,10.6,,15.0,1.7
2021-04-12,70.4,0.0,22.0,13.8,2.4
2021-04-13,74.0,2.9,8.0,10.4,3.7
2021-04-14,58.5,12.4,,8.4,2.9
2021-04-15,62.3,11.1,,11.6,2.1
2021-04-16,60.0,3.7,0.7,11.3,2.6
2021-04-17,56.6,3.5,0.0,9.6,2.6
2021-04-18,64.3,11.9,,9.9,3.2
2021-04-19,65.3,12.1,,12.2,2.4
2021-04-20,55.1,11.0,,14.8,1.9
2021-04-21,43.1,11.1,,19.1,1.8
2021-04-22,37.9,2.6,,20.9,2.5
2021-04-23,41.4,0.3,0.0,19.0,3.2
2021-04-24,43.0,1.6,0.0,18.3,2.7
2021-04-25,50.0,11.5,,18.2,2.7
2021-04-26,51.8,9.2,,16.2,2.6
2021-04-27,62.4,0.5,1.7,15.4,2.3
2021-04-28,64.1,2.2,4.7,14.5,2.4
2021-04-29,54.1,4.4,3.9,14.6,2.3
2021-04-30,81.8,1.1,26.3,11.3,2.4
2021-05-01,80.8,1.2,8.0,10.2,2.7
2021-05-02,67.9,10.8,1.7,12.4,3.1
2021-05-03,56.4,11.6,,14.1,2.1
2021-05-04,82.6,0.0,19.6,13.8,2.1
2021-05-05,64.4,11.5,0.1,13.9,3.5
2021-05-06,46.4,10.6,,15.7,2.4
2021-05-07,60.3,5.9,8.8,14.4,3.4
2021-05-08,66.1,8.9,,14.3,3.4
2021-05-09,51.3,13.0,,15.7,3.5
2021-05-10,67.9,0.0,0.0,13.2,1.8
2021-05-11,48.9,13.2,,18.5,2.7
2021-05-12,39.5,11.0,,22.0,2.2
2021-05-13,54.4,12.8,,22.9,1.9
2021-05-14,60.3,10.8,,24.1,1.7
2021-05-15,79.5,0.5,15.0,22.1,1.7
2021-05-16,97.6,0.0,66.9,18.4,2.5
2021-05-17,93.0,0.0,3.1,15.3,1.6
2021-05-18,70.5,8.4,,17.9,1.7
2021-05-19,52.3,13.2,,19.9,1.8
2021-05-20,59.8,0.0,0.9,18.7,2.5
2021-05-21,86.5,0.9,6.9,16.0,1.7
2021-05-22,69.3,12.7,0.2,18.6,2.5
2021-05-23,64.4,6.0,,19.5,1.7
2021-05-24,61.0,9.1,,19.4,2.7
2021-05-25,72.3,6.4,8.3,15.3,3.2
2021-05-26,58.5,5.3,0.0,18.0,2.9
2021-05-27,83.0,0.5,8.9,15.8,2.8
2021-05-28,86.0,1.9,12.3,15.3,2.6
2021-05-29,79.8,3.9,0.3,15.4,2.2
2021-05-30,73.0,11.6,18.1,18.4,2.1
2021-05-31,78.9,2.0,4.0,19.9,1.8
2021-06-01,74.6,1.9,3.2,20.2,2.2
2021-06-02,64.4,11.9,,23.2,2.1
2021-06-03,80.8,0.2,18.1,19.1,1.8
2021-06-04,69.4,10.9,,18.5,2.9
2021-06-05,68.1,8.4,,20.8,3.3
2021-06-06,69.6,8.3,,23.0,2.2
2021-06-07,71.5,0.3,0.0,21.1,1.7
2021-06-08,69.6,7.1,0.1,23.6,1.7
2021-06-09,59.1,9.9,,25.8,1.6
2021-06-10,68.5,1.3,6.1,24.9,2.2
2021-06-11,84.5,1.8,4.6,21.5,2.8
2021-06-12,74.6,9.1,,24.2,1.8
2021-06-13,72.6,10.2,,24.8,2.0
2021-06-14,68.8,8.3,,24.8,2.1
2021-06-15,79.1,1.6,1.9,22.5,2.3
2021-06-16,59.9,11.5,,24.3,3.6
2021-06-17,71.4,0.3,0.0,21.9,2.4
2021-06-18,92.1,0.0,6.3,20.0,2.5
2021-06-19,74.0,10.5,,22.3,1.8
2021-06-20,73.3,10.7,,22.9,2.8
2021-06-21,67.0,11.1,,23.6,2.2
2021-06-22,67.9,6.8,0.0,22.8,2.1
2021-06-23,70.5,7.2,7.5,22.4,2.4
2021-06-24,71.1,5.7,,23.0,1.9
2021-06-25,69.0,9.7,,24.1,2.0
2021-06-26,78.5,2.3,4.5,22.8,1.8
2021-06-27,72.1,8.1,38.2,24.5,2.0
2021-06-28,76.4,2.2,0.1,23.7,1.9
2021-06-29,78.6,4.2,8.0,23.9,1.8
2021-06-30,77.9,4.0,6.0,24.3,1.3
2021-07-01,70.9,8.2,,26.3,1.8
2021-07-02,64.1,7.4,,27.1,2.3
2021-07-03,80.0,0.9,60.0,22.6,3.6
2021-07-04,96.8,0.0,21.4,21.4,2.3
2021-07-05,80.3,0.9,,23.3,1.4
2021-07-06,73.4,4.3,,25.3,1.6
2021-07-07,78.5,1.1,12.7,26.4,1.5
2021-07-08,81.6,2.9,2.9,26.0,2.0
2021-07-09,77.3,3.8,0.0,25.5,1.9
2021-07-10,80.4,4.2,0.5,25.9,2.4
2021-07-11,86.8,0.1,0.4,25.7,2.2
2021-07-12,75.1,4.9,,28.1,1.6
2021-07-13,76.1,1.4,,28.8,1.7
2021-07-14,71.4,7.1,,29.7,2.2
2021-07-15,71.1,8.7,0.0,29.1,2.1
2021-07-16,68.4,10.5,,28.8,2.2
2021-07-17,63.1,8.9,0.0,29.1,2.3
2021-07-18,62.5,8.4,,29.6,2.1
2021-07-19,80.1,3.1,67.4,26.4,1.9
2021-07-20,75.8,3.4,0.0,27.9,1.5
2021-07-21,64.0,11.3,,30.5,1.7
2021-07-22,59.8,11.4,,31.2,2.0
2021-07-23,61.8,12.4,,31.2,1.8
2021-07-24,57.4,12.3,,31.7,1.7
2021-07-25,55.8,13.0,,31.5,2.0
2021-07-26,54.9,13.2,,31.2,2.4
2021-07-27,60.5,7.3,,31.1,2.1
2021-07-28,67.4,6.5,0.0,30.4,1.9
2021-07-29,69.9,2.2,,29.6,2.0
2021-07-30,63.1,7.7,,30.5,2.1
2021-07-31,69.9,7.7,3.0,29.8,2.5
2021-08-01,81.8,0.0,21.0,27.1,1.3
2021-08-02,82.6,0.6,1.7,26.5,1.6
2021-08-03,76.9,4.3,0.0,28.0,1.8
2021-08-04,70.6,6.1,,28.9,2.0
2021-08-05,68.1,8.9,,29.4,2.1
2021-08-06,68.4,6.3,,28.1,2.1
2021-08-07,65.0,11.3,,28.0,2.1
2021-08-08,74.8,2.0,12.7,26.8,1.7
2021-08-09,62.4,8.6,,28.3,2.3
2021-08-10,62.5,8.5,,27.7,2.3
2021-08-11,70.3,5.3,0.0,27.4,2.0
2021-08-12,67.1,4.4,0.0,26.8,1.8
2021-08-13,70.4,1.7,,26.6,2.0
2021-08-14,63.9,4.5,,26.1,3.0
2021-08-15,59.6,10.2,,26.9,2.3
2021-08-16,61.1,10.4,0.0,27.3,2.3
2021-08-17,65.0,5.8,9.3,25.9,2.4
2021-08-18,69.6,5.8,5.6,24.3,2.8
2021-08-19,57.1,8.6,,26.0,2.6
2021-08-20,63.6,5.5,0.0,26.6,2.3
2021-08-21,88.1,1.0,62.8,23.8,2.7
2021-08-22,81.5,0.7,0.0,24.4,2.1
2021-08-23,89.3,0.0,7.4,22.4,2.0
2021-08-24,93.6,0.0,10.5,23.4,2.9
2021-08-25,85.5,0.7,0.3,25.0,1.8
2021-08-26,84.9,0.2,0.7,25.5,2.5
2021-08-27,83.5,0.0,0.9,22.4,1.3
2021-08-28,80.4,3.8,,23.6,1.8
2021-08-29,82.6,1.0,0.9,23.7,1.6
2021-08-30,77.5,1.1,0.0,24.2,1.4
2021-08-31,93.3,0.0,77.4,20.5,2.3
2021-09-01,83.1,0.0,0.8,21.4,2.9
2021-09-02,70.3,1.4,,23.5,2.1
2021-09-03,60.3,11.2,,24.3,2.4
2021-09-04,57.0,9.3,,23.2,2.7
2021-09-05,61.1,4.6,,23.1,3.2
2021-09-06,70.1,2.4,12.0,22.3,3.2
2021-09-07,98.1,0.0,29.6,19.6,2.3
2021-09-08,81.3,7.1,1.6,22.2,1.7
2021-09-09,76.5,8.0,,23.5,1.5
2021-09-10,76.0,6.4,,23.6,1.9
2021-09-11,73.1,8.7,,24.0,1.7
2021-09-12,64.6,10.2,,24.2,1.8
2021-09-13,67.1,6.1,,24.8,2.4
2021-09-14,63.3,10.3,,24.6,2.6
2021-09-15,57.5,11.4,,23.6,3.6
2021-09-16,61.1,9.1,,22.9,2.6
2021-09-17,61.4,6.6,,23.5,3.0
2021-09-18,65.1,8.8,,23.9,1.6
2021-09-19,62.9,2.8,,23.7,1.9
2021-09-20,63.6,10.3,,23.7,2.7
2021-09-21,85.1,4.3,68.1,22.0,2.9
2021-09-22,79.0,6.5,4.5,20.2,2.7
2021-09-23,67.3,8.0,,20.9,2.4
2021-09-24,67.5,9.9,,21.8,2.2
2021-09-25,72.6,0.0,,21.2,2.3
2021-09-26,63.0,8.3,,22.6,2.3
2021-09-27,66.0,2.2,0.0,21.6,2.4
2021-09-28,75.1,0.7,1.3,21.5,2.2
2021-09-29,93.5,0.0,13.1,20.2,1.7
2021-09-30,83.9,7.4,,20.3,1.5
2021-10-01,75.8,9.3,13.3,21.1,2.4
2021-10-02,77.1,8.1,,20.7,1.6
2021-10-03,69.5,8.4,,22.3,1.9
2021-10-04,81.0,0.0,3.6,22.9,2.9
2021-10-05,82.4,1.5,0.0,23.6,3.3
2021-10-06,91.5,1.2,6.4,18.8,2.8
2021-10-07,85.5,0.0,4.6,19.4,1.9
2021-10-08,91.3,0.0,3.5,18.8,1.7
2021-10-09,83.5,1.9,0.4,20.9,2.3
2021-10-10,89.0,0.0,14.2,19.9,2.2
2021-10-11,78.6,1.7,0.3,15.2,2.2
2021-10-12,67.1,3.0,,17.9,3.3
2021-10-13,66.6,9.0,,19.6,2.4
2021-10-14,73.6,6.1,,19.7,2.0
2021-10-15,74.4,0.7,0.0,19.0,2.1
2021-10-16,47.5,1.5,0.0,10.7,3.4
2021-10-17,37.4,10.3,,5.6,2.9
2021-10-18,60.4,4.3,5.6,9.6,2.0
2021-10-19,72.8,6.5,4.4,10.9,2.4
2021-10-20,64.9,10.0,,9.5,1.7
2021-10-21,64.1,4.0,,9.8,1.7
2021-10-22,58.4,10.0,,10.8,1.8
2021-10-23,57.3,9.6,,11.4,1.6
2021-10-24,63.1,9.9,,11.4,1.7
2021-10-25,64.5,7.0,,11.7,1.9
2021-10-26,74.5,8.6,,13.0,1.7
2021-10-27,63.4,8.2,0.0,13.4,2.2
2021-10-28,54.6,9.7,,12.7,1.4
2021-10-29,55.9,8.7,,14.6,2.0
2021-10-30,62.4,1.6,,13.8,1.6
2021-10-31,73.3,7.6,0.7,14.1,1.6
2021-11-01,77.3,6.3,,12.9,1.9
2021-11-02,76.6,7.8,,11.5,1.7
2021-11-03,71.1,8.5,,12.1,1.5
2021-11-04,80.4,3.9,0.0,12.1,1.3
2021-11-05,68.5,9.2,,13.0,1.5
2021-11-06,61.1,8.3,,14.1,1.6
2021-11-07,57.5,6.8,,15.3,2.1
2021-11-08,82.1,0.1,25.7,8.6,3.2
2021-11-09,80.3,0.0,2.0,4.9,2.4
2021-11-10,73.4,3.2,0.3,4.2,2.5
2021-11-11,60.6,6.3,0.0,5.3,2.9
2021-11-12,55.4,8.3,,4.5,2.6
2021-11-13,66.1,5.4,,7.3,1.5
2021-11-14,69.8,6.4,,11.3,2.2
2021-11-15,71.3,7.9,,10.1,1.6
2021-11-16,65.5,9.0,,8.5,1.9
2021-11-17,64.1,7.3,,7.5,1.6
2021-11-18,70.8,1.9,0.0,11.9,2.4
2021-11-19,84.8,0.9,,12.9,1.9
2021-11-20,77.0,5.6,,10.4,1.6
2021-11-21,74.4,0.0,5.9,10.4,1.9
2021-11-22,61.8,5.4,1.3,2.7,4.1
2021-11-23,60.9,5.7,,-0.6,3.2
2021-11-24,64.3,4.9,0.0,4.1,1.9
2021-11-25,55.0,7.9,,5.7,2.2
2021-11-26,57.5,4.7,0.0,2.9,2.2
2021-11-27,53.0,9.2,,3.4,1.6
2021-11-28,52.4,8.0,,5.1,1.5
2021-11-29,62.0,4.7,,7.6,1.6
2021-11-30,80.4,0.0,27.2,5.7,3.7
2021-12-01,51.8,9.1,,-1.3,4.2
2021-12-02,68.9,4.1,0.1,1.3,2.1
2021-12-03,53.3,9.1,0.4,1.9,2.9
2021-12-04,48.5,7.2,,1.4,2.0
2021-12-05,50.4,9.2,,2.9,1.4
2021-12-06,61.4,7.3,,5.4,1.6
2021-12-07,68.3,8.3,,6.8,1.2
2021-12-08,70.0,9.1,,6.7,1.5
2021-12-09,70.3,1.4,,6.5,2.2
2021-12-10,81.5,0.0,0.7,7.0,2.1
2021-12-11,83.6,3.5,,6.0,1.4
2021-12-12,61.8,8.0,,1.2,3.2
2021-12-13,43.8,9.1,,-2.2,2.3
2021-12-14,64.9,2.5,1.2,3.7,2.0
2021-12-15,84.8,0.9,2.1,7.2,1.7
2021-12-16,71.6,5.0,0.0,6.4,1.8
2021-12-17,50.5,8.7,,-5.6,4.6
2021-12-18,64.1,4.3,2.8,-5.7,2.0
2021-12-19,63.8,8.9,0.2,-0.8,2.0
2021-12-20,77.9,6.1,0.0,5.2,2.1
2021-12-21,70.9,6.0,,5.2,2.0
2021-12-22,47.4,8.9,,2.2,1.7
2021-12-23,53.5,6.9,,2.7,1.4
2021-12-24,65.3,0.0,0.2,-0.3,2.6
2021-12-25,42.4,9.1,,-11.7,3.9
2021-12-26,43.5,9.1,,-12.1,3.1
2021-12-27,60.9,3.8,0.0,-7.6,1.7
2021-12-28,73.8,1.7,,-4.1,2.2
2021-12-29,72.9,1.8,0.2,0.4,2.6
2021-12-30,48.5,7.3,0.0,-3.9,3.3
2021-12-31,35.9,9.0,,-6.7,3.5
2022-01-01,46.3,9.0,,-4.3,1.5
2022-01-02,57.9,5.4,0.3,-1.3,2.3
2022-01-03,58.3,7.8,0.0,-1.9,1.8
2022-01-04,51.8,9.0,0.0,-2.5,2.4
2022-01-05,47.6,1.9,,-2.8,1.7
2022-01-06,47.1,9.1,,-2.2,2.3
2022-01-07,47.1,9.1,,-1.6,1.5
2022-01-08,64.3,0.7,0.0,0.3,1.7
2022-01-09,71.5,4.5,,1.3,1.7
2022-01-10,68.3,3.9,0.9,0.5,2.0
2022-01-11,55.5,9.1,0.2,-7.4,4.0
2022-01-12,47.8,8.6,,-7.7,2.4
2022-01-13,45.8,9.1,,-6.4,3.3
2022-01-14,41.8,9.1,,-4.8,1.7
2022-01-15,48.3,0.9,0.0,-1.0,1.9
2022-01-16,54.5,8.8,0.0,-2.0,3.3
2022-01-17,59.9,4.5,0.5,-5.8,2.2
2022-01-18,47.9,9.2,,-5.6,2.3
2022-01-19,72.3,0.0,1.7,-5.3,2.1
2022-01-20,63.5,9.1,,-5.0,1.8
2022-01-21,55.6,9.2,,-2.7,1.8
2022-01-22,52.4,6.0,,0.3,1.7
2022-01-23,52.4,5.3,,2.0,1.7
2022-01-24,56.0,4.0,,4.6,3.5
2022-01-25,80.0,0.0,0.7,2.8,2.3
2022-01-26,62.8,8.4,,1.3,2.2
2022-01-27,50.0,8.9,,-1.1,2.1
2022-01-28,51.6,9.2,,-2.7,2.8
2022-01-29,48.9,9.5,,-3.6,2.4
2022-01-30,45.4,9.6,,-2.8,2.2
2022-01-31,59.0,8.0,1.2,-0.7,1.9
2022-02-01,76.6,4.7,1.7,-1.3,2.6
2022-02-02,60.5,9.2,,-3.4,2.4
2022-02-03,52.4,9.7,,-3.4,2.4
2022-02-04,53.3,7.3,0.0,-5.2,3.1
2022-02-05,48.8,9.1,,-6.6,3.1
2022-02-06,50.3,9.5,,-3.9,2.5
2022-02-07,51.3,6.5,,-2.5,1.8
2022-02-08,53.8,8.1,,-0.1,1.9
2022-02-09,52.3,9.2,,1.0,1.8
2022-02-10,57.8,9.6,,1.4,2.3
2022-02-11,61.1,8.9,,2.9,1.8
2022-02-12,50.4,9.3,,4.8,1.7
2022-02-13,44.9,3.0,,4.8,1.8
2022-02-14,68.3,0.9,1.7,2.5,2.9
2022-02-15,58.0,3.0,0.0,-4.7,3.8
2022-02-16,50.4,9.0,0.0,-7.3,3.7
2022-02-17,41.6,9.8,,-6.2,2.5
2022-02-18,40.4,8.6,,-1.2,2.0
2022-02-19,52.9,2.9,0.1,-1.7,2.9
2022-02-20,41.1,10.0,,-4.8,4.1
2022-02-21,56.3,6.5,0.1,-3.0,2.9
2022-02-22,43.3,8.0,,-4.5,3.2
2022-02-23,38.5,10.2,,-5.6,2.6
2022-02-24,52.4,10.3,,-2.4,2.2
2022-02-25,77.5,6.4,,3.0,2.3
2022-02-26,78.4,0.2,1.1,5.4,3.9
2022-02-27,56.6,10.5,,3.7,2.8
2022-02-28,62.3,3.4,,6.8,1.5
2022-03-01,70.5,2.5,2.3,5.8,2.3
2022-03-02,55.9,10.7,,3.5,2.7
2022-03-03,52.9,10.6,,5.8,2.1
2022-03-04,60.5,3.7,,6.9,3.6
2022-03-05,38.4,10.5,,2.3,4.3
2022-03-06,39.5,10.8,,1.4,2.6
2022-03-07,45.8,7.0,,2.8,2.0
2022-03-08,56.1,8.2,,6.0,2.0
2022-03-09,69.6,8.7,,7.1,1.9
2022-03-10,51.4,9.3,,9.3,2.1
2022-03-11,58.4,5.9,,11.2,1.9
2022-03-12,72.1,3.2,2.6,12.8,2.7
2022-03-13,95.5,0.0,42.1,11.7,1.9
2022-03-14,90.3,0.0,8.7,8.2,3.2
2022-03-15,72.6,7.1,,7.2,2.0
2022-03-16,62.6,8.1,,10.3,2.1
2022-03-17,62.0,1.9,1.2,10.7,2.7
2022-03-18,60.8,0.0,0.0,7.5,4.4
2022-03-19,84.6,0.0,14.6,3.4,3.0
2022-03-20,66.1,6.3,0.0,5.4,2.6
2022-03-21,49.5,6.8,,5.0,2.4
2022-03-22,48.9,11.0,,7.1,2.2
2022-03-23,56.8,0.0,,6.2,2.3
2022-03-24,70.6,0.7,,8.2,1.8
2022-03-25,70.0,1.3,10.9,12.0,2.6
2022-03-26,80.9,0.9,19.8,11.8,2.9
2022-03-27,49.1,10.4,,8.1,3.0
2022-03-28,35.6,11.7,,8.2,2.1
2022-03-29,52.9,11.2,,9.7,2.1
2022-03-30,76.5,1.2,0.4,10.8,1.8
2022-03-31,63.5,3.3,,10.9,2.5
2022-04-01,50.5,10.9,,9.2,2.6
2022-04-02,55.0,11.8,,8.2,2.3
2022-04-03,55.0,11.9,,9.6,2.1
2022-04-04,50.3,11.6,,10.3,2.3
2022-04-05,41.1,9.9,,10.3,2.4
2022-04-06,52.3,8.6,,11.7,2.5
2022-04-07,43.5,10.0,,10.9,3.3
2022-04-08,49.0,12.0,,12.9,2.1
2022-04-09,43.8,9.0,0.5,17.8,3.0
2022-04-10,46.0,11.5,,18.2,2.0
2022-04-11,60.4,10.2,,19.6,2.4
2022-04-12,77.9,6.0,0.5,19.3,2.8
2022-04-13,69.3,0.0,1.3,13.1,4.4
2022-04-14,53.4,0.0,,13.2,4.0
2022-04-15,46.8,12.2,,13.3,3.0
2022-04-16,48.5,12.3,,13.2,2.5
2022-04-17,53.8,11.7,,14.0,2.3
2022-04-18,46.1,7.8,,15.2,2.4
2022-04-19,51.9,12.1,,15.2,2.4
2022-04-20,48.8,12.3,,15.7,2.3
2022-04-21,48.4,6.3,,16.3,2.8
2022-04-22,76.8,0.0,,15.0,3.5
2022-04-23,57.3,9.1,,17.7,1.7
2022-04-24,72.5,7.0,0.3,18.5,2.3
2022-04-25,80.5,0.3,1.3,20.0,1.4
2022-04-26,57.9,9.5,1.0,21.9,3.1
2022-04-27,31.5,11.8,,17.7,2.7
2022-04-28,44.0,8.3,0.0,18.2,2.6
2022-04-29,70.6,1.5,15.5,13.4,3.4
2022-04-30,68.0,0.8,,13.0,2.9
2022-05-01,54.8,10.0,,13.4,3.1
2022-05-02,56.5,10.4,,14.2,2.4
2022-05-03,45.9,12.5,,14.8,2.5
2022-05-04,43.3,12.6,,17.8,2.7
2022-05-05,48.1,12.7,,18.9,2.2
2022-05-06,67.1,10.3,,19.6,2.5
2022-05-07,52.4,6.8,0.5,18.4,3.0
2022-05-08,51.8,0.0,2.0,15.3,2.8
2022-05-09,56.4,12.8,,17.9,2.2
2022-05-10,39.0,9.5,0.0,19.9,2.2
2022-05-11,50.4,9.8,0.0,19.7,2.4
2022-05-12,51.5,11.4,,20.9,1.9
2022-05-13,45.8,4.8,,19.4,2.2
2022-05-14,45.5,10.8,,15.7,3.3
2022-05-15,39.8,12.9,,16.2,3.2
2022-05-16,56.3,13.1,,17.3,2.8
2022-05-17,60.1,12.8,,20.0,2.4
2022-05-18,59.4,6.4,1.5,20.0,2.9
2022-05-19,53.6,7.8,,19.9,3.0
2022-05-20,52.8,10.8,,20.6,2.3
2022-05-21,70.8,9.3,,20.1,2.5
2022-05-22,70.9,9.0,,20.3,2.5
2022-05-23,63.5,10.4,,23.0,2.3
2022-05-24,56.8,12.3,,22.9,2.1
2022-05-25,66.6,8.1,3.5,21.0,2.6
2022-05-26,59.9,11.6,0.0,18.7,3.7
2022-05-27,62.5,11.8,0.0,20.0,3.3
2022-05-28,54.1,12.4,,22.3,2.8
2022-05-29,66.4,7.0,,23.1,2.3
2022-05-30,71.0,0.2,0.0,20.8,2.5
2022-05-31,42.4,12.0,,20.7,2.5
2022-06-01,41.6,13.5,,22.1,2.6
2022-06-02,67.4,10.4,,21.5,2.7
2022-06-03,62.8,10.6,,24.5,2.0
2022-06-04,57.0,6.2,,25.6,1.7
2022-06-05,59.8,0.1,0.0,22.7,2.3
2022-06-06,69.0,5.5,4.3,19.7,3.2
2022-06-07,54.5,6.2,0.0,20.6,2.7
2022-06-08,61.6,5.1,,21.2,2.3
2022-06-09,76.1,2.6,2.6,20.9,1.6
2022-06-10,75.8,4.8,1.2,20.9,1.9
2022-06-11,59.6,10.7,,24.6,2.2
2022-06-12,58.9,9.3,,24.6,2.5
2022-06-13,68.5,7.7,18.0,23.6,2.6
2022-06-14,56.4,5.7,0.0,21.5,4.2
2022-06-15,92.4,0.0,18.5,17.5,2.3
2022-06-16,78.4,3.8,0.7,20.3,2.3
2022-06-17,76.4,3.2,,22.5,1.9
2022-06-18,79.6,0.0,0.0,23.3,1.7
2022-06-19,81.6,0.0,,23.4,1.4
2022-06-20,76.6,1.8,,25.2,1.3
2022-06-21,72.6,12.6,,26.5,2.0
2022-06-22,71.1,7.4,,25.9,2.1
2022-06-23,89.1,0.0,103.0,24.3,2.8
2022-06-24,90.9,1.7,19.1,22.6,3.5
2022-06-25,80.4,3.0,,26.0,2.8
2022-06-26,82.1,0.0,,26.5,2.6
2022-06-27,84.4,0.0,6.1,26.8,2.8
2022-06-28,81.9,0.0,6.3,26.9,5.8
2022-06-29,95.5,0.0,37.8,25.1,4.1
2022-06-30,99.3,0.0,176.2,22.3,2.3
2022-07-01,83.3,7.2,,26.6,2.1
2022-07-02,72.8,10.8,,28.8,1.7
2022-07-03,68.6,10.8,,29.3,1.7
2022-07-04,71.8,3.6,0.0,29.3,1.8
2022-07-05,73.8,2.6,0.0,29.2,1.7
2022-07-06,76.0,1.1,16.1,29.5,2.1
2022-07-07,82.3,0.6,0.0,28.2,2.8
2022-07-08,84.4,0.0,1.7,25.8,2.9
2022-07-09,82.1,1.8,0.1,26.9,1.7
2022-07-10,68.0,8.4,0.0,29.2,1.7
2022-07-11,75.0,2.8,9.0,27.0,1.8
2022-07-12,73.1,0.8,,26.8,2.2
2022-07-13,93.9,0.0,114.5,25.0,1.8
2022-07-14,84.6,3.9,0.9,25.7,2.3
2022-07-15,76.5,8.9,,26.0,2.3
2022-07-16,83.4,1.5,34.0,24.8,2.0
2022-07-17,78.9,3.6,0.0,25.5,1.8
2022-07-18,76.0,5.2,,26.8,2.2
2022-07-19,74.1,8.4,,27.4,2.3
2022-07-20,76.1,3.1,1.1,27.1,2.2
2022-07-21,87.6,0.5,10.4,23.2,2.9
2022-07-22,81.5,2.5,5.2,25.1,1.9
2022-07-23,83.6,0.1,9.9,24.8,2.0
2022-07-24,86.9,0.4,1.2,25.0,2.1
2022-07-25,75.0,9.6,,27.5,1.9
2022-07-26,72.5,9.0,,28.9,1.8
2022-07-27,66.3,6.0,,29.3,2.0
2022-07-28,63.8,9.9,,29.7,2.4
2022-07-29,68.1,7.6,,30.7,2.2
2022-07-30,68.4,9.4,1.0,30.9,2.6
2022-07-31,85.8,0.0,47.2,27.2,2.5
2022-08-01,82.4,3.2,30.0,28.6,2.4
2022-08-02,90.0,0.0,33.5,26.8,2.8
2022-08-03,90.1,1.3,51.1,27.1,2.8
2022-08-04,79.3,8.7,0.0,28.9,2.5
2022-08-05,76.6,6.3,0.0,29.4,2.6
2022-08-06,85.3,0.4,13.6,28.7,1.7
2022-08-07,82.1,0.6,0.9,28.9,2.4
2022-08-08,91.6,,129.6,26.8,3.3
2022-08-09,96.0,0.0,123.1,25.1,2.6
2022-08-10,85.3,3.1,7.6,24.7,1.6
2022-08-11,87.9,0.8,38.8,25.0,1.6
2022-08-12,73.8,10.6,,27.0,1.7
2022-08-13,82.8,0.8,4.0,25.8,1.3
2022-08-14,83.0,2.2,3.0,27.6,1.9
2022-08-15,83.0,0.0,0.9,28.1,4.8
2022-08-16,75.4,9.2,0.0,26.7,2.6
2022-08-17,76.6,6.0,0.0,26.0,2.0
2022-08-18,75.8,2.6,,25.6,1.9
2022-08-19,86.1,0.0,66.1,26.0,2.3
2022-08-20,80.0,9.6,0.0,28.2,2.4
2022-08-21,75.3,5.5,,28.1,1.7
2022-08-22,75.6,1.5,3.2,26.8,2.3
2022-08-23,75.0,7.1,2.2,25.4,2.0
2022-08-24,66.9,2.0,,24.8,2.5
2022-08-25,78.0,0.0,1.6,22.2,1.8
2022-08-26,75.3,7.8,,23.8,2.4
2022-08-27,63.1,12.4,17.6,21.5,2.8
2022-08-28,59.4,12.1,,22.6,1.7
2022-08-29,74.0,0.0,2.2,21.0,2.3
2022-08-30,96.3,0.0,35.8,19.1,2.6
2022-08-31,83.3,2.5,0.0,21.7,1.8
2022-09-01,70.8,12.1,,24.0,1.7
2022-09-02,61.8,11.6,,24.7,3.1
2022-09-03,63.0,4.5,,24.2,3.4
2022-09-04,88.6,0.0,33.8,22.3,3.1
2022-09-05,95.9,0.0,120.0,19.2,3.2
2022-09-06,78.0,8.4,25.3,21.0,3.6
2022-09-07,65.3,11.9,,22.8,1.9
2022-09-08,65.5,11.8,,23.2,1.6
2022-09-09,59.1,11.1,,24.3,2.0
2022-09-10,52.3,6.5,,23.6,2.6
2022-09-11,68.6,1.8,0.1,23.3,2.1
2022-09-12,76.1,3.5,,23.8,1.6
2022-09-13,73.0,0.1,0.0,24.3,2.5
2022-09-14,56.9,1.1,0.0,24.6,4.6
2022-09-15,66.9,3.4,0.1,25.2,3.6
2022-09-16,78.6,1.8,14.6,25.7,2.9
2022-09-17,83.1,3.8,4.3,25.6,1.4
2022-09-18,75.3,5.7,,27.1,2.0
2022-09-19,63.1,6.9,,24.6,3.3
2022-09-20,57.0,9.7,,19.9,2.3
2022-09-21,56.9,11.0,,19.4,1.8
2022-09-22,60.1,7.4,,19.8,2.0
2022-09-23,68.9,7.9,3.3,17.5,3.1
2022-09-24,64.6,10.7,,18.5,1.8
2022-09-25,63.3,7.8,,19.6,1.6
2022-09-26,58.5,8.7,,20.0,1.7
2022-09-27,59.0,11.2,,20.9,1.6
2022-09-28,71.0,5.0,,20.4,1.8
2022-09-29,73.5,7.9,,20.4,1.4
2022-09-30,68.0,10.6,,20.7,1.6
2022-10-01,63.3,7.9,,20.9,1.6
2022-10-02,78.9,0.0,15.8,19.4,2.7
2022-10-03,98.5,0.0,76.0,21.4,2.7
2022-10-04,83.8,0.4,11.8,17.9,2.9
2022-10-05,74.8,4.9,0.1,16.6,2.1
2022-10-06,76.6,1.6,0.0,15.8,2.1
2022-10-07,69.5,7.6,,14.3,2.5
2022-10-08,64.6,9.5,,15.8,2.5
2022-10-09,85.8,0.0,20.4,13.1,2.1
2022-10-10,72.9,2.3,0.0,9.9,3.8
2022-10-11,69.1,10.3,,11.1,2.2
2022-10-12,68.1,10.6,,13.5,1.8
2022-10-13,69.6,10.4,,16.3,1.5
2022-10-14,73.4,4.9,,17.1,1.6
2022-10-15,68.5,8.2,,18.2,1.4
2022-10-16,73.9,0.6,,16.9,1.7
2022-10-17,50.3,10.1,,11.2,3.4
2022-10-18,52.1,10.2,,9.4,2.3
2022-10-19,57.8,10.2,,10.5,1.8
2022-10-20,64.4,10.1,,12.9,1.8
2022-10-21,68.8,8.8,,14.0,1.7
2022-10-22,76.3,9.3,,15.1,1.9
2022-10-23,65.0,7.7,,14.0,2.7
2022-10-24,52.6,9.9,,10.6,2.8
2022-10-25,56.5,9.9,,11.3,2.0
2022-10-26,58.3,7.3,,12.9,1.9
2022-10-27,71.8,9.2,,13.2,1.7
2022-10-28,70.1,8.3,,13.6,1.7
2022-10-29,65.9,9.3,,14.8,1.8
2022-10-30,64.5,8.9,,14.9,1.9
2022-10-31,69.8,7.6,,14.9,2.1
2022-11-01,73.5,4.7,,13.1,1.8
2022-11-02,57.1,9.6,,11.1,1.7
2022-11-03,58.1,0.6,0.0,9.3,2.0
2022-11-04,41.8,9.6,,4.9,2.9
2022-11-05,51.3,9.7,,6.5,1.7
2022-11-06,60.5,9.6,,9.6,1.8
2022-11-07,64.5,4.4,0.0,11.4,1.7
2022-11-08,68.3,8.1,,12.9,1.5
2022-11-09,76.0,5.3,,11.4,1.5
2022-11-10,74.5,7.9,,13.5,1.3
2022-11-11,62.5,8.8,,15.6,1.8
2022-11-12,80.0,2.6,57.9,16.3,2.2
2022-11-13,85.6,0.0,,10.3,2.6
2022-11-14,74.8,4.5,,9.7,2.3
2022-11-15,77.4,2.9,1.6,8.1,2.0
2022-11-16,71.3,8.3,,8.5,1.7
2022-11-17,64.6,9.1,,10.2,1.6
2022-11-18,69.6,9.1,,11.0,1.6
2022-11-19,55.8,9.0,,12.9,2.3
2022-11-20,58.3,9.1,,13.7,1.7
2022-11-21,70.5,3.1,,11.8,1.6
2022-11-22,69.9,1.6,0.0,10.7,1.9
2022-11-23,56.0,7.9,0.0,10.8,2.1
2022-11-24,65.6,6.5,,9.4,1.5
2022-11-25,67.1,7.6,1.7,12.3,3.0
2022-11-26,52.4,8.6,,6.7,3.0
2022-11-27,43.1,7.4,,5.4,2.4
2022-11-28,65.5,0.8,19.5,12.3,2.7
2022-11-29,67.0,2.0,3.8,6.9,3.5
2022-11-30,49.1,9.1,,-5.4,3.9
2022-12-01,43.4,8.1,,-5.4,2.4
2022-12-02,42.0,9.0,,-2.5,1.7
2022-12-03,70.5,2.6,1.1,2.1,2.6
2022-12-04,38.9,1.3,,-3.5,2.8
2022-12-05,41.9,8.6,,-3.1,2.4
2022-12-06,62.8,4.8,0.1,0.9,2.4
2022-12-07,60.4,7.8,0.1,4.9,2.7
2022-12-08,57.5,9.0,,3.7,1.4
2022-12-09,60.8,4.9,0.0,4.5,2.0
2022-12-10,46.5,3.6,,2.6,1.3
2022-12-11,52.5,8.9,,1.6,1.8
2022-12-12,73.4,2.3,5.4,2.0,1.7
2022-12-13,70.8,1.7,0.6,0.0,3.5
2022-12-14,50.1,8.9,,-8.4,3.2
2022-12-15,79.1,0.0,2.4,-4.5,2.5
2022-12-16,56.9,8.2,,-6.3,2.0
2022-12-17,52.0,7.4,0.2,-7.0,2.7
2022-12-18,47.1,9.0,,-9.5,2.6
2022-12-19,55.6,6.5,,-7.0,1.7
2022-12-20,55.8,7.7,,-3.2,2.2
2022-12-21,82.4,0.0,3.6,-0.1,2.7
2022-12-22,60.5,7.4,,-7.8,4.4
2022-12-23,60.5,8.4,,-11.8,4.3
2022-12-24,54.9,8.9,,-8.4,1.8
2022-12-25,66.5,9.0,,-5.4,1.7
2022-12-26,68.4,7.6,,-3.9,1.4
2022-12-27,69.8,8.8,,-2.6,1.8
2022-12-28,58.1,8.7,0.1,-3.3,2.5
2022-12-29,56.3,9.0,0.0,-2.9,1.7
2022-12-30,65.6,7.9,0.0,-1.8,1.9
2022-12-31,65.5,1.1,0.0,-1.2,1.4
2023-01-01,54.5,9.0,,-0.2,2.7
2023-01-02,45.9,9.1,,-4.5,2.5
2023-01-03,49.0,9.1,,-5.0,1.8
2023-01-04,51.4,8.7,,-1.8,1.9
2023-01-05,58.1,4.7,,-1.6,1.6
2023-01-06,71.9,7.1,3.9,0.6,2.2
2023-01-07,80.9,1.0,0.1,1.5,2.2
2023-01-08,69.3,7.1,,1.3,1.7
2023-01-09,60.1,7.8,,3.1,2.3
2023-01-10,59.9,8.8,,1.6,1.5
2023-01-11,61.9,8.8,,2.6,1.6
2023-01-12,46.6,9.0,0.0,5.9,2.2
2023-01-13,99.1,0.0,37.3,8.3,2.5
2023-01-14,92.9,0.0,1.6,6.6,2.5
2023-01-15,93.9,0.0,3.2,-0.2,2.8
2023-01-16,63.1,8.8,0.0,-4.6,2.7
2023-01-17,65.1,0.2,0.0,-3.7,1.8
2023-01-18,60.5,8.9,0.0,-1.9,2.0
2023-01-19,69.3,3.1,1.0,-0.4,2.5
2023-01-20,52.4,8.7,,-3.3,3.7
2023-01-21,55.4,8.5,,-4.5,1.8
2023-01-22,62.8,0.3,0.0,-0.6,2.6
2023-01-23,66.6,7.3,,-0.8,2.7
2023-01-24,51.9,9.4,0.0,-14.7,4.6
2023-01-25,45.1,9.4,0.0,-11.3,2.1
2023-01-26,80.1,0.0,0.8,-6.0,2.5
2023-01-27,56.5,9.4,,-7.3,3.5
2023-01-28,54.9,9.0,0.0,-6.0,2.4
2023-01-29,58.3,5.2,,-1.8,2.6
2023-01-30,55.9,9.5,,-0.9,2.1
2023-01-31,69.1,3.0,,2.4,2.7
2023-02-01,68.4,8.9,,0.9,3.2
2023-02-02,50.3,7.6,,-2.4,2.5
2023-02-03,47.4,8.6,,-1.6,2.2
2023-02-04,49.8,8.2,,-0.2,2.0
2023-02-05,71.0,7.0,,1.7,1.8
2023-02-06,72.3,7.1,,3.0,1.6
2023-02-07,72.9,6.4,,3.5,1.5
2023-02-08,62.1,9.5,,2.1,2.5
2023-02-09,49.9,6.7,0.0,4.0,2.5
2023-02-10,79.6,2.0,0.6,3.8,2.2
2023-02-11,73.0,5.5,,2.8,1.8
2023-02-12,70.0,2.0,,3.7,1.8
2023-02-13,66.5,0.8,,5.9,2.3
2023-02-14,54.9,9.5,,1.7,2.7
2023-02-15,46.4,9.4,,3.2,2.5
2023-02-16,68.3,1.9,0.0,2.3,2.7
2023-02-17,67.8,7.5,,3.4,1.8
2023-02-18,58.3,0.0,,5.7,1.5
2023-02-19,56.1,7.0,0.4,3.5,3.3
2023-02-20,46.4,9.5,,-0.5,3.3
2023-02-21,42.4,10.0,,-1.3,2.1
2023-02-22,50.6,9.2,,1.2,2.2
2023-02-23,65.5,10.0,,2.9,1.9
2023-02-24,57.9,9.8,,3.5,3.0
2023-02-25,44.0,10.2,,0.7,2.9
2023-02-26,46.6,10.4,,2.2,2.1
2023-02-27,47.4,10.5,,4.4,1.9
2023-02-28,63.4,3.0,,4.3,2.0
2023-03-01,54.4,4.1,,6.0,3.1
2023-03-02,37.8,10.5,,2.2,2.8
2023-03-03,65.0,7.5,,4.6,2.1
2023-03-04,68.4,8.7,,7.7,1.9
2023-03-05,54.0,10.1,,8.0,1.7
2023-03-06,41.9,10.0,,9.2,2.1
2023-03-07,60.9,7.0,,11.7,2.3
2023-03-08,66.3,1.8,1.2,12.5,2.0
2023-03-09,85.9,2.0,3.7,10.3,2.3
2023-03-10,62.1,9.6,,13.5,2.1
2023-03-11,52.0,7.6,,15.2,2.4
2023-03-12,68.0,0.8,5.6,5.9,3.7
2023-03-13,38.9,9.8,,2.9,3.2
2023-03-14,45.9,9.1,,9.2,2.9
2023-03-15,66.6,1.2,,8.6,3.0
2023-03-16,36.8,6.7,,4.6,2.4
2023-03-17,34.3,4.4,,7.2,1.7
2023-03-18,46.4,9.9,,7.7,2.6
2023-03-19,59.6,11.1,,8.3,2.1
2023-03-20,50.4,10.0,,9.5,1.6
2023-03-21,35.1,10.8,,13.0,1.7
2023-03-22,44.8,6.2,,17.0,1.8
2023-03-23,48.9,5.3,0.0,17.4,2.5
2023-03-24,36.8,6.6,,12.5,2.3
2023-03-25,59.9,5.7,,12.5,2.3
2023-03-26,34.0,11.1,,9.4,3.6
2023-03-27,44.8,11.1,,7.3,2.3
2023-03-28,53.3,7.4,,9.2,2.1
2023-03-29,50.3,11.0,,11.8,1.9
2023-03-30,42.5,11.5,,13.3,2.2
2023-03-31,42.5,11.2,,15.0,2.1
2023-04-01,40.4,10.8,,17.5,1.8
2023-04-02,29.6,11.7,,18.8,2.4
2023-04-03,29.4,11.0,,19.0,2.3
2023-04-04,40.4,1.6,6.9,17.6,2.6
2023-04-05,97.8,0.0,50.3,11.9,3.4
2023-04-06,94.6,0.0,2.7,8.8,2.5
2023-04-07,65.0,10.4,,8.9,2.9
2023-04-08,51.1,11.9,,8.8,3.2
2023-04-09,56.8,12.0,,10.8,2.5
2023-04-10,50.8,10.1,,13.2,2.7
2023-04-11,73.4,0.0,2.9,13.1,3.6
2023-04-12,45.1,10.7,,10.1,2.7
2023-04-13,45.0,4.4,0.0,11.9,1.8
2023-04-14,58.6,3.3,,16.2,1.6
2023-04-15,81.8,2.3,4.6,13.5,2.2
2023-04-16,71.4,3.2,0.0,10.8,2.5
2023-04-17,59.0,6.1,,13.1,2.0
2023-04-18,78.6,3.6,1.5,14.0,2.7
2023-04-19,66.1,12.3,,19.1,2.4
2023-04-20,92.1,0.0,0.5,15.8,2.4
2023-04-21,50.4,7.8,,16.7,2.5
2023-04-22,22.9,5.6,,16.9,2.6
2023-04-23,34.1,4.4,,16.1,2.1
2023-04-24,40.5,7.8,,15.8,2.7
2023-04-25,68.6,0.0,0.4,10.9,1.9
2023-04-26,69.9,4.1,0.0,10.2,3.1
2023-04-27,61.6,12.2,,12.9,1.9
2023-04-28,62.0,8.4,1.9,15.7,2.1
2023-04-29,88.1,0.8,25.1,13.2,2.9
2023-04-30,72.9,5.8,0.1,12.7,3.3
2023-05-01,57.0,11.4,,14.6,2.5
2023-05-02,40.5,8.2,,16.7,2.1
2023-05-03,52.5,10.4,,19.5,2.1
2023-05-04,65.5,2.5,,21.4,2.1
2023-05-05,95.3,0.0,30.2,18.4,2.5
2023-05-06,85.6,0.0,47.5,12.6,5.4
2023-05-07,47.1,2.2,,14.4,2.6
2023-05-08,55.3,12.7,,15.3,2.2
2023-05-09,55.4,12.8,,17.0,2.3
2023-05-10,53.3,12.7,,18.4,1.8
2023-05-11,50.1,12.9,,19.5,2.3
2023-05-12,50.9,6.7,,18.4,1.8
2023-05-13,62.0,8.8,0.0,17.8,2.0
2023-05-14,56.5,9.6,,18.1,2.0
2023-05-15,54.6,11.6,,20.6,2.4
2023-05-16,51.9,12.1,,24.0,2.5
2023-05-17,63.6,11.4,,23.5,3.4
2023-05-18,74.8,1.4,1.3,21.2,2.1
2023-05-19,61.4,9.4,,22.3,2.3
2023-05-20,66.9,9.7,,21.2,3.0
2023-05-21,74.0,5.8,0.2,17.8,3.0
2023-05-22,61.3,7.9,0.0,20.3,1.9
2023-05-23,48.0,13.2,,20.5,2.2
2023-05-24,49.8,6.2,,20.6,2.0
2023-05-25,46.6,10.4,0.0,21.2,2.4
2023-05-26,57.4,10.7,0.5,21.4,2.1
2023-05-27,87.4,0.0,31.8,19.3,1.7
2023-05-28,98.9,0.0,41.8,19.2,1.8
2023-05-29,83.4,4.1,2.3,23.2,1.6
2023-05-30,69.5,3.7,,24.0,2.2
2023-05-31,60.8,7.1,,22.8,2.5
2023-06-01,66.9,2.2,,22.8,1.9
2023-06-02,77.4,5.2,0.0,20.4,2.3
2023-06-03,60.1,13.3,,22.0,2.7
2023-06-04,61.0,11.1,,22.1,2.4
2023-06-05,66.9,10.9,,21.5,2.6
2023-06-06,72.9,7.9,0.0,20.3,2.6
2023-06-07,75.3,1.0,0.0,21.4,2.1
2023-06-08,80.5,0.9,1.9,20.4,2.4
2023-06-09,64.0,11.8,1.2,23.3,2.0
2023-06-10,70.0,5.6,0.8,23.2,2.3
2023-06-11,76.1,6.4,32.2,22.1,2.2
2023-06-12,70.5,6.7,0.0,22.2,1.7
2023-06-13,70.0,9.9,0.0,22.0,2.2
2023-06-14,80.3,4.2,30.6,20.6,1.5
2023-06-15,70.8,8.8,,22.7,2.1
2023-06-16,64.4,12.5,,23.7,2.1
2023-06-17,57.1,10.8,,24.2,2.0
2023-06-18,60.5,12.3,,25.9,2.0
2023-06-19,57.8,11.0,,28.5,2.2
2023-06-20,64.5,0.0,6.4,24.7,1.9
2023-06-21,92.6,0.0,24.9,20.5,2.1
2023-06-22,77.1,6.9,0.0,22.5,2.2
2023-06-23,76.6,5.3,,24.4,1.5
2023-06-24,70.5,9.7,,26.4,2.0
2023-06-25,64.9,8.7,,28.2,2.1
2023-06-26,88.6,0.0,30.3,24.2,2.9
2023-06-27,73.1,6.8,2.5,25.3,3.2
2023-06-28,77.4,3.8,0.0,26.5,2.5
2023-06-29,95.4,0.0,63.8,24.2,2.3
2023-06-30,89.8,1.4,1.0,25.3,1.8
2023-07-01,76.9,12.4,,27.7,2.0
2023-07-02,79.5,4.3,,26.7,1.9
2023-07-03,72.0,8.8,,29.1,1.8
2023-07-04,86.8,0.0,61.8,26.1,2.3
2023-07-05,82.6,4.5,15.3,24.5,3.7
2023-07-06,70.9,8.8,,27.3,2.7
2023-07-07,64.9,8.7,,26.7,2.3
2023-07-08,76.5,1.6,,25.6,2.2
2023-07-09,86.4,1.1,47.5,24.7,2.0
2023-07-10,80.4,5.9,11.5,26.3,2.3
2023-07-11,92.4,0.0,58.3,23.5,1.9
2023-07-12,86.4,1.2,0.7,25.8,1.5
2023-07-13,95.0,0.0,91.6,25.2,1.6
2023-07-14,99.1,0.0,72.7,24.6,2.9
2023-07-15,93.5,0.0,2.3,24.5,3.0
2023-07-16,89.5,0.0,9.7,24.6,2.3
2023-07-17,86.1,0.4,1.4,25.5,1.7
2023-07-18,87.9,2.0,2.3,25.2,1.4
2023-07-19,78.8,11.5,,27.2,1.7
2023-07-20,74.0,9.9,,27.9,1.8
2023-07-21,69.6,10.2,,29.5,1.8
2023-07-22,73.9,6.4,12.3,27.7,2.6
2023-07-23,94.3,0.0,40.2,25.2,2.1
2023-07-24,83.1,3.2,0.4,26.9,2.0
2023-07-25,80.5,3.5,5.6,27.8,2.7
2023-07-26,80.9,3.0,1.0,27.6,2.2
2023-07-27,78.1,6.8,0.0,28.4,1.9
2023-07-28,72.4,9.5,,29.5,2.1
2023-07-29,72.1,6.8,,29.1,2.0
2023-07-30,72.5,9.1,25.0,28.8,1.9
2023-07-31,76.3,6.5,0.3,28.7,1.7
2023-08-01,71.6,10.3,,29.9,1.9
2023-08-02,67.8,11.2,,29.7,2.1
2023-08-03,67.0,11.0,,29.5,2.1
2023-08-04,67.6,9.6,,30.0,1.9
2023-08-05,69.0,12.7,,30.3,2.0
2023-08-06,76.5,3.8,4.9,29.8,1.7
2023-08-07,68.4,5.8,,30.4,2.7
2023-08-08,60.5,11.0,,30.9,2.9
2023-08-09,67.6,3.3,0.2,28.3,3.2
2023-08-10,91.9,0.0,86.1,22.2,3.7
2023-08-11,93.1,0.0,46.7,23.5,2.3
2023-08-12,91.0,0.1,1.5,23.3,1.9
2023-08-13,76.9,2.7,,27.0,1.7
2023-08-14,75.4,3.9,,28.1,1.6
2023-08-15,71.4,7.7,,28.6,2.3
2023-08-16,72.0,3.7,0.3,27.3,2.1
2023-08-17,73.0,6.2,,28.2,1.7
2023-08-18,72.1,7.3,0.1,29.1,1.9
2023-08-19,68.9,9.1,,29.1,1.9
2023-08-20,71.8,3.6,0.0,28.3,1.6
2023-08-21,69.8,6.4,0.0,29.5,2.4
2023-08-22,80.3,1.3,42.6,27.6,2.4
2023-08-23,91.3,0.1,41.8,24.8,2.2
2023-08-24,84.8,1.5,5.2,25.1,2.8
2023-08-25,77.9,8.3,0.0,26.5,2.6
2023-08-26,72.3,7.3,,26.4,1.8
2023-08-27,75.0,1.2,0.0,26.1,1.8
2023-08-28,87.5,0.0,10.4,22.7,3.3
2023-08-29,89.6,0.0,54.8,23.9,2.1
2023-08-30,88.0,0.0,3.5,22.8,1.1
2023-08-31,76.9,7.0,,23.9,1.3
2023-09-01,70.6,12.1,,24.5,2.0
2023-09-02,63.9,11.3,,25.4,1.6
2023-09-03,77.8,1.9,0.1,25.8,2.2
2023-09-04,79.9,0.7,0.3,27.0,1.8
2023-09-05,69.5,7.0,0.0,28.5,1.8
2023-09-06,65.1,11.3,,27.9,2.4
2023-09-07,54.8,12.1,,26.3,2.5
2023-09-08,60.3,12.0,,25.3,2.3
2023-09-09,66.3,10.9,,25.8,1.8
2023-09-10,68.1,5.7,,25.7,1.6
2023-09-11,67.3,5.1,,25.5,1.9
2023-09-12,69.8,3.5,,25.7,1.5
2023-09-13,84.5,0.0,15.9,22.1,1.8
2023-09-14,72.4,4.2,,23.4,2.4
2023-09-15,82.3,0.1,2.1,22.3,2.6
2023-09-16,87.8,0.1,38.7,23.9,1.7
2023-09-17,84.8,3.3,3.0,24.7,1.4
2023-09-18,79.1,4.9,,24.7,1.9
2023-09-19,81.1,1.3,,24.1,1.6
2023-09-20,90.4,0.0,35.8,20.6,2.7
2023-09-21,70.9,2.4,0.0,20.1,2.3
2023-09-22,68.4,10.4,,20.5,1.7
2023-09-23,63.9,10.9,,21.8,2.5
2023-09-24,56.4,9.0,,21.8,2.9
2023-09-25,66.4,1.3,1.9,21.6,2.3
2023-09-26,95.8,0.0,27.8,19.9,2.4
2023-09-27,90.1,0.1,4.4,21.5,1.8
2023-09-28,78.3,8.4,,22.7,2.0
2023-09-29,61.5,5.5,,21.1,1.4
2023-09-30,77.0,1.6,4.5,19.7,2.2
2023-10-01,59.5,10.4,,18.4,2.4
2023-10-02,53.8,10.3,,18.2,1.7
2023-10-03,66.3,3.0,,17.5,1.7
2023-10-04,75.5,5.3,14.7,17.3,2.1
2023-10-05,46.1,10.6,,14.2,2.6
2023-10-06,55.3,8.8,,15.5,1.6
2023-10-07,62.6,5.2,,16.8,2.1
2023-10-08,67.1,0.0,0.0,17.1,2.5
2023-10-09,68.1,4.2,1.2,17.4,1.9
2023-10-10,67.1,10.6,,17.1,1.6
2023-10-11,57.5,10.0,,17.6,1.7
2023-10-12,62.4,7.3,,17.5,1.5
2023-10-13,69.6,2.5,,17.5,1.5
2023-10-14,84.9,2.5,5.8,14.7,1.4
2023-10-15,80.0,6.1,,16.1,2.0
2023-10-16,57.0,10.4,,14.7,2.4
2023-10-17,55.6,10.4,,13.8,1.6
2023-10-18,67.0,8.3,,15.7,2.1
2023-10-19,82.5,0.0,8.2,17.0,1.5
2023-10-20,46.9,10.1,,11.6,3.2
2023-10-21,54.8,8.6,1.1,10.4,2.3
2023-10-22,67.3,8.6,,12.5,1.7
2023-10-23,73.8,6.5,,15.2,1.7
2023-10-24,78.5,3.7,,15.6,1.7
2023-10-25,78.6,6.0,,16.6,1.4
2023-10-26,79.4,0.8,0.0,17.2,2.1
2023-10-27,71.1,4.6,,15.7,1.9
2023-10-28,62.9,9.7,,14.2,1.4
2023-10-29,61.6,9.7,,14.9,1.7
2023-10-30,72.0,9.3,,15.1,1.7
2023-10-31,76.0,5.2,,16.5,1.8
2023-11-01,81.8,0.0,0.0,19.0,2.4
2023-11-02,70.9,8.0,,20.8,2.9
2023-11-03,83.3,1.2,8.5,19.5,2.8
2023-11-04,75.5,2.8,,17.4,2.6
2023-11-05,87.0,0.0,10.4,17.3,3.3
2023-11-06,84.9,0.8,45.8,13.3,4.9
2023-11-07,62.5,8.4,0.0,5.8,3.2
2023-11-08,55.1,9.4,,8.4,1.7
2023-11-09,73.1,2.1,5.1,11.4,2.1
2023-11-10,53.1,9.0,,3.4,3.9
2023-11-11,47.9,7.0,,1.7,2.2
2023-11-12,53.8,9.5,,1.2,2.2
2023-11-13,54.0,9.5,,2.0,2.3
2023-11-14,66.1,9.3,,5.0,1.7
2023-11-15,71.4,6.9,,7.0,1.5
2023-11-16,85.0,0.0,8.4,6.6,1.9
2023-11-17,59.3,5.0,0.0,1.6,2.9
2023-11-18,58.9,9.3,,0.6,3.5
2023-11-19,68.3,5.4,,5.9,2.4
2023-11-20,58.4,9.3,,6.2,1.5
2023-11-21,59.6,9.3,,7.4,1.7
2023-11-22,68.1,6.5,,9.5,1.8
2023-11-23,71.1,5.0,0.1,9.9,3.3
2023-11-24,51.8,8.6,,-1.5,3.8
2023-11-25,42.8,9.1,,-1.3,1.8
2023-11-26,43.6,1.4,0.0,4.0,1.4
2023-11-27,82.9,0.9,3.6,6.2,2.4
2023-11-28,57.5,6.3,0.0,1.3,3.2
2023-11-29,58.9,2.7,0.0,-1.4,2.5
2023-11-30,48.5,9.2,,-4.3,2.8
2023-12-01,55.3,9.2,,-3.2,2.0
2023-12-02,60.8,4.0,0.0,2.0,2.4
2023-12-03,56.3,9.1,,0.8,1.7
2023-12-04,59.5,8.2,,2.7,1.6
2023-12-05,55.4,6.8,,6.8,2.0
2023-12-06,76.1,0.0,3.8,6.1,2.3
2023-12-07,64.0,6.7,,6.6,2.6
2023-12-08,73.4,5.3,,11.2,3.0
2023-12-09,82.9,0.8,,13.7,2.0
2023-12-10,67.9,,0.0,11.4,
2023-12-11,82.9,0.0,11.4,8.9,
2023-12-12,75.6,3.5,0.4,5.4,2.7
2023-12-13,74.1,2.3,,6.8,2.4
2023-12-14,85.8,0.0,17.0,7.6,4.5
2023-12-15,95.4,0.0,31.1,4.9,3.6
2023-12-16,68.9,4.6,1.5,-4.1,5.2
2023-12-17,48.9,9.0,,-9.8,3.2
2023-12-18,45.1,4.1,,-7.7,2.2
2023-12-19,63.1,0.8,0.3,-3.7,1.9
2023-12-20,64.1,6.0,0.8,-7.4,3.4
2023-12-21,57.4,9.0,,-11.7,3.0
2023-12-22,51.8,9.1,,-11.6,2.7
2023-12-23,53.4,8.9,,-6.8,1.8
2023-12-24,73.4,6.9,1.1,-2.2,1.6
2023-12-25,80.8,1.7,0.7,-0.7,1.5
2023-12-26,72.9,7.5,,1.9,1.8
2023-12-27,76.6,8.2,,1.5,1.4
2023-12-28,69.5,8.1,,1.2,1.6
2023-12-29,71.0,1.8,,1.3,1.7
2023-12-30,92.0,0.0,13.1,0.6,2.6
2023-12-31,95.5,0.6,4.7,2.1,2.0
2024-01-01,83.4,4.3,0.0,3.3,1.7
2024-01-02,72.6,0.3,0.0,2.9,1.6
2024-01-03,80.4,1.2,0.6,1.8,1.6
2024-01-04,74.3,0.5,,1.4,1.9
2024-01-05,77.1,5.7,0.0,5.0,2.3
2024-01-06,63.9,8.7,2.4,0.7,2.2
2024-01-07,57.4,9.1,,-4.4,3.1
2024-01-08,57.8,8.3,,-4.7,1.8
2024-01-09,84.0,0.0,1.6,-0.6,2.0
2024-01-10,85.9,5.0,,-1.0,1.7
2024-01-11,80.6,0.4,,1.7,1.9
2024-01-12,61.6,8.9,,0.9,2.3
2024-01-13,44.3,9.1,,0.4,1.4
2024-01-14,74.5,0.7,3.1,-0.6,2.1
2024-01-15,51.3,9.2,,-3.7,2.5
2024-01-16,49.8,8.3,,-2.1,1.5
2024-01-17,78.5,0.0,9.7,0.6,2.0
2024-01-18,81.5,6.3,0.5,4.5,2.4
2024-01-19,65.4,7.1,,5.4,4.5
2024-01-20,69.5,0.0,0.4,3.4,5.3
2024-01-21,75.8,0.0,0.4,1.7,2.5
2024-01-22,65.6,3.6,0.2,-8.7,4.1
2024-01-23,53.6,9.1,,-11.7,3.9
2024-01-24,52.0,9.3,,-8.0,3.3
2024-01-25,47.8,9.4,,-5.3,2.1
2024-01-26,62.5,9.4,,-1.7,1.9
2024-01-27,70.0,8.0,,-0.5,1.8
2024-01-28,62.3,8.0,,-1.5,1.9
2024-01-29,66.6,9.2,,-0.4,1.7
2024-01-30,59.3,9.4,,1.4,1.4
2024-01-31,54.1,8.9,,4.7,1.9
2024-02-01,64.9,6.8,,2.4,2.1
2024-02-02,65.5,4.4,,3.1,2.1
2024-02-03,63.9,1.0,0.0,4.7,2.2
2024-02-04,60.9,4.6,,7.3,1.8
2024-02-05,81.8,0.0,3.9,2.7,5.0
2024-02-06,83.5,0.0,0.2,1.2,2.2
2024-02-07,76.6,0.0,0.0,0.6,2.1
2024-02-08,66.9,9.2,,0.6,1.6
2024-02-09,66.8,6.9,,1.1,2.2
2024-02-10,69.4,5.6,,1.7,1.9
2024-02-11,70.6,5.6,0.0,1.0,2.2
2024-02-12,62.8,9.7,,3.5,1.8
2024-02-13,70.6,5.5,,8.2,2.5
2024-02-14,76.4,4.0,,12.9,2.2
2024-02-15,89.9,0.9,10.9,4.5,2.9
2024-02-16,72.4,7.9,,2.3,1.8
2024-02-17,73.5,8.7,,4.4,1.7
2024-02-18,81.4,1.1,17.1,6.2,2.8
2024-02-19,95.8,0.0,8.9,9.1,2.3
2024-02-20,86.3,0.0,2.6,4.3,3.4
2024-02-21,92.5,0.0,17.8,1.9,5.2
2024-02-22,84.5,0.0,8.8,0.2,4.2
2024-02-23,68.8,5.8,0.4,1.8,3.5
2024-02-24,68.6,5.5,2.3,2.0,2.9
2024-02-25,80.8,0.9,1.8,2.8,2.0
2024-02-26,65.3,6.8,,3.8,1.9
2024-02-27,52.0,5.5,,5.3,3.0
2024-02-28,59.5,1.7,,6.4,2.1
2024-02-29,63.6,1.2,,4.8,2.2
2024-03-01,38.9,10.6,,-4.1,4.4
2024-03-02,60.4,5.8,0.0,-0.5,3.2
2024-03-03,71.5,6.6,,4.0,2.9
2024-03-04,45.5,9.5,,5.4,1.6
2024-03-05,45.1,0.1,,8.0,2.9
2024-03-06,58.8,2.3,,6.2,2.8
2024-03-07,62.4,2.5,2.1,3.9,3.0
2024-03-08,50.6,10.4,,2.1,3.4
2024-03-09,50.8,10.9,,2.0,2.7
2024-03-10,54.0,10.9,,4.2,2.1
2024-03-11,62.3,,,6.2,
2024-03-12,78.0,0.0,2.1,6.6,
2024-03-13,57.6,10.9,,6.5,2.7
2024-03-14,58.3,,,8.5,
2024-03-15,68.5,10.6,,8.9,2.3
2024-03-16,54.5,8.3,,10.9,2.1
2024-03-17,48.0,8.7,0.1,8.8,3.7
2024-03-18,28.6,10.6,,7.1,2.4
2024-03-19,60.8,2.7,0.2,6.7,3.7
2024-03-20,46.5,9.0,,4.4,3.4
2024-03-21,46.5,11.3,,5.0,2.0
2024-03-22,57.0,3.5,5.4,10.4,3.4
2024-03-23,66.0,8.2,0.1,13.0,2.3
2024-03-24,42.5,8.1,,16.2,2.4
2024-03-25,63.0,0.0,5.1,10.6,4.0
2024-03-26,77.3,2.3,11.5,7.4,2.6
2024-03-27,68.4,8.8,,10.4,2.0
2024-03-28,81.8,0.0,1.9,10.3,1.8
2024-03-29,73.0,2.5,1.4,7.6,2.8
2024-03-30,56.5,5.4,,8.8,2.4
2024-03-31,39.9,10.1,,10.6,1.9
2024-04-01,32.0,11.5,,12.2,1.8
2024-04-02,37.5,9.5,,15.4,2.0
2024-04-03,55.9,0.3,0.0,16.6,1.8
2024-04-04,52.1,3.6,,15.5,2.9
2024-04-05,51.3,6.2,,14.0,2.5
2024-04-06,48.6,6.6,,12.7,1.9
2024-04-07,33.4,11.4,,14.8,2.0
2024-04-08,46.5,2.0,,16.2,2.1
2024-04-09,32.4,11.9,,15.3,3.5
2024-04-10,62.6,3.9,,13.8,2.6
2024-04-11,61.0,4.0,0.0,15.5,1.8
2024-04-12,59.6,9.8,,17.2,2.1
2024-04-13,52.4,12.1,,19.1,1.9
2024-04-14,47.1,11.7,,20.8,1.9
2024-04-15,77.4,0.0,17.1,16.0,2.5
2024-04-16,82.6,3.7,2.3,13.3,2.5
2024-04-17,65.3,10.3,,15.0,2.2
2024-04-18,53.3,11.7,,17.3,2.2
2024-04-19,51.8,10.4,,17.6,2.1
2024-04-20,77.3,0.0,4.8,14.9,3.0
2024-04-21,65.5,1.0,,17.2,3.8
2024-04-22,49.4,4.6,,18.8,3.1
2024-04-23,55.0,6.0,0.0,17.3,3.6
2024-04-24,80.1,1.9,9.0,13.2,3.0
2024-04-25,75.6,6.2,,14.4,1.9
2024-04-26,61.1,10.7,,17.8,1.9
2024-04-27,56.4,12.5,,18.2,1.9
2024-04-28,53.5,11.4,,20.7,1.6
2024-04-29,48.0,8.8,,20.9,3.0
2024-04-30,62.5,5.5,,18.6,2.2
2024-05-01,46.0,9.8,,18.5,2.4
2024-05-02,48.4,12.8,,18.1,2.4
2024-05-03,46.9,12.8,,19.7,1.9
2024-05-04,44.8,12.5,0.0,21.4,1.9
2024-05-05,87.4,0.0,48.3,17.8,2.5
2024-05-06,92.9,0.0,12.3,13.9,3.1
2024-05-07,77.3,0.0,2.4,13.3,3.0
2024-05-08,58.8,11.0,,14.7,2.3
2024-05-09,63.6,12.8,,16.1,2.9
2024-05-10,55.6,12.5,,17.9,2.6
2024-05-11,80.0,0.1,31.7,17.0,3.5
2024-05-12,65.0,11.4,,16.6,2.7
2024-05-13,51.9,13.1,,18.3,2.3
2024-05-14,43.3,13.0,,18.8,2.4
2024-05-15,74.3,3.1,20.6,12.6,2.7
2024-05-16,61.3,13.1,0.1,13.7,3.1
2024-05-17,63.6,10.8,,18.3,2.2
2024-05-18,65.3,11.3,,20.7,2.0
2024-05-19,63.1,12.6,,21.5,1.9
2024-05-20,75.0,0.5,,19.4,2.3
2024-05-21,68.1,9.4,,21.7,1.9
2024-05-22,68.9,10.0,,20.5,2.3
2024-05-23,67.9,12.7,,20.2,2.5
2024-05-24,75.1,4.7,,20.1,2.1
2024-05-25,62.8,2.3,,21.4,1.8
2024-05-26,74.3,3.1,8.7,19.9,2.7
2024-05-27,63.4,9.9,,18.5,3.3
2024-05-28,54.8,11.1,,20.4,2.5
2024-05-29,51.6,13.2,,21.2,2.1
2024-05-30,49.1,0.6,,20.7,1.6
2024-05-31,60.0,11.8,1.0,20.4,2.6
2024-06-01,61.3,9.4,0.0,20.7,2.8
2024-06-02,51.9,12.4,,20.4,2.7
2024-06-03,47.4,11.2,,22.2,2.4
2024-06-04,42.1,13.5,,22.8,2.4
2024-06-05,53.9,10.4,,23.6,1.9
2024-06-06,54.3,9.3,,24.1,2.0
2024-06-07,54.3,7.1,0.8,23.1,1.9
2024-06-08,79.5,2.5,16.9,20.3,1.6
2024-06-09,68.9,12.3,,22.9,1.8
2024-06-10,66.3,11.9,,24.7,2.2
2024-06-11,62.4,10.2,,25.4,2.4
2024-06-12,60.8,11.3,,24.8,2.1
2024-06-13,51.4,13.3,,26.4,1.8
2024-06-14,56.0,9.1,,26.3,2.3
2024-06-15,72.3,3.4,6.1,24.2,1.9
2024-06-16,58.4,13.2,,24.3,2.8
2024-06-17,48.4,13.1,,24.8,2.4
2024-06-18,59.5,13.4,,26.0,2.1
2024-06-19,54.3,13.0,,28.8,1.6
2024-06-20,45.1,12.1,,29.4,2.0
2024-06-21,49.8,10.3,,28.1,2.0
2024-06-22,80.6,0.0,16.5,24.2,2.0
2024-06-23,79.5,3.8,5.1,25.1,2.2
2024-06-24,70.4,7.0,0.0,24.3,2.9
2024-06-25,61.9,10.7,,22.9,3.0
2024-06-26,61.0,12.3,,24.9,1.9
2024-06-27,55.0,9.3,,26.3,1.6
2024-06-28,54.6,13.2,,26.6,2.1
2024-06-29,65.1,6.9,38.3,26.7,2.2
2024-06-30,88.5,0.0,32.2,23.5,3.7
2024-07-01,69.1,8.3,,26.3,1.8
2024-07-02,90.0,0.0,65.1,23.2,2.8
2024-07-03,80.3,0.6,0.8,24.7,3.6
2024-07-04,74.8,3.4,3.6,26.8,3.0
2024-07-05,80.5,1.4,4.1,23.4,3.3
2024-07-06,84.1,0.1,2.8,25.1,3.2
2024-07-07,85.1,0.6,28.7,24.4,1.8
2024-07-08,93.4,0.0,21.1,23.8,1.8
2024-07-09,86.9,0.1,0.3,24.5,1.8
2024-07-10,77.1,7.1,1.4,26.6,2.2
2024-07-11,79.6,5.9,,25.7,2.1
2024-07-12,79.5,3.7,,25.6,1.6
2024-07-13,70.0,9.9,0.0,28.1,1.9
2024-07-14,65.9,7.6,0.4,28.4,2.4
2024-07-15,64.6,6.3,0.0,28.4,2.4
2024-07-16,78.4,4.2,17.0,27.0,2.3
2024-07-17,91.6,0.1,98.8,25.4,2.5
2024-07-18,95.3,0.0,128.8,24.3,2.2
2024-07-19,80.1,6.4,0.1,27.0,2.2
2024-07-20,80.4,1.9,14.9,27.2,2.7
2024-07-21,83.6,1.5,8.5,26.5,3.6
2024-07-22,89.0,0.0,79.9,26.6,3.1
2024-07-23,87.9,0.0,2.0,26.4,3.2
2024-07-24,85.0,3.0,14.7,28.1,2.6
2024-07-25,79.8,2.4,25.3,28.8,1.8
2024-07-26,81.9,6.7,5.5,28.7,2.3
2024-07-27,83.6,1.7,33.5,28.9,1.7
2024-07-28,76.0,5.1,0.0,29.2,3.2
2024-07-29,84.0,0.0,0.0,27.4,3.8
2024-07-30,78.8,3.6,,28.6,2.8
2024-07-31,74.5,4.7,,29.4,2.6
2024-08-01,75.5,3.6,0.3,29.9,2.6
2024-08-02,79.4,2.4,,29.6,2.6
2024-08-03,75.0,7.8,,30.2,2.2
2024-08-04,69.3,10.9,,31.8,1.6
2024-08-05,75.5,3.4,1.3,30.0,1.9
2024-08-06,74.8,6.2,0.0,29.5,1.9
2024-08-07,72.0,7.6,3.4,29.6,1.7
2024-08-08,77.5,2.4,0.0,28.5,1.6
2024-08-09,74.1,6.0,,29.3,1.6
2024-08-10,70.8,4.3,,30.0,1.7
2024-08-11,67.8,4.4,,30.8,1.8
2024-08-12,70.5,4.1,,31.1,1.9
2024-08-13,70.0,7.5,0.0,31.3,1.8
2024-08-14,73.0,4.7,3.0,30.0,1.9
2024-08-15,74.6,4.1,6.4,29.2,1.8
2024-08-16,69.4,6.7,0.0,29.8,2.0
2024-08-17,71.0,5.3,11.0,29.8,1.7
2024-08-18,73.8,6.4,0.0,29.5,2.0
2024-08-19,72.3,7.1,2.3,29.7,1.9
2024-08-20,68.3,7.7,0.0,31.4,2.3
2024-08-21,85.9,0.0,42.2,28.4,3.2
2024-08-22,79.9,1.8,0.6,28.6,3.4
2024-08-23,73.5,5.6,0.0,28.4,2.7
2024-08-24,78.8,2.4,2.0,27.6,1.4
2024-08-25,76.6,5.1,,28.5,1.4
2024-08-26,77.8,0.3,0.0,28.1,1.5
2024-08-27,69.8,3.7,0.3,26.5,1.9
2024-08-28,62.1,11.5,,28.2,2.9
2024-08-29,61.0,12.0,,28.4,3.1
2024-08-30,64.0,12.0,,28.0,2.4
2024-08-31,65.6,12.0,,27.6,1.9
2024-09-01,64.9,6.9,,27.1,2.0
2024-09-02,73.6,0.1,2.7,24.5,2.6
2024-09-03,54.5,7.4,,27.0,2.9
2024-09-04,61.4,10.6,,27.9,2.2
2024-09-05,79.1,0.9,6.9,26.3,2.4
2024-09-06,79.3,0.0,0.7,24.0,2.6
2024-09-07,68.9,7.6,0.0,26.5,1.9
2024-09-08,69.6,9.1,,27.2,1.6
2024-09-09,69.0,6.0,,28.5,1.9
2024-09-10,67.3,9.0,,29.4,1.8
2024-09-11,71.5,5.2,0.4,29.0,1.8
2024-09-12,91.5,0.0,32.7,25.4,2.1
2024-09-13,91.4,0.0,7.6,25.9,2.2
2024-09-14,80.3,5.1,0.0,28.0,1.7
2024-09-15,73.6,8.2,,27.5,2.8
2024-09-16,74.0,6.2,9.5,26.8,2.8
2024-09-17,77.0,3.5,,28.6,1.7
2024-09-18,76.8,6.5,0.7,29.4,1.6
2024-09-19,77.4,1.4,,29.1,1.7
2024-09-20,89.8,0.1,54.5,25.0,2.4
2024-09-21,82.3,0.0,27.0,19.3,4.3
2024-09-22,67.4,7.2,,21.0,2.7
2024-09-23,58.3,11.4,,20.8,3.1
2024-09-24,57.9,11.1,,21.0,2.2
2024-09-25,65.6,6.1,0.0,23.3,1.7
2024-09-26,75.1,5.9,1.2,23.6,1.6
2024-09-27,72.8,7.9,,22.7,2.4
2024-09-28,59.3,8.2,,23.2,3.4
2024-09-29,61.5,7.3,,23.5,2.7
2024-09-30,63.0,8.0,,23.0,2.1
2024-10-01,67.5,2.2,2.5,18.3,2.5
2024-10-02,48.8,9.5,,14.9,2.5
2024-10-03,59.0,7.3,,16.4,1.9
2024-10-04,60.0,10.9,,17.6,1.8
2024-10-05,60.4,9.7,,17.5,1.6
2024-10-06,73.5,0.0,0.0,15.4,1.4
2024-10-07,73.9,1.8,,16.9,1.3
2024-10-08,73.9,6.8,,17.7,1.8
2024-10-09,64.1,8.1,,18.8,2.3
2024-10-10,66.3,6.3,0.0,18.8,1.9
2024-10-11,68.8,9.5,,18.6,1.8
2024-10-12,60.6,10.4,,18.3,1.5
2024-10-13,67.0,4.7,,18.3,2.0
2024-10-14,70.3,0.0,0.0,19.3,1.9
2024-10-15,85.0,0.0,0.5,19.2,1.8
2024-10-16,76.9,6.8,,18.2,1.5
2024-10-17,70.4,7.5,,19.0,1.7
2024-10-18,86.1,0.0,47.1,17.4,2.5
2024-10-19,75.0,2.1,1.0,16.6,3.3
2024-10-20,56.0,10.0,,13.4,3.7
2024-10-21,66.4,1.1,0.0,14.8,2.3
2024-10-22,90.8,0.0,20.6,15.5,2.0
2024-10-23,75.3,2.9,2.3,12.7,3.7
2024-10-24,71.4,9.9,,12.5,1.8
2024-10-25,64.1,7.9,,14.9,1.7
2024-10-26,68.3,9.7,,17.0,1.8
2024-10-27,79.4,0.2,0.0,16.0,1.6
2024-10-28,75.9,1.9,0.0,15.7,2.1
2024-10-29,64.6,0.2,0.0,15.0,2.3
2024-10-30,71.3,9.6,,15.7,1.6
2024-10-31,67.8,9.4,,15.9,1.4
2024-11-01,70.8,0.1,,15.3,1.4
2024-11-02,58.9,9.6,,18.1,1.9
2024-11-03,71.1,8.2,0.0,17.6,2.4
2024-11-04,62.0,6.7,0.1,14.8,2.9
2024-11-05,49.8,8.8,,9.1,2.1
2024-11-06,46.1,9.7,,7.5,2.5
2024-11-07,48.1,9.7,,7.8,1.5
2024-11-08,50.8,9.6,,10.2,1.5
2024-11-09,55.8,8.9,,12.9,1.4
2024-11-10,64.0,6.8,,14.4,1.8
2024-11-11,64.5,9.3,,14.6,1.2
2024-11-12,66.8,9.3,,14.3,2.2
2024-11-13,62.9,8.6,,14.2,1.7
2024-11-14,68.4,0.0,0.1,14.8,1.8
2024-11-15,65.1,5.5,0.0,17.0,1.8
2024-11-16,72.5,,6.5,17.0,2.6
2024-11-17,47.6,4.1,,7.0,3.6
2024-11-18,30.9,9.3,,2.8,2.3
2024-11-19,49.5,7.4,,5.7,2.0
2024-11-20,65.8,0.3,,6.5,1.3
2024-11-21,71.9,3.2,0.0,9.7,2.2
2024-11-22,48.0,9.2,,6.2,2.2
2024-11-23,47.1,9.2,,6.4,1.7
2024-11-24,58.4,9.1,,7.4,1.6
2024-11-25,57.6,6.8,0.0,10.1,2.5
2024-11-26,86.4,0.9,26.0,5.8,3.4
2024-11-27,90.6,0.3,22.4,-0.4,1.4
2024-11-28,82.0,4.5,4.9,0.8,1.8
2024-11-29,76.3,5.4,0.0,0.2,1.5
2024-11-30,81.6,2.4,0.0,2.5,1.8
2024-12-01,89.3,2.4,0.5,5.2,2.4
2024-12-02,79.9,2.3,0.0,6.4,2.2
2024-12-03,48.6,8.9,0.0,1.3,2.4
2024-12-04,52.1,8.9,0.0,3.1,2.1
2024-12-05,62.8,6.7,1.8,3.9,2.3
2024-12-06,49.3,9.1,,2.1,2.5
2024-12-07,56.9,7.2,,0.2,2.5
2024-12-08,46.5,9.1,,-0.2,2.2
2024-12-09,56.1,8.3,,1.0,1.6
2024-12-10,58.9,8.4,,2.6,1.9
2024-12-11,50.3,6.9,,3.0,1.6
2024-12-12,45.8,6.7,,0.5,2.1
2024-12-13,42.1,5.2,,1.0,2.2
2024-12-14,51.0,9.0,,-0.8,2.2
2024-12-15,54.1,6.0,0.0,1.2,2.4
2024-12-16,65.9,3.8,0.0,-0.2,1.2
2024-12-17,51.8,6.2,,-0.8,2.2
2024-12-18,47.1,9.0,,-3.4,2.2
2024-12-19,47.4,8.2,,-1.4,1.5
2024-12-20,60.9,1.4,0.4,1.4,2.0
2024-12-21,74.1,2.0,2.9,-0.7,2.8
2024-12-22,52.9,9.0,,-3.4,2.1
2024-12-23,58.5,7.3,,0.3,2.2
2024-12-24,50.3,9.0,,-0.4,1.4
2024-12-25,63.1,3.0,0.1,2.7,2.0
2024-12-26,57.9,8.6,0.0,0.1,3.4
2024-12-27,51.4,7.3,0.0,-2.6,2.7
2024-12-28,48.3,8.3,,-3.0,2.5
2024-12-29,56.1,6.5,,1.1,1.5
2024-12-30,68.5,2.6,0.0,5.5,2.3
2024-12-31,45.8,9.0,0.0,0.6,2.6
2025-01-01,64.3,5.6,,2.6,2.2
2025-01-02,48.8,9.0,,0.5,2.1
2025-01-03,52.0,7.7,0.0,-1.1,2.2
2025-01-04,49.6,7.9,,-0.1,1.7
2025-01-05,85.0,0.0,6.7,1.2,2.5
2025-01-06,75.6,2.3,3.0,1.0,2.8
2025-01-07,53.5,7.0,0.1,-2.6,2.7
2025-01-08,55.1,4.9,0.0,-3.4,2.7
2025-01-09,38.4,8.5,0.0,-9.7,4.2
2025-01-10,48.0,9.2,,-7.3,1.6
2025-01-11,57.4,9.1,,-5.1,1.7
2025-01-12,59.9,7.7,,-3.4,1.8
2025-01-13,76.9,2.2,1.3,-0.4,1.7
2025-01-14,72.0,2.3,0.1,2.3,2.3
2025-01-15,40.8,9.2,,-3.5,2.9
2025-01-16,65.1,0.2,0.0,-0.5,2.0
2025-01-17,62.4,9.0,,-0.5,1.8
2025-01-18,54.1,7.9,,1.0,1.6
2025-01-19,65.0,3.7,,3.8,1.8
2025-01-20,73.1,3.8,0.0,3.9,1.7
2025-01-21,79.8,6.4,,2.4,1.6
2025-01-22,70.3,5.5,,3.6,1.9
2025-01-23,54.3,9.3,,2.0,1.6
2025-01-24,45.9,9.4,,3.1,1.5
2025-01-25,52.8,7.7,,5.2,3.1
2025-01-26,50.5,1.9,,4.6,2.8
2025-01-27,77.9,1.2,5.6,0.2,3.5
2025-01-28,71.3,0.6,0.1,-3.9,4.0
2025-01-29,66.1,6.7,0.2,-4.6,3.1
2025-01-30,46.6,2.7,,-3.8,1.6
2025-01-31,80.1,0.0,2.4,-0.8,2.1
2025-02-01,74.3,7.3,,1.6,1.6
2025-02-02,67.1,7.8,0.0,1.5,2.0
2025-02-03,48.8,9.6,,-4.1,4.2
2025-02-04,50.8,9.7,,-9.0,3.7
2025-02-05,49.1,6.8,,-8.6,3.2
2025-02-06,59.9,5.9,2.3,-5.6,1.7
2025-02-07,60.1,7.6,0.4,-8.0,3.9
2025-02-08,54.5,9.6,,-7.9,2.8
2025-02-09,63.8,9.4,,-4.7,2.2
2025-02-10,61.0,7.2,0.0,-2.6,2.1
2025-02-11,59.8,9.4,,0.5,2.0
2025-02-12,75.8,0.0,2.5,0.5,2.6
2025-02-13,53.1,9.6,,0.2,2.2
2025-02-14,67.4,9.5,,3.7,1.9
2025-02-15,76.5,0.9,,4.1,1.6
2025-02-16,75.6,3.4,,4.3,2.5
2025-02-17,39.1,9.9,,-0.3,3.6
2025-02-18,40.3,9.9,,-2.3,3.4
2025-02-19,44.8,10.0,,-3.0,3.0
2025-02-20,43.3,10.0,,-2.9,2.7
2025-02-21,45.3,10.1,,-2.5,2.7
2025-02-22,49.1,10.2,,-2.3,2.7
2025-02-23,45.4,10.1,,-3.6,3.0
2025-02-24,49.8,10.3,,-1.3,2.3
2025-02-25,72.6,5.4,,2.1,2.9
2025-02-26,49.4,9.6,,3.7,2.6
2025-02-27,29.4,10.0,,5.8,1.9
2025-02-28,52.4,3.4,,7.8,1.5
2025-03-01,68.5,1.7,0.6,8.5,2.0
2025-03-02,68.0,0.4,11.8,8.3,3.7
2025-03-03,63.5,6.6,10.4,3.1,6.3
2025-03-04,68.3,0.6,4.0,2.5,4.5
2025-03-05,63.3,1.6,0.0,4.8,2.2
2025-03-06,55.1,10.5,,4.8,2.3
2025-03-07,49.3,8.6,,5.3,1.8
2025-03-08,55.0,9.0,,5.8,2.2
2025-03-09,67.3,10.4,,6.9,1.7
2025-03-10,59.8,10.5,,8.0,2.1
2025-03-11,58.0,10.2,,9.4,1.8
2025-03-12,72.3,0.1,0.0,8.5,2.1
2025-03-13,54.6,10.5,,8.9,2.4
2025-03-14,31.4,9.7,,12.4,1.8
2025-03-15,39.1,6.3,0.0,12.6,2.8
2025-03-16,56.3,3.9,0.8,4.9,3.6
2025-03-17,46.0,9.5,0.4,2.5,2.9
2025-03-18,70.6,3.8,9.9,2.1,2.8
2025-03-19,49.5,11.3,,2.4,2.4
2025-03-20,62.8,7.3,,8.2,2.7
2025-03-21,61.3,9.5,,11.6,2.9
2025-03-22,53.8,11.1,,12.8,2.7
2025-03-23,49.0,8.9,,15.2,1.9
2025-03-24,56.1,7.6,0.0,15.5,3.0
2025-03-25,63.5,3.9,,12.7,3.3
2025-03-26,46.4,10.0,,15.5,2.2
2025-03-27,65.1,1.9,0.3,13.7,3.2
2025-03-28,41.6,7.8,,6.5,3.7
2025-03-29,40.8,7.3,0.0,3.3,3.6
2025-03-30,51.1,7.1,0.0,3.3,2.8
2025-03-31,50.5,10.8,,7.7,2.2
2025-04-01,53.0,10.2,,10.1,1.8
2025-04-02,55.4,4.6,0.0,8.9,2.4
2025-04-03,58.6,11.6,,9.8,2.4
2025-04-04,54.5,10.4,,10.6,2.2
2025-04-05,86.1,0.0,22.8,8.0,1.9
2025-04-06,67.3,9.6,0.0,10.3,2.8
2025-04-07,54.5,11.3,,13.5,2.7
2025-04-08,55.0,9.2,,13.8,3.1
2025-04-09,51.6,2.2,0.8,12.7,2.0
