DATE,품목명,단위,등급명,평균가격,전일,전년
2025-04-09,무,20키로상자,상,"17,212",0,0
2025-04-08,무,20키로상자,상,"21,759",0,0
2025-04-07,무,20키로상자,상,"24,451",0,0
2025-04-05,무,20키로상자,상,"26,140",0,0
2025-04-04,무,20키로상자,상,"27,274",0,0
2025-04-03,무,20키로상자,상,"25,419",0,0
2025-04-02,무,20키로상자,상,"25,017",0,0
2025-04-01,무,20키로상자,상,"27,091","29,386",0
2025-03-31,무,20키로상자,상,"29,386",0,"13,404"
2025-03-30,무,20키로상자,상,0,"29,129","15,095"
2025-03-29,무,20키로상자,상,"29,129","25,812","17,387"
2025-03-28,무,20키로상자,상,"25,812","23,472","13,843"
2025-03-27,무,20키로상자,상,"23,472","25,732","12,733"
2025-03-26,무,20키로상자,상,"25,732","27,322","12,287"
2025-03-25,무,20키로상자,상,"27,322","27,264",0
2025-03-24,무,20키로상자,상,"27,264",0,"12,226"
2025-03-23,무,20키로상자,상,0,"24,516","12,968"
2025-03-22,무,20키로상자,상,"24,516","25,129","13,689"
2025-03-21,무,20키로상자,상,"25,129","25,854","12,473"
2025-03-20,무,20키로상자,상,"25,854","25,425","12,194"
2025-03-19,무,20키로상자,상,"25,425","26,658","12,488"
2025-03-18,무,20키로상자,상,"26,658","24,243",0
2025-03-17,무,20키로상자,상,"24,243",0,"12,766"
2025-03-16,무,20키로상자,상,0,"22,765","12,973"
2025-03-15,무,20키로상자,상,"22,765","23,033","12,808"
2025-03-14,무,20키로상자,상,"23,033","24,226","14,289"
2025-03-13,무,20키로상자,상,"24,226","25,422","13,725"
2025-03-12,무,20키로상자,상,"25,422","25,889","12,575"
2025-03-11,무,20키로상자,상,"25,889","26,197",0
2025-03-10,무,20키로상자,상,"26,197",0,0
2025-03-08,무,20키로상자,상,"30,089",0,0
2025-03-07,무,20키로상자,상,"34,342",0,0
2025-03-06,무,20키로상자,상,"33,487",0,0
2025-03-04,무,20키로상자,상,"32,264",0,0
2025-03-03,무,20키로상자,상,"31,752",0,0
2025-03-01,무,20키로상자,상,"30,905","30,021","15,391"
2025-02-28,무,20키로상자,상,"30,021","29,180","14,728"
2025-02-27,무,20키로상자,상,"29,180","28,737","15,902"
2025-02-26,무,20키로상자,상,"28,737","27,473",0
2025-02-25,무,20키로상자,상,"27,473","27,209","11,794"
2025-02-24,무,20키로상자,상,"27,209",0,"11,845"
2025-02-23,무,20키로상자,상,0,"25,172","12,224"
2025-02-22,무,20키로상자,상,"25,172","25,033","12,373"
2025-02-21,무,20키로상자,상,"25,033","26,749","11,813"
2025-02-20,무,20키로상자,상,"26,749","26,998","11,707"
2025-02-19,무,20키로상자,상,"26,998","25,347",0
2025-02-18,무,20키로상자,상,"25,347","26,150","9,761"
2025-02-17,무,20키로상자,상,"26,150",0,"10,224"
2025-02-16,무,20키로상자,상,0,"29,047","10,904"
2025-02-15,무,20키로상자,상,"29,047","32,153","11,787"
2025-02-14,무,20키로상자,상,"32,153","34,200","12,341"
2025-02-13,무,20키로상자,상,"34,200",0,0
2025-02-12,무,20키로상자,상,0,"31,936",0
2025-02-11,무,20키로상자,상,"31,936","29,660",0
2025-02-10,무,20키로상자,상,"29,660",0,0
2025-02-08,무,20키로상자,상,"30,621",0,0
2025-02-07,무,20키로상자,상,"30,957",0,0
2025-02-06,무,20키로상자,상,"31,903",0,0
2025-02-05,무,20키로상자,상,"32,449",0,0
2025-02-04,무,20키로상자,상,"31,348",0,0
2025-02-03,무,20키로상자,상,"29,645",0,0
2025-02-01,무,20키로상자,상,"25,517",0,"13,219"
2025-01-31,무,20키로상자,상,0,0,"13,814"
2025-01-30,무,20키로상자,상,0,0,"11,930"
2025-01-29,무,20키로상자,상,0,"26,130",0
2025-01-28,무,20키로상자,상,"26,130","28,342","11,255"
2025-01-27,무,20키로상자,상,"28,342",0,"11,048"
2025-01-26,무,20키로상자,상,0,"29,924","10,584"
2025-01-25,무,20키로상자,상,"29,924","25,740","11,344"
2025-01-24,무,20키로상자,상,"25,740","23,375","10,709"
2025-01-23,무,20키로상자,상,"23,375","23,069","11,701"
2025-01-22,무,20키로상자,상,"23,069","22,673",0
2025-01-21,무,20키로상자,상,"22,673","23,048","9,614"
2025-01-20,무,20키로상자,상,"23,048",0,"8,999"
2025-01-19,무,20키로상자,상,0,"24,207","8,784"
2025-01-18,무,20키로상자,상,"24,207","25,968","9,060"
2025-01-17,무,20키로상자,상,"25,968","26,952","9,355"
2025-01-16,무,20키로상자,상,"26,952","27,746","8,872"
2025-01-15,무,20키로상자,상,"27,746","27,858",0
2025-01-14,무,20키로상자,상,"27,858","25,345","9,126"
2025-01-13,무,20키로상자,상,"25,345",0,"7,937"
2025-01-12,무,20키로상자,상,0,"23,859","8,419"
2025-01-11,무,20키로상자,상,"23,859","25,531","8,769"
2025-01-10,무,20키로상자,상,"25,531",0,0
2025-01-09,무,20키로상자,상,"25,846",0,0
2025-01-08,무,20키로상자,상,"25,047",0,0
2025-01-07,무,20키로상자,상,"28,216",0,0
2025-01-06,무,20키로상자,상,"31,740",0,0
2025-01-04,무,20키로상자,상,"34,988",0,0
2025-01-03,무,20키로상자,상,"30,954",0,0
2025-01-02,무,20키로상자,상,"33,006",0,0
2025-01-01,무,20키로상자,상,0,"33,006",0
2024-12-31,무,20키로상자,상,"33,006","24,428","12,001"
2024-12-30,무,20키로상자,상,"24,428",0,"13,569"
2024-12-29,무,20키로상자,상,0,"21,827","13,801"
2024-12-28,무,20키로상자,상,"21,827","19,474","12,599"
2024-12-27,무,20키로상자,상,"19,474","19,103","11,376"
2024-12-26,무,20키로상자,상,"19,103","21,473","11,375"
2024-12-25,무,20키로상자,상,"21,473","23,387",0
2024-12-24,무,20키로상자,상,"23,387","23,706","10,453"
2024-12-23,무,20키로상자,상,"23,706",0,"10,982"
2024-12-22,무,20키로상자,상,0,"23,856","11,033"
2024-12-21,무,20키로상자,상,"23,856","22,909","10,496"
2024-12-20,무,20키로상자,상,"22,909","21,576","12,043"
2024-12-19,무,20키로상자,상,"21,576","19,547","13,511"
2024-12-18,무,20키로상자,상,"19,547","19,282",0
2024-12-17,무,20키로상자,상,"19,282","22,192","11,325"
2024-12-16,무,20키로상자,상,"22,192",0,"9,915"
2024-12-15,무,20키로상자,상,0,"25,616","8,984"
2024-12-14,무,20키로상자,상,"25,616","26,658","9,083"
2024-12-13,무,20키로상자,상,"26,658","28,525","8,516"
2024-12-12,무,20키로상자,상,"28,525","25,326","9,355"
2024-12-11,무,20키로상자,상,"25,326","22,633",0
2024-12-10,무,20키로상자,상,"22,633",0,0
2024-12-09,무,20키로상자,상,"19,938",0,0
2024-12-07,무,20키로상자,상,"19,133",0,0
2024-12-06,무,20키로상자,상,"19,716",0,0
2024-12-05,무,20키로상자,상,"23,140",0,0
2024-12-04,무,20키로상자,상,"32,446",0,0
2024-12-03,무,20키로상자,상,"33,493",0,0
2024-12-02,무,20키로상자,상,"36,321",0,0
2024-12-01,무,20키로상자,상,0,"32,581","8,102"
2024-11-30,무,20키로상자,상,"32,581","33,377","8,384"
2024-11-29,무,20키로상자,상,"33,377","39,813","8,066"
2024-11-28,무,20키로상자,상,"39,813","36,855","7,727"
2024-11-27,무,20키로상자,상,"36,855","28,346",0
2024-11-26,무,20키로상자,상,"28,346","24,306","4,753"
2024-11-25,무,20키로상자,상,"24,306",0,"6,916"
2024-11-24,무,20키로상자,상,0,"24,030","7,182"
2024-11-23,무,20키로상자,상,"24,030","24,940","7,390"
2024-11-22,무,20키로상자,상,"24,940","24,066","7,810"
2024-11-21,무,20키로상자,상,"24,066","23,558","8,154"
2024-11-20,무,20키로상자,상,"23,558","22,538",0
2024-11-19,무,20키로상자,상,"22,538","22,428","8,242"
2024-11-18,무,20키로상자,상,"22,428",0,"7,322"
2024-11-17,무,20키로상자,상,0,"22,928","7,269"
2024-11-16,무,20키로상자,상,"22,928","21,673","6,625"
2024-11-15,무,20키로상자,상,"21,673","19,653","7,026"
2024-11-14,무,20키로상자,상,"19,653","17,563","7,297"
2024-11-13,무,20키로상자,상,"17,563","17,533",0
2024-11-12,무,20키로상자,상,"17,533","15,799","5,631"
2024-11-11,무,20키로상자,상,"15,799",0,"5,414"
2024-11-09,무,20키로상자,상,"16,509",0,0
2024-11-08,무,20키로상자,상,"18,266",0,0
2024-11-07,무,20키로상자,상,"17,081",0,0
2024-11-06,무,20키로상자,상,"18,308",0,0
2024-11-05,무,20키로상자,상,"19,208",0,0
2024-11-04,무,20키로상자,상,"20,423",0,0
2024-11-02,무,20키로상자,상,"20,741",0,0
2024-11-01,무,20키로상자,상,"20,483","18,332","8,285"
2024-10-31,무,20키로상자,상,"18,332","16,833","9,906"
2024-10-30,무,20키로상자,상,"16,833","13,980",0
2024-10-29,무,20키로상자,상,"13,980","14,870","8,099"
2024-10-28,무,20키로상자,상,"14,870",0,"8,957"
2024-10-27,무,20키로상자,상,0,"19,989","8,412"
2024-10-26,무,20키로상자,상,"19,989","25,225","7,819"
2024-10-25,무,20키로상자,상,"25,225","28,572","9,848"
2024-10-24,무,20키로상자,상,"28,572","28,166","9,798"
2024-10-23,무,20키로상자,상,"28,166","27,848",0
2024-10-22,무,20키로상자,상,"27,848","28,614","10,405"
2024-10-21,무,20키로상자,상,"28,614",0,"12,216"
2024-10-20,무,20키로상자,상,0,"31,968","12,117"
2024-10-19,무,20키로상자,상,"31,968","25,817","8,618"
2024-10-18,무,20키로상자,상,"25,817","26,101","11,732"
2024-10-17,무,20키로상자,상,"26,101","24,968","12,290"
2024-10-16,무,20키로상자,상,"24,968","22,373",0
2024-10-15,무,20키로상자,상,"22,373","23,909","13,248"
2024-10-14,무,20키로상자,상,"23,909",0,"12,135"
2024-10-13,무,20키로상자,상,0,"22,908","11,009"
2024-10-12,무,20키로상자,상,"22,908","22,639","11,704"
2024-10-11,무,20키로상자,상,"22,639","26,089","13,354"
2024-10-10,무,20키로상자,상,"26,089",0,0
2024-10-09,무,20키로상자,상,"27,632",0,0
2024-10-08,무,20키로상자,상,"26,467",0,0
2024-10-07,무,20키로상자,상,"25,472",0,0
2024-10-05,무,20키로상자,상,"19,751",0,0
2024-10-04,무,20키로상자,상,"21,709",0,0
2024-10-03,무,20키로상자,상,"24,363",0,0
2024-10-02,무,20키로상자,상,"24,746",0,0
2024-10-01,무,20키로상자,상,"21,749","19,449",0
2024-09-30,무,20키로상자,상,"19,449",0,0
2024-09-29,무,20키로상자,상,0,"18,078","13,836"
2024-09-28,무,20키로상자,상,"18,078","18,650","17,180"
2024-09-27,무,20키로상자,상,"18,650","18,056","20,085"
2024-09-26,무,20키로상자,상,"18,056","20,062","15,549"
2024-09-25,무,20키로상자,상,"20,062","23,445",0
2024-09-24,무,20키로상자,상,"23,445","31,908","10,722"
2024-09-23,무,20키로상자,상,"31,908",0,"11,438"
2024-09-22,무,20키로상자,상,0,"18,335","15,895"
2024-09-21,무,20키로상자,상,"18,335","20,651","14,604"
2024-09-20,무,20키로상자,상,"20,651",0,"11,138"
2024-09-19,무,20키로상자,상,0,0,"14,594"
2024-09-17,무,20키로상자,상,0,"32,821","14,588"
2024-09-16,무,20키로상자,상,"32,821",0,"15,709"
2024-09-15,무,20키로상자,상,0,"26,564","15,056"
2024-09-14,무,20키로상자,상,"26,564","23,939","13,753"
2024-09-13,무,20키로상자,상,"23,939","22,610","13,403"
2024-09-12,무,20키로상자,상,"22,610","20,776","13,652"
2024-09-11,무,20키로상자,상,"20,776","21,247",0
2024-09-10,무,20키로상자,상,"21,247",0,0
2024-09-09,무,20키로상자,상,"23,434",0,0
2024-09-07,무,20키로상자,상,"20,446",0,0
2024-09-06,무,20키로상자,상,"23,064",0,0
2024-09-05,무,20키로상자,상,"22,306",0,0
2024-09-04,무,20키로상자,상,"24,373",0,0
2024-09-03,무,20키로상자,상,"22,527",0,0
2024-09-02,무,20키로상자,상,"24,853",0,0
2024-09-01,무,20키로상자,상,0,"28,144","22,324"
2024-08-31,무,20키로상자,상,"28,144","26,969","18,001"
2024-08-30,무,20키로상자,상,"26,969","27,925","17,289"
2024-08-29,무,20키로상자,상,"27,925","32,436","17,516"
2024-08-28,무,20키로상자,상,"32,436","30,896",0
2024-08-27,무,20키로상자,상,"30,896","26,718","19,293"
2024-08-26,무,20키로상자,상,"26,718",0,"16,377"
2024-08-25,무,20키로상자,상,0,"26,983","16,386"
2024-08-24,무,20키로상자,상,"26,983","26,764","20,456"
2024-08-23,무,20키로상자,상,"26,764","28,189","23,549"
2024-08-22,무,20키로상자,상,"28,189","28,031","24,273"
2024-08-21,무,20키로상자,상,"28,031","31,301",0
2024-08-20,무,20키로상자,상,"31,301","31,115","21,248"
2024-08-19,무,20키로상자,상,"31,115",0,"18,138"
2024-08-18,무,20키로상자,상,0,"29,866","14,736"
2024-08-17,무,20키로상자,상,"29,866","26,524","13,330"
2024-08-16,무,20키로상자,상,"26,524","22,188","14,822"
2024-08-15,무,20키로상자,상,"22,188","21,499","17,067"
2024-08-14,무,20키로상자,상,"21,499","20,783",0
2024-08-13,무,20키로상자,상,"20,783","19,767","15,285"
2024-08-12,무,20키로상자,상,"19,767",0,"23,003"
2024-08-11,무,20키로상자,상,0,"20,899","25,775"
2024-08-10,무,20키로상자,상,"20,899",0,0
2024-08-09,무,20키로상자,상,"21,534",0,0
2024-08-08,무,20키로상자,상,"20,007",0,0
2024-08-07,무,20키로상자,상,"20,439",0,0
2024-08-06,무,20키로상자,상,"18,471",0,0
2024-08-05,무,20키로상자,상,"16,776",0,0
2024-08-02,무,20키로상자,상,"19,076",0,0
2024-08-01,무,20키로상자,상,"18,931","19,438","16,737"
2024-07-31,무,20키로상자,상,"19,438","17,733",0
2024-07-30,무,20키로상자,상,"17,733","18,381","14,904"
2024-07-29,무,20키로상자,상,"18,381",0,"13,955"
2024-07-28,무,20키로상자,상,0,"19,614","15,566"
2024-07-27,무,20키로상자,상,"19,614","16,213","12,408"
2024-07-26,무,20키로상자,상,"16,213","17,638","14,639"
2024-07-25,무,20키로상자,상,"17,638","18,669","14,557"
2024-07-24,무,20키로상자,상,"18,669","17,483",0
2024-07-23,무,20키로상자,상,"17,483","18,365","12,899"
2024-07-22,무,20키로상자,상,"18,365",0,"16,448"
2024-07-21,무,20키로상자,상,0,"16,679","12,924"
2024-07-20,무,20키로상자,상,"16,679","19,214","14,101"
2024-07-19,무,20키로상자,상,"19,214","20,109","15,180"
2024-07-18,무,20키로상자,상,"20,109","20,539","12,962"
2024-07-17,무,20키로상자,상,"20,539","19,121",0
2024-07-16,무,20키로상자,상,"19,121","21,029","12,613"
2024-07-15,무,20키로상자,상,"21,029",0,"11,943"
2024-07-14,무,20키로상자,상,0,"13,351","11,298"
2024-07-13,무,20키로상자,상,"13,351","16,454","8,898"
2024-07-12,무,20키로상자,상,"16,454","19,145","10,905"
2024-07-11,무,20키로상자,상,"19,145","17,760","9,846"
2024-07-10,무,20키로상자,상,"17,760",0,0
2024-07-09,무,20키로상자,상,"17,592",0,0
2024-07-08,무,20키로상자,상,"16,539",0,0
2024-07-06,무,20키로상자,상,"15,310",0,0
2024-07-05,무,20키로상자,상,"15,520",0,0
2024-07-04,무,20키로상자,상,"16,171",0,0
2024-07-03,무,20키로상자,상,"17,381",0,0
2024-07-02,무,20키로상자,상,"16,598",0,0
2024-07-01,무,20키로상자,상,"17,148",0,"9,001"
2024-06-30,무,20키로상자,상,0,"19,016","13,015"
2024-06-29,무,20키로상자,상,"19,016","15,587","11,841"
2024-06-28,무,20키로상자,상,"15,587","14,393","14,941"
2024-06-27,무,20키로상자,상,"14,393","13,067","14,405"
2024-06-26,무,20키로상자,상,"13,067","13,395",0
2024-06-25,무,20키로상자,상,"13,395","14,720","12,986"
2024-06-24,무,20키로상자,상,"14,720",0,"13,389"
2024-06-23,무,20키로상자,상,0,"13,952","12,534"
2024-06-22,무,20키로상자,상,"13,952","15,256","13,063"
2024-06-21,무,20키로상자,상,"15,256","15,304","11,541"
2024-06-20,무,20키로상자,상,"15,304","14,621","12,049"
2024-06-19,무,20키로상자,상,"14,621","15,010",0
2024-06-18,무,20키로상자,상,"15,010","14,162","9,625"
2024-06-17,무,20키로상자,상,"14,162",0,"12,459"
2024-06-16,무,20키로상자,상,0,"14,116","13,143"
2024-06-15,무,20키로상자,상,"14,116","14,675","10,183"
2024-06-14,무,20키로상자,상,"14,675","14,705","10,271"
2024-06-13,무,20키로상자,상,"14,705","14,456","9,101"
2024-06-12,무,20키로상자,상,"14,456","14,408",0
2024-06-11,무,20키로상자,상,"14,408","14,871","8,558"
2024-06-10,무,20키로상자,상,"14,871",0,0
2024-06-08,무,20키로상자,상,"14,486",0,0
2024-06-07,무,20키로상자,상,"13,897",0,0
2024-06-06,무,20키로상자,상,"15,678",0,0
2024-06-05,무,20키로상자,상,"15,939",0,0
2024-06-04,무,20키로상자,상,"15,805",0,0
2024-06-03,무,20키로상자,상,"14,336",0,0
2024-06-01,무,20키로상자,상,"15,010","15,677","10,362"
2024-05-31,무,20키로상자,상,"15,677","16,538","11,925"
2024-05-30,무,20키로상자,상,"16,538","18,349","12,599"
2024-05-29,무,20키로상자,상,"18,349","17,719",0
2024-05-28,무,20키로상자,상,"17,719","17,638","12,288"
2024-05-27,무,20키로상자,상,"17,638",0,"12,797"
2024-05-26,무,20키로상자,상,0,"18,397","14,938"
2024-05-25,무,20키로상자,상,"18,397","17,661","14,856"
2024-05-24,무,20키로상자,상,"17,661","17,351","15,340"
2024-05-23,무,20키로상자,상,"17,351","15,789","14,841"
2024-05-22,무,20키로상자,상,"15,789","16,601",0
2024-05-21,무,20키로상자,상,"16,601","16,144","16,368"
2024-05-20,무,20키로상자,상,"16,144",0,"17,711"
2024-05-19,무,20키로상자,상,0,"16,473","16,922"
2024-05-18,무,20키로상자,상,"16,473","16,391","16,905"
2024-05-17,무,20키로상자,상,"16,391","14,389","17,749"
2024-05-16,무,20키로상자,상,"14,389","14,978","18,161"
2024-05-15,무,20키로상자,상,"14,978","15,802",0
2024-05-14,무,20키로상자,상,"15,802","16,451","17,730"
2024-05-13,무,20키로상자,상,"16,451",0,"17,102"
2024-05-12,무,20키로상자,상,0,"19,185","16,968"
2024-05-11,무,20키로상자,상,"19,185","13,383","15,828"
2024-05-10,무,20키로상자,상,"13,383",0,0
2024-05-09,무,20키로상자,상,"14,816",0,0
2024-05-08,무,20키로상자,상,"15,697",0,0
2024-05-07,무,20키로상자,상,"15,692",0,0
2024-05-06,무,20키로상자,상,"17,186",0,0
2024-05-04,무,20키로상자,상,"16,507",0,0
2024-05-03,무,20키로상자,상,"17,244",0,0
2024-05-02,무,20키로상자,상,"17,743",0,0
2024-05-01,무,20키로상자,상,"17,406","17,387",0
2024-04-30,무,20키로상자,상,"17,387","16,783","17,078"
2024-04-29,무,20키로상자,상,"16,783",0,"16,085"
2024-04-28,무,20키로상자,상,0,"15,745","16,339"
2024-04-27,무,20키로상자,상,"15,745","15,514","18,166"
2024-04-26,무,20키로상자,상,"15,514","13,877","16,920"
2024-04-25,무,20키로상자,상,"13,877","14,820","15,129"
2024-04-24,무,20키로상자,상,"14,820","18,102",0
2024-04-23,무,20키로상자,상,"18,102","18,928","13,762"
2024-04-22,무,20키로상자,상,"18,928",0,"15,164"
2024-04-21,무,20키로상자,상,0,"17,805","14,814"
2024-04-20,무,20키로상자,상,"17,805","15,637","16,077"
2024-04-19,무,20키로상자,상,"15,637","14,074","14,793"
2024-04-18,무,20키로상자,상,"14,074","13,695","14,600"
2024-04-17,무,20키로상자,상,"13,695","12,813",0
2024-04-16,무,20키로상자,상,"12,813","13,012","12,652"
2024-04-15,무,20키로상자,상,"13,012",0,"12,885"
2024-04-14,무,20키로상자,상,0,"12,966","12,279"
2024-04-13,무,20키로상자,상,"12,966","12,625","12,740"
2024-04-12,무,20키로상자,상,"12,625","13,000","13,449"
2024-04-11,무,20키로상자,상,"13,000","13,661","13,325"
2024-04-10,무,20키로상자,상,"13,661",0,0
2024-04-09,무,20키로상자,상,"14,115",0,0
2024-04-08,무,20키로상자,상,"13,567",0,0
2024-04-06,무,20키로상자,상,"10,616",0,0
2024-04-05,무,20키로상자,상,"11,383",0,0
2024-04-04,무,20키로상자,상,"12,544",0,0
2024-04-03,무,20키로상자,상,"13,811",0,0
2024-04-02,무,20키로상자,상,"13,994",0,0
2024-04-01,무,20키로상자,상,"13,993",0,"11,589"
2024-03-31,무,20키로상자,상,0,"13,404","10,857"
2024-03-30,무,20키로상자,상,"13,404","15,095","12,016"
2024-03-29,무,20키로상자,상,"15,095","17,387","12,285"
2024-03-28,무,20키로상자,상,"17,387","13,843","12,913"
2024-03-27,무,20키로상자,상,"13,843","12,733",0
2024-03-26,무,20키로상자,상,"12,733","12,287","13,361"
2024-03-25,무,20키로상자,상,"12,287",0,"12,617"
2024-03-24,무,20키로상자,상,0,"12,226","13,035"
2024-03-23,무,20키로상자,상,"12,226","12,968","12,823"
2024-03-22,무,20키로상자,상,"12,968","13,689","13,090"
2024-03-21,무,20키로상자,상,"13,689","12,473","11,258"
2024-03-20,무,20키로상자,상,"12,473","12,194",0
2024-03-19,무,20키로상자,상,"12,194","12,488","10,580"
2024-03-18,무,20키로상자,상,"12,488",0,"11,931"
2024-03-17,무,20키로상자,상,0,"12,766","11,631"
2024-03-16,무,20키로상자,상,"12,766","12,973","12,384"
2024-03-15,무,20키로상자,상,"12,973","12,808","13,046"
2024-03-14,무,20키로상자,상,"12,808","14,289","13,018"
2024-03-13,무,20키로상자,상,"14,289","13,725",0
2024-03-12,무,20키로상자,상,"13,725","12,575","11,073"
2024-03-11,무,20키로상자,상,"12,575",0,"11,247"
2024-03-09,무,20키로상자,상,"11,507",0,0
2024-03-08,무,20키로상자,상,"12,014",0,0
2024-03-07,무,20키로상자,상,"10,490",0,0
2024-03-06,무,20키로상자,상,"10,087",0,0
2024-03-05,무,20키로상자,상,"10,103",0,0
2024-03-04,무,20키로상자,상,"11,674",0,0
2024-03-02,무,20키로상자,상,"14,989",0,0
2024-03-01,무,20키로상자,상,"14,989","15,635","13,006"
2024-02-29,무,20키로상자,상,"15,635","15,391","13,006"
2024-02-28,무,20키로상자,상,"15,391","14,728","12,047"
2024-02-27,무,20키로상자,상,"14,728","15,902",0
2024-02-26,무,20키로상자,상,"15,902",0,"11,592"
2024-02-25,무,20키로상자,상,0,"11,794","10,301"
2024-02-24,무,20키로상자,상,"11,794","11,845","9,951"
2024-02-23,무,20키로상자,상,"11,845","12,224","11,257"
2024-02-22,무,20키로상자,상,"12,224","12,373","12,191"
2024-02-21,무,20키로상자,상,"12,373","11,813","13,545"
2024-02-20,무,20키로상자,상,"11,813","11,707",0
2024-02-19,무,20키로상자,상,"11,707",0,"15,169"
2024-02-18,무,20키로상자,상,0,"9,761","15,762"
2024-02-17,무,20키로상자,상,"9,761","10,224","15,683"
2024-02-16,무,20키로상자,상,"10,224","10,904","13,478"
2024-02-15,무,20키로상자,상,"10,904","11,787","13,118"
2024-02-14,무,20키로상자,상,"11,787","12,341","13,079"
2024-02-13,무,20키로상자,상,"12,341",0,0
2024-02-12,무,20키로상자,상,0,0,"12,062"
2024-02-11,무,20키로상자,상,0,0,"9,949"
2024-02-09,무,20키로상자,상,"11,617",0,0
2024-02-08,무,20키로상자,상,"10,031",0,0
2024-02-07,무,20키로상자,상,"10,784",0,0
2024-02-06,무,20키로상자,상,"11,714",0,0
2024-02-05,무,20키로상자,상,"11,462",0,0
2024-02-03,무,20키로상자,상,"12,183",0,0
2024-02-02,무,20키로상자,상,"12,272",0,0
2024-02-01,무,20키로상자,상,"11,885","13,219","15,778"
2024-01-31,무,20키로상자,상,"13,219","13,814","14,930"
2024-01-30,무,20키로상자,상,"13,814","11,930",0
2024-01-29,무,20키로상자,상,"11,930",0,"10,176"
2024-01-28,무,20키로상자,상,0,"11,255","10,591"
2024-01-27,무,20키로상자,상,"11,255","11,048","14,565"
2024-01-26,무,20키로상자,상,"11,048","10,584","13,627"
2024-01-25,무,20키로상자,상,"10,584","11,344",0
2024-01-24,무,20키로상자,상,"11,344","10,709",0
2024-01-23,무,20키로상자,상,"10,709","11,701",0
2024-01-22,무,20키로상자,상,"11,701",0,"9,798"
2024-01-21,무,20키로상자,상,0,"9,614","10,895"
2024-01-20,무,20키로상자,상,"9,614","8,999","10,804"
2024-01-19,무,20키로상자,상,"8,999","8,784","10,750"
2024-01-18,무,20키로상자,상,"8,784","9,060","10,368"
2024-01-17,무,20키로상자,상,"9,060","9,355","10,835"
2024-01-16,무,20키로상자,상,"9,355","8,872",0
2024-01-15,무,20키로상자,상,"8,872",0,"10,751"
2024-01-14,무,20키로상자,상,0,"9,126","10,724"
2024-01-13,무,20키로상자,상,"9,126","7,937","11,017"
2024-01-12,무,20키로상자,상,"7,937","8,419","11,503"
2024-01-11,무,20키로상자,상,"8,419","8,769","10,794"
2024-01-10,무,20키로상자,상,"8,769",0,0
2024-01-09,무,20키로상자,상,"9,524",0,0
2024-01-08,무,20키로상자,상,"9,000",0,0
2024-01-06,무,20키로상자,상,"9,005",0,0
2024-01-05,무,20키로상자,상,"9,657",0,0
2024-01-04,무,20키로상자,상,"9,502",0,0
2024-01-03,무,20키로상자,상,"10,334",0,0
2024-01-01,무,20키로상자,상,0,0,"11,967"
2023-12-31,무,20키로상자,상,0,"12,001","13,379"
2023-12-30,무,20키로상자,상,"12,001","13,569","13,334"
2023-12-29,무,20키로상자,상,"13,569","13,801","12,999"
2023-12-28,무,20키로상자,상,"13,801","12,599","12,282"
2023-12-27,무,20키로상자,상,"12,599","11,376","12,724"
2023-12-26,무,20키로상자,상,"11,376","11,375",0
2023-12-25,무,20키로상자,상,"11,375",0,"14,034"
2023-12-24,무,20키로상자,상,0,"10,453","13,707"
2023-12-23,무,20키로상자,상,"10,453","10,982","13,250"
2023-12-22,무,20키로상자,상,"10,982","11,033","11,916"
2023-12-21,무,20키로상자,상,"11,033","10,496","11,496"
2023-12-20,무,20키로상자,상,"10,496","12,043","13,354"
2023-12-19,무,20키로상자,상,"12,043","13,511",0
2023-12-18,무,20키로상자,상,"13,511",0,"10,843"
2023-12-17,무,20키로상자,상,0,"11,325","12,004"
2023-12-16,무,20키로상자,상,"11,325","9,915","12,971"
2023-12-15,무,20키로상자,상,"9,915","8,984","10,788"
2023-12-14,무,20키로상자,상,"8,984","9,083","9,472"
2023-12-13,무,20키로상자,상,"9,083","8,516","8,852"
2023-12-12,무,20키로상자,상,"8,516","9,355",0
2023-12-11,무,20키로상자,상,"9,355",0,"8,633"
2023-12-09,무,20키로상자,상,"8,742",0,0
2023-12-08,무,20키로상자,상,"9,041",0,0
2023-12-07,무,20키로상자,상,"9,262",0,0
2023-12-06,무,20키로상자,상,"9,300",0,0
2023-12-05,무,20키로상자,상,"10,104",0,0
2023-12-04,무,20키로상자,상,"8,592",0,0
2023-12-02,무,20키로상자,상,"7,049",0,0
2023-12-01,무,20키로상자,상,"7,049","8,102","12,951"
2023-11-30,무,20키로상자,상,"8,102","8,384","12,360"
2023-11-29,무,20키로상자,상,"8,384","8,066","10,379"
2023-11-28,무,20키로상자,상,"8,066","7,727",0
2023-11-27,무,20키로상자,상,"7,727",0,"9,623"
2023-11-26,무,20키로상자,상,0,"4,753","9,353"
2023-11-25,무,20키로상자,상,"4,753","6,916","9,103"
2023-11-24,무,20키로상자,상,"6,916","7,182","8,871"
2023-11-23,무,20키로상자,상,"7,182","7,390","9,731"
2023-11-22,무,20키로상자,상,"7,390","7,810","10,780"
2023-11-21,무,20키로상자,상,"7,810","8,154",0
2023-11-20,무,20키로상자,상,"8,154",0,"10,429"
2023-11-19,무,20키로상자,상,0,"8,242","11,591"
2023-11-18,무,20키로상자,상,"8,242","7,322","11,958"
2023-11-17,무,20키로상자,상,"7,322","7,269","11,890"
2023-11-16,무,20키로상자,상,"7,269","6,625","11,892"
2023-11-15,무,20키로상자,상,"6,625","7,026","12,595"
2023-11-14,무,20키로상자,상,"7,026","7,297",0
2023-11-13,무,20키로상자,상,"7,297",0,"12,232"
2023-11-12,무,20키로상자,상,0,"5,631","12,880"
2023-11-11,무,20키로상자,상,"5,631","5,414","13,223"
2023-11-10,무,20키로상자,상,"5,414",0,0
2023-11-09,무,20키로상자,상,"6,722",0,0
2023-11-08,무,20키로상자,상,"7,531",0,0
2023-11-07,무,20키로상자,상,"8,539",0,0
2023-11-06,무,20키로상자,상,"8,285",0,0
2023-11-04,무,20키로상자,상,"8,687",0,0
2023-11-03,무,20키로상자,상,"8,687",0,0
2023-11-02,무,20키로상자,상,"7,741",0,0
2023-11-01,무,20키로상자,상,"8,089","8,285","15,384"
2023-10-31,무,20키로상자,상,"8,285","9,906",0
2023-10-30,무,20키로상자,상,"9,906",0,"17,840"
2023-10-29,무,20키로상자,상,0,"8,099","18,697"
2023-10-28,무,20키로상자,상,"8,099","8,957","22,954"
2023-10-27,무,20키로상자,상,"8,957","8,412","25,199"
2023-10-26,무,20키로상자,상,"8,412","7,819","25,759"
2023-10-25,무,20키로상자,상,"7,819","9,848","24,599"
2023-10-24,무,20키로상자,상,"9,848","9,798",0
2023-10-23,무,20키로상자,상,"9,798",0,"23,266"
2023-10-22,무,20키로상자,상,0,"10,405","22,239"
2023-10-21,무,20키로상자,상,"10,405","12,216","22,602"
2023-10-20,무,20키로상자,상,"12,216","12,117","21,953"
2023-10-19,무,20키로상자,상,"12,117","8,618","23,271"
2023-10-18,무,20키로상자,상,"8,618","11,732","22,783"
2023-10-17,무,20키로상자,상,"11,732","12,290",0
2023-10-16,무,20키로상자,상,"12,290",0,"23,036"
2023-10-15,무,20키로상자,상,0,"13,248","23,394"
2023-10-14,무,20키로상자,상,"13,248","12,135","20,418"
2023-10-13,무,20키로상자,상,"12,135","11,009","23,289"
2023-10-12,무,20키로상자,상,"11,009","11,704","21,431"
2023-10-11,무,20키로상자,상,"11,704","13,354","25,877"
2023-10-10,무,20키로상자,상,"13,354",0,0
2023-10-09,무,20키로상자,상,"14,111",0,0
2023-10-07,무,20키로상자,상,"10,464",0,0
2023-10-06,무,20키로상자,상,"11,977",0,0
2023-10-05,무,20키로상자,상,"11,406",0,0
2023-10-04,무,20키로상자,상,"12,249",0,0
2023-10-03,무,20키로상자,상,"14,165",0,0
2023-10-02,무,20키로상자,상,"13,267",0,0
2023-10-01,무,20키로상자,상,0,0,"33,500"
2023-09-30,무,20키로상자,상,0,0,"34,552"
2023-09-29,무,20키로상자,상,0,"13,836","31,112"
2023-09-28,무,20키로상자,상,"13,836","17,180","30,832"
2023-09-27,무,20키로상자,상,"17,180","20,085","30,908"
2023-09-26,무,20키로상자,상,"20,085","15,549",0
2023-09-25,무,20키로상자,상,"15,549",0,"29,653"
2023-09-24,무,20키로상자,상,0,"10,722","32,739"
2023-09-23,무,20키로상자,상,"10,722","11,438","30,540"
2023-09-22,무,20키로상자,상,"11,438","15,895","28,872"
2023-09-21,무,20키로상자,상,"15,895","14,604","31,202"
2023-09-20,무,20키로상자,상,"14,604","11,138","26,119"
2023-09-19,무,20키로상자,상,"11,138","14,594",0
2023-09-18,무,20키로상자,상,"14,594",0,"26,522"
2023-09-17,무,20키로상자,상,0,"14,588","26,004"
2023-09-16,무,20키로상자,상,"14,588","15,709","24,128"
2023-09-15,무,20키로상자,상,"15,709","15,056","20,759"
2023-09-14,무,20키로상자,상,"15,056","13,753","23,750"
2023-09-13,무,20키로상자,상,"13,753","13,403",0
2023-09-12,무,20키로상자,상,"13,403","13,652",0
2023-09-11,무,20키로상자,상,"13,652",0,0
2023-09-09,무,20키로상자,상,"11,024",0,0
2023-09-08,무,20키로상자,상,"11,788",0,0
2023-09-07,무,20키로상자,상,"11,446",0,0
2023-09-06,무,20키로상자,상,"12,204",0,0
2023-09-05,무,20키로상자,상,"13,640",0,0
2023-09-04,무,20키로상자,상,"14,732",0,0
2023-09-02,무,20키로상자,상,"12,665",0,0
2023-09-01,무,20키로상자,상,"15,909","22,324","28,620"
2023-08-31,무,20키로상자,상,"22,324","18,001","24,211"
2023-08-30,무,20키로상자,상,"18,001","17,289","22,395"
2023-08-29,무,20키로상자,상,"17,289","17,516",0
2023-08-28,무,20키로상자,상,"17,516",0,"20,738"
2023-08-27,무,20키로상자,상,0,"19,293","22,813"
2023-08-26,무,20키로상자,상,"19,293","16,377","21,129"
2023-08-25,무,20키로상자,상,"16,377","16,386","23,001"
2023-08-24,무,20키로상자,상,"16,386","20,456","21,736"
2023-08-23,무,20키로상자,상,"20,456","23,549","20,175"
2023-08-22,무,20키로상자,상,"23,549","24,273",0
2023-08-21,무,20키로상자,상,"24,273",0,"23,119"
2023-08-20,무,20키로상자,상,0,"21,248","19,036"
2023-08-19,무,20키로상자,상,"21,248","18,138","17,805"
2023-08-18,무,20키로상자,상,"18,138","14,736","17,501"
2023-08-17,무,20키로상자,상,"14,736","13,330","20,967"
2023-08-16,무,20키로상자,상,"13,330","14,822","20,016"
2023-08-15,무,20키로상자,상,"14,822","17,067",0
2023-08-14,무,20키로상자,상,"17,067",0,"17,949"
2023-08-13,무,20키로상자,상,0,"15,285","26,018"
2023-08-12,무,20키로상자,상,"15,285","23,003","24,203"
2023-08-11,무,20키로상자,상,"23,003","25,775","27,651"
2023-08-10,무,20키로상자,상,"25,775",0,0
2023-08-09,무,20키로상자,상,"23,991",0,0
2023-08-08,무,20키로상자,상,"24,068",0,0
2023-08-07,무,20키로상자,상,"18,122",0,0
2023-08-04,무,20키로상자,상,"25,622",0,0
2023-08-03,무,20키로상자,상,"25,823",0,0
2023-08-02,무,20키로상자,상,"18,933",0,0
2023-08-01,무,20키로상자,상,"17,870","16,737",0
2023-07-31,무,20키로상자,상,"16,737",0,"13,891"
2023-07-30,무,20키로상자,상,0,"14,904","17,254"
2023-07-29,무,20키로상자,상,"14,904","13,955","20,180"
2023-07-28,무,20키로상자,상,"13,955","15,566","23,080"
2023-07-27,무,20키로상자,상,"15,566","12,408","25,136"
2023-07-26,무,20키로상자,상,"12,408","14,639","25,395"
2023-07-25,무,20키로상자,상,"14,639","14,557",0
2023-07-24,무,20키로상자,상,"14,557",0,"26,911"
2023-07-23,무,20키로상자,상,0,"12,899","23,199"
2023-07-22,무,20키로상자,상,"12,899","16,448","19,347"
2023-07-21,무,20키로상자,상,"16,448","12,924","18,608"
2023-07-20,무,20키로상자,상,"12,924","14,101","19,253"
2023-07-19,무,20키로상자,상,"14,101","15,180","16,872"
2023-07-18,무,20키로상자,상,"15,180","12,962",0
2023-07-17,무,20키로상자,상,"12,962",0,"18,115"
2023-07-16,무,20키로상자,상,0,"12,613","18,937"
2023-07-15,무,20키로상자,상,"12,613","11,943","20,595"
2023-07-14,무,20키로상자,상,"11,943","11,298","18,105"
2023-07-13,무,20키로상자,상,"11,298","8,898","18,471"
2023-07-12,무,20키로상자,상,"8,898","10,905","17,188"
2023-07-11,무,20키로상자,상,"10,905","9,846",0
2023-07-10,무,20키로상자,상,"9,846",0,0
2023-07-08,무,20키로상자,상,"8,909",0,0
2023-07-07,무,20키로상자,상,"11,371",0,0
2023-07-06,무,20키로상자,상,"11,217",0,0
2023-07-05,무,20키로상자,상,"10,846",0,0
2023-07-04,무,20키로상자,상,"8,825",0,0
2023-07-03,무,20키로상자,상,"9,010",0,0
2023-07-01,무,20키로상자,상,"7,164","9,001","13,511"
2023-06-30,무,20키로상자,상,"9,001","13,015","14,134"
2023-06-29,무,20키로상자,상,"13,015","11,841","13,870"
2023-06-28,무,20키로상자,상,"11,841","14,941","14,773"
2023-06-27,무,20키로상자,상,"14,941","14,405",0
2023-06-26,무,20키로상자,상,"14,405",0,"14,880"
2023-06-25,무,20키로상자,상,0,"12,986","17,058"
2023-06-24,무,20키로상자,상,"12,986","13,389","13,832"
2023-06-23,무,20키로상자,상,"13,389","12,534","15,138"
2023-06-22,무,20키로상자,상,"12,534","13,063","13,197"
2023-06-21,무,20키로상자,상,"13,063","11,541","13,990"
2023-06-20,무,20키로상자,상,"11,541","12,049",0
2023-06-19,무,20키로상자,상,"12,049",0,"11,330"
2023-06-18,무,20키로상자,상,0,"9,625","13,408"
2023-06-17,무,20키로상자,상,"9,625","12,459","13,648"
2023-06-16,무,20키로상자,상,"12,459","13,143","16,191"
2023-06-15,무,20키로상자,상,"13,143","10,183","12,809"
2023-06-14,무,20키로상자,상,"10,183","10,271","14,059"
2023-06-13,무,20키로상자,상,"10,271","9,101",0
2023-06-12,무,20키로상자,상,"9,101",0,"11,618"
2023-06-11,무,20키로상자,상,0,"8,558","12,777"
2023-06-10,무,20키로상자,상,"8,558",0,0
2023-06-09,무,20키로상자,상,"9,493",0,0
2023-06-08,무,20키로상자,상,"10,455",0,0
2023-06-07,무,20키로상자,상,"9,019",0,0
2023-06-06,무,20키로상자,상,"9,635",0,0
2023-06-05,무,20키로상자,상,"11,197",0,0
2023-06-03,무,20키로상자,상,"14,173",0,0
2023-06-02,무,20키로상자,상,"10,999",0,0
2023-06-01,무,20키로상자,상,"11,751","10,362","14,558"
2023-05-31,무,20키로상자,상,"10,362","11,925","14,075"
2023-05-30,무,20키로상자,상,"11,925","12,599",0
2023-05-29,무,20키로상자,상,"12,599",0,"14,695"
2023-05-28,무,20키로상자,상,0,"12,288","14,235"
2023-05-27,무,20키로상자,상,"12,288","12,797","14,399"
2023-05-26,무,20키로상자,상,"12,797","14,938","13,956"
2023-05-25,무,20키로상자,상,"14,938","14,856","13,611"
2023-05-24,무,20키로상자,상,"14,856","15,340","14,091"
2023-05-23,무,20키로상자,상,"15,340","14,841",0
2023-05-22,무,20키로상자,상,"14,841",0,"13,885"
2023-05-21,무,20키로상자,상,0,"16,368","14,502"
2023-05-20,무,20키로상자,상,"16,368","17,711","15,017"
2023-05-19,무,20키로상자,상,"17,711","16,922","14,047"
2023-05-18,무,20키로상자,상,"16,922","16,905","14,873"
2023-05-17,무,20키로상자,상,"16,905","17,749","13,148"
2023-05-16,무,20키로상자,상,"17,749","18,161",0
2023-05-15,무,20키로상자,상,"18,161",0,"11,912"
2023-05-14,무,20키로상자,상,0,"17,730","13,128"
2023-05-13,무,20키로상자,상,"17,730","17,102","12,173"
2023-05-12,무,20키로상자,상,"17,102","16,968","13,318"
2023-05-11,무,20키로상자,상,"16,968","15,828","15,696"
2023-05-10,무,20키로상자,상,"15,828",0,0
2023-05-09,무,20키로상자,상,"15,792",0,0
2023-05-08,무,20키로상자,상,"16,216",0,0
2023-05-06,무,20키로상자,상,"18,374",0,0
2023-05-05,무,20키로상자,상,"16,776",0,0
2023-05-04,무,20키로상자,상,"16,153",0,0
2023-05-03,무,20키로상자,상,"17,044",0,0
2023-05-02,무,20키로상자,상,"17,743",0,0
2023-05-01,무,20키로상자,상,"17,581",0,"12,520"
2023-04-30,무,20키로상자,상,0,"17,078","13,499"
2023-04-29,무,20키로상자,상,"17,078","16,085","12,141"
2023-04-28,무,20키로상자,상,"16,085","16,339","12,222"
2023-04-27,무,20키로상자,상,"16,339","18,166","13,586"
2023-04-26,무,20키로상자,상,"18,166","16,920","12,725"
2023-04-25,무,20키로상자,상,"16,920","15,129",0
2023-04-24,무,20키로상자,상,"15,129",0,"9,425"
2023-04-23,무,20키로상자,상,0,"13,762","7,788"
2023-04-22,무,20키로상자,상,"13,762","15,164","7,828"
2023-04-21,무,20키로상자,상,"15,164","14,814","8,574"
2023-04-20,무,20키로상자,상,"14,814","16,077","8,932"
2023-04-19,무,20키로상자,상,"16,077","14,793","9,551"
2023-04-18,무,20키로상자,상,"14,793","14,600",0
2023-04-17,무,20키로상자,상,"14,600",0,"9,602"
2023-04-16,무,20키로상자,상,0,"12,652","9,168"
2023-04-15,무,20키로상자,상,"12,652","12,885","10,133"
2023-04-14,무,20키로상자,상,"12,885","12,279","10,451"
2023-04-13,무,20키로상자,상,"12,279","12,740","9,630"
2023-04-12,무,20키로상자,상,"12,740","13,449","8,663"
2023-04-11,무,20키로상자,상,"13,449","13,325",0
2023-04-10,무,20키로상자,상,"13,325",0,0
2023-04-08,무,20키로상자,상,"12,906",0,0
2023-04-07,무,20키로상자,상,"12,496",0,0
2023-04-06,무,20키로상자,상,"15,088",0,0
2023-04-05,무,20키로상자,상,"16,059",0,0
2023-04-04,무,20키로상자,상,"15,922",0,0
2023-04-03,무,20키로상자,상,"14,609",0,0
2023-04-01,무,20키로상자,상,"12,223","11,589","8,937"
2023-03-31,무,20키로상자,상,"11,589","10,857","8,822"
2023-03-30,무,20키로상자,상,"10,857","12,016","9,067"
2023-03-29,무,20키로상자,상,"12,016","12,285","9,458"
2023-03-28,무,20키로상자,상,"12,285","12,913",0
2023-03-27,무,20키로상자,상,"12,913",0,"9,342"
2023-03-26,무,20키로상자,상,0,"13,361","10,151"
2023-03-25,무,20키로상자,상,"13,361","12,617","10,779"
2023-03-24,무,20키로상자,상,"12,617","13,035","11,324"
2023-03-23,무,20키로상자,상,"13,035","12,823","11,761"
2023-03-22,무,20키로상자,상,"12,823","13,090","10,039"
2023-03-21,무,20키로상자,상,"13,090","11,258",0
2023-03-20,무,20키로상자,상,"11,258",0,"8,984"
2023-03-19,무,20키로상자,상,0,"10,580","8,944"
2023-03-18,무,20키로상자,상,"10,580","11,931","9,296"
2023-03-17,무,20키로상자,상,"11,931","11,631","10,165"
2023-03-16,무,20키로상자,상,"11,631","12,384","10,560"
2023-03-15,무,20키로상자,상,"12,384","13,046","10,293"
2023-03-14,무,20키로상자,상,"13,046","13,018",0
2023-03-13,무,20키로상자,상,"13,018",0,"10,151"
2023-03-12,무,20키로상자,상,0,"11,073","9,324"
2023-03-11,무,20키로상자,상,"11,073","11,247","9,403"
2023-03-10,무,20키로상자,상,"11,247",0,0
2023-03-09,무,20키로상자,상,"11,246",0,0
2023-03-08,무,20키로상자,상,"11,128",0,0
2023-03-07,무,20키로상자,상,"11,380",0,0
2023-03-06,무,20키로상자,상,"11,874",0,0
2023-03-04,무,20키로상자,상,"11,872",0,0
2023-03-03,무,20키로상자,상,"12,721",0,0
2023-03-02,무,20키로상자,상,"13,080",0,0
2023-03-01,무,20키로상자,상,"13,457","13,006","10,628"
2023-02-28,무,20키로상자,상,"13,006","12,047",0
2023-02-27,무,20키로상자,상,"12,047",0,"11,108"
2023-02-26,무,20키로상자,상,0,"11,592","11,351"
2023-02-25,무,20키로상자,상,"11,592","10,301","11,885"
2023-02-24,무,20키로상자,상,"10,301","9,951","12,616"
2023-02-23,무,20키로상자,상,"9,951","11,257","11,711"
2023-02-22,무,20키로상자,상,"11,257","12,191","11,198"
2023-02-21,무,20키로상자,상,"12,191","13,545",0
2023-02-20,무,20키로상자,상,"13,545",0,"11,932"
2023-02-19,무,20키로상자,상,0,"15,169","11,265"
2023-02-18,무,20키로상자,상,"15,169","15,762","11,508"
2023-02-17,무,20키로상자,상,"15,762","15,683","11,645"
2023-02-16,무,20키로상자,상,"15,683","13,478","10,437"
2023-02-15,무,20키로상자,상,"13,478","13,118","10,085"
2023-02-14,무,20키로상자,상,"13,118","13,079",0
2023-02-13,무,20키로상자,상,"13,079",0,"10,056"
2023-02-12,무,20키로상자,상,0,"12,062","9,804"
2023-02-11,무,20키로상자,상,"12,062","9,949","8,859"
2023-02-10,무,20키로상자,상,"9,949",0,0
2023-02-09,무,20키로상자,상,"8,895",0,0
2023-02-08,무,20키로상자,상,"11,114",0,0
2023-02-07,무,20키로상자,상,"11,915",0,0
2023-02-06,무,20키로상자,상,"11,587",0,0
2023-02-04,무,20키로상자,상,"13,889",0,0
2023-02-03,무,20키로상자,상,"14,379",0,0
2023-02-02,무,20키로상자,상,"15,253",0,0
2023-02-01,무,20키로상자,상,"15,328","15,778",0
2023-01-31,무,20키로상자,상,"15,778","14,930",0
2023-01-30,무,20키로상자,상,"14,930",0,"13,999"
2023-01-29,무,20키로상자,상,0,"10,176","13,712"
2023-01-28,무,20키로상자,상,"10,176","10,591","12,259"
2023-01-27,무,20키로상자,상,"10,591","14,565","12,136"
2023-01-26,무,20키로상자,상,"14,565","13,627","11,897"
2023-01-25,무,20키로상자,상,"13,627",0,"11,788"
2023-01-23,무,20키로상자,상,0,0,"12,629"
2023-01-22,무,20키로상자,상,0,"9,798","12,682"
2023-01-21,무,20키로상자,상,"9,798","10,895","12,485"
2023-01-20,무,20키로상자,상,"10,895","10,804","11,962"
2023-01-19,무,20키로상자,상,"10,804","10,750","12,156"
2023-01-18,무,20키로상자,상,"10,750","10,368","11,130"
2023-01-17,무,20키로상자,상,"10,368","10,835",0
2023-01-16,무,20키로상자,상,"10,835",0,"10,668"
2023-01-15,무,20키로상자,상,0,"10,751","10,019"
2023-01-14,무,20키로상자,상,"10,751","10,724","10,785"
2023-01-13,무,20키로상자,상,"10,724","11,017","11,323"
2023-01-12,무,20키로상자,상,"11,017","11,503","10,823"
2023-01-11,무,20키로상자,상,"11,503","10,794","10,499"
2023-01-10,무,20키로상자,상,"10,794",0,0
2023-01-09,무,20키로상자,상,"10,413",0,0
2023-01-07,무,20키로상자,상,"9,915",0,0
2023-01-06,무,20키로상자,상,"9,643",0,0
2023-01-05,무,20키로상자,상,"10,758",0,0
2023-01-04,무,20키로상자,상,"12,117",0,0
2023-01-03,무,20키로상자,상,"12,411",0,0
2023-01-01,무,20키로상자,상,0,"11,967","10,890"
2022-12-31,무,20키로상자,상,"11,967","13,379","10,796"
2022-12-30,무,20키로상자,상,"13,379","13,334","10,289"
2022-12-29,무,20키로상자,상,"13,334","12,999","11,202"
2022-12-28,무,20키로상자,상,"12,999","12,282","11,482"
2022-12-27,무,20키로상자,상,"12,282","12,724",0
2022-12-26,무,20키로상자,상,"12,724",0,"11,464"
2022-12-25,무,20키로상자,상,0,"14,034","11,605"
2022-12-24,무,20키로상자,상,"14,034","13,707","9,966"
2022-12-23,무,20키로상자,상,"13,707","13,250","9,434"
2022-12-22,무,20키로상자,상,"13,250","11,916","10,354"
2022-12-21,무,20키로상자,상,"11,916","11,496","10,079"
2022-12-20,무,20키로상자,상,"11,496","13,354",0
2022-12-19,무,20키로상자,상,"13,354",0,"9,772"
2022-12-18,무,20키로상자,상,0,"10,843","10,328"
2022-12-17,무,20키로상자,상,"10,843","12,004","10,469"
2022-12-16,무,20키로상자,상,"12,004","12,971","10,354"
2022-12-15,무,20키로상자,상,"12,971","10,788","10,929"
2022-12-14,무,20키로상자,상,"10,788","9,472","11,097"
2022-12-13,무,20키로상자,상,"9,472","8,852",0
2022-12-12,무,20키로상자,상,"8,852",0,"11,754"
2022-12-11,무,20키로상자,상,0,"8,633","10,628"
2022-12-10,무,20키로상자,상,"8,633",0,0
2022-12-09,무,20키로상자,상,"8,324",0,0
2022-12-08,무,20키로상자,상,"9,594",0,0
2022-12-07,무,20키로상자,상,"10,728",0,0
2022-12-06,무,20키로상자,상,"11,520",0,0
2022-12-05,무,20키로상자,상,"12,601",0,0
2022-12-03,무,20키로상자,상,"13,293",0,0
2022-12-02,무,20키로상자,상,"14,756",0,0
2022-12-01,무,20키로상자,상,"13,296","12,951","11,813"
2022-11-30,무,20키로상자,상,"12,951","12,360","11,050"
2022-11-29,무,20키로상자,상,"12,360","10,379",0
2022-11-28,무,20키로상자,상,"10,379",0,"10,256"
2022-11-27,무,20키로상자,상,0,"9,623","11,195"
2022-11-26,무,20키로상자,상,"9,623","9,353","11,266"
2022-11-25,무,20키로상자,상,"9,353","9,103","11,119"
2022-11-24,무,20키로상자,상,"9,103","8,871","11,522"
2022-11-23,무,20키로상자,상,"8,871","9,731","10,638"
2022-11-22,무,20키로상자,상,"9,731","10,780",0
2022-11-21,무,20키로상자,상,"10,780",0,"10,359"
2022-11-20,무,20키로상자,상,0,"10,429","10,715"
2022-11-19,무,20키로상자,상,"10,429","11,591","10,979"
2022-11-18,무,20키로상자,상,"11,591","11,958","12,160"
2022-11-17,무,20키로상자,상,"11,958","11,890","13,286"
2022-11-16,무,20키로상자,상,"11,890","11,892","12,258"
2022-11-15,무,20키로상자,상,"11,892","12,595",0
2022-11-14,무,20키로상자,상,"12,595",0,"14,927"
2022-11-13,무,20키로상자,상,0,"12,232","14,940"
2022-11-12,무,20키로상자,상,"12,232","12,880","13,606"
2022-11-11,무,20키로상자,상,"12,880","13,223","12,925"
2022-11-10,무,20키로상자,상,"13,223",0,0
2022-11-09,무,20키로상자,상,"11,730",0,0
2022-11-08,무,20키로상자,상,"12,505",0,0
2022-11-07,무,20키로상자,상,"13,030",0,0
2022-11-05,무,20키로상자,상,"14,245",0,0
2022-11-04,무,20키로상자,상,"15,525",0,0
2022-11-03,무,20키로상자,상,"15,077",0,0
2022-11-02,무,20키로상자,상,"15,754",0,0
2022-11-01,무,20키로상자,상,"14,878","15,384",0
2022-10-31,무,20키로상자,상,"15,384",0,"12,219"
2022-10-30,무,20키로상자,상,0,"17,840","11,645"
2022-10-29,무,20키로상자,상,"17,840","18,697","12,967"
2022-10-28,무,20키로상자,상,"18,697","22,954","10,881"
2022-10-27,무,20키로상자,상,"22,954","25,199","10,153"
2022-10-26,무,20키로상자,상,"25,199","25,759","8,874"
2022-10-25,무,20키로상자,상,"25,759","24,599",0
2022-10-24,무,20키로상자,상,"24,599",0,"8,954"
2022-10-23,무,20키로상자,상,0,"23,266","11,580"
2022-10-22,무,20키로상자,상,"23,266","22,239","10,979"
2022-10-21,무,20키로상자,상,"22,239","22,602","13,794"
2022-10-20,무,20키로상자,상,"22,602","21,953","11,902"
2022-10-19,무,20키로상자,상,"21,953","23,271","10,583"
2022-10-18,무,20키로상자,상,"23,271","22,783",0
2022-10-17,무,20키로상자,상,"22,783",0,"8,828"
2022-10-16,무,20키로상자,상,0,"23,036","6,475"
2022-10-15,무,20키로상자,상,"23,036","23,394","5,879"
2022-10-14,무,20키로상자,상,"23,394","20,418","6,177"
2022-10-13,무,20키로상자,상,"20,418","23,289","8,210"
2022-10-12,무,20키로상자,상,"23,289","21,431","6,718"
2022-10-11,무,20키로상자,상,"21,431","25,877",0
2022-10-10,무,20키로상자,상,"25,877",0,0
2022-10-08,무,20키로상자,상,"30,233",0,0
2022-10-07,무,20키로상자,상,"34,889",0,0
2022-10-06,무,20키로상자,상,"35,865",0,0
2022-10-05,무,20키로상자,상,"38,102",0,0
2022-10-04,무,20키로상자,상,"36,934",0,0
2022-10-03,무,20키로상자,상,"37,632",0,0
2022-10-01,무,20키로상자,상,"33,502","33,500","8,812"
2022-09-30,무,20키로상자,상,"33,500","34,552","8,182"
2022-09-29,무,20키로상자,상,"34,552","31,112","6,843"
2022-09-28,무,20키로상자,상,"31,112","30,832","7,146"
2022-09-27,무,20키로상자,상,"30,832","30,908",0
2022-09-26,무,20키로상자,상,"30,908",0,"8,409"
2022-09-25,무,20키로상자,상,0,"29,653","9,066"
2022-09-24,무,20키로상자,상,"29,653","32,739",0
2022-09-23,무,20키로상자,상,"32,739","30,540",0
2022-09-22,무,20키로상자,상,"30,540","28,872",0
2022-09-21,무,20키로상자,상,"28,872","31,202",0
2022-09-20,무,20키로상자,상,"31,202","26,119",0
2022-09-19,무,20키로상자,상,"26,119",0,"16,385"
2022-09-18,무,20키로상자,상,0,"26,522","10,002"
2022-09-17,무,20키로상자,상,"26,522","26,004","9,855"
2022-09-16,무,20키로상자,상,"26,004","24,128","9,545"
2022-09-15,무,20키로상자,상,"24,128","20,759","9,650"
2022-09-14,무,20키로상자,상,"20,759","23,750","8,212"
2022-09-13,무,20키로상자,상,"23,750",0,0
2022-09-12,무,20키로상자,상,0,0,"7,661"
2022-09-11,무,20키로상자,상,0,0,"7,002"
2022-09-09,무,20키로상자,상,"17,622",0,0
2022-09-08,무,20키로상자,상,"21,259",0,0
2022-09-07,무,20키로상자,상,"38,448",0,0
2022-09-06,무,20키로상자,상,"37,699",0,0
2022-09-05,무,20키로상자,상,"35,826",0,0
2022-09-03,무,20키로상자,상,"27,964",0,0
2022-09-02,무,20키로상자,상,"26,081",0,0
2022-09-01,무,20키로상자,상,"26,367","28,620","8,985"
2022-08-31,무,20키로상자,상,"28,620","24,211","9,444"
2022-08-30,무,20키로상자,상,"24,211","22,395",0
2022-08-29,무,20키로상자,상,"22,395",0,"9,980"
2022-08-28,무,20키로상자,상,0,"20,738","7,121"
2022-08-27,무,20키로상자,상,"20,738","22,813","9,753"
2022-08-26,무,20키로상자,상,"22,813","21,129","12,956"
2022-08-25,무,20키로상자,상,"21,129","23,001","11,529"
2022-08-24,무,20키로상자,상,"23,001","21,736","9,855"
2022-08-23,무,20키로상자,상,"21,736","20,175",0
2022-08-22,무,20키로상자,상,"20,175",0,"11,291"
2022-08-21,무,20키로상자,상,0,"23,119","11,603"
2022-08-20,무,20키로상자,상,"23,119","19,036","12,404"
2022-08-19,무,20키로상자,상,"19,036","17,805","10,294"
2022-08-18,무,20키로상자,상,"17,805","17,501","8,607"
2022-08-17,무,20키로상자,상,"17,501","20,967","10,204"
2022-08-16,무,20키로상자,상,"20,967","20,016",0
2022-08-15,무,20키로상자,상,"20,016",0,"10,377"
2022-08-14,무,20키로상자,상,0,"17,949","10,173"
2022-08-13,무,20키로상자,상,"17,949","26,018","10,458"
2022-08-12,무,20키로상자,상,"26,018","24,203","11,106"
2022-08-11,무,20키로상자,상,"24,203","27,651","15,250"
2022-08-10,무,20키로상자,상,"27,651",0,0
2022-08-09,무,20키로상자,상,"25,810",0,0
2022-08-08,무,20키로상자,상,"27,841",0,0
2022-08-06,무,20키로상자,상,"17,577",0,0
2022-08-05,무,20키로상자,상,"17,577",0,0
2022-08-04,무,20키로상자,상,"17,547",0,0
2022-08-03,무,20키로상자,상,"26,074",0,0
2022-08-02,무,20키로상자,상,"16,165",0,0
2022-08-01,무,20키로상자,상,"26,882",0,"12,532"
2022-07-31,무,20키로상자,상,0,"13,891","11,353"
2022-07-30,무,20키로상자,상,"13,891","17,254","11,551"
2022-07-29,무,20키로상자,상,"17,254","20,180","14,712"
2022-07-28,무,20키로상자,상,"20,180","23,080","12,673"
2022-07-27,무,20키로상자,상,"23,080","25,136","10,776"
2022-07-26,무,20키로상자,상,"25,136","25,395",0
2022-07-25,무,20키로상자,상,"25,395",0,"9,025"
2022-07-24,무,20키로상자,상,0,"26,911","8,714"
2022-07-23,무,20키로상자,상,"26,911","23,199","9,423"
2022-07-22,무,20키로상자,상,"23,199","19,347","9,912"
2022-07-21,무,20키로상자,상,"19,347","18,608","10,945"
2022-07-20,무,20키로상자,상,"18,608","19,253","8,270"
2022-07-19,무,20키로상자,상,"19,253","16,872",0
2022-07-18,무,20키로상자,상,"16,872",0,"8,691"
2022-07-17,무,20키로상자,상,0,"18,115","8,827"
2022-07-16,무,20키로상자,상,"18,115","18,937","10,236"
2022-07-15,무,20키로상자,상,"18,937","20,595","8,491"
2022-07-14,무,20키로상자,상,"20,595","18,105","7,324"
2022-07-13,무,20키로상자,상,"18,105","18,471","9,318"
2022-07-12,무,20키로상자,상,"18,471","17,188",0
2022-07-11,무,20키로상자,상,"17,188",0,"7,116"
2022-07-09,무,20키로상자,상,"16,845",0,0
2022-07-08,무,20키로상자,상,"16,099",0,0
2022-07-07,무,20키로상자,상,"17,332",0,0
2022-07-06,무,20키로상자,상,"17,591",0,0
2022-07-05,무,20키로상자,상,"15,823",0,0
2022-07-04,무,20키로상자,상,"22,326",0,0
2022-07-02,무,20키로상자,상,"11,860",0,0
2022-07-01,무,20키로상자,상,"11,465","13,511","10,170"
2022-06-30,무,20키로상자,상,"13,511","14,134","10,793"
2022-06-29,무,20키로상자,상,"14,134","13,870","9,435"
2022-06-28,무,20키로상자,상,"13,870","14,773",0
2022-06-27,무,20키로상자,상,"14,773",0,"7,278"
2022-06-26,무,20키로상자,상,0,"14,880","8,540"
2022-06-25,무,20키로상자,상,"14,880","17,058","9,776"
2022-06-24,무,20키로상자,상,"17,058","13,832","8,861"
2022-06-23,무,20키로상자,상,"13,832","15,138","9,007"
2022-06-22,무,20키로상자,상,"15,138","13,197","8,494"
2022-06-21,무,20키로상자,상,"13,197","13,990",0
2022-06-20,무,20키로상자,상,"13,990",0,"8,183"
2022-06-19,무,20키로상자,상,0,"11,330","8,291"
2022-06-18,무,20키로상자,상,"11,330","13,408","8,420"
2022-06-17,무,20키로상자,상,"13,408","13,648","7,936"
2022-06-16,무,20키로상자,상,"13,648","16,191","7,749"
2022-06-15,무,20키로상자,상,"16,191","12,809","8,525"
2022-06-14,무,20키로상자,상,"12,809","14,059",0
2022-06-13,무,20키로상자,상,"14,059",0,"9,415"
2022-06-12,무,20키로상자,상,0,"11,618","8,967"
2022-06-11,무,20키로상자,상,"11,618","12,777","9,148"
2022-06-10,무,20키로상자,상,"12,777",0,0
2022-06-09,무,20키로상자,상,"11,945",0,0
2022-06-08,무,20키로상자,상,"13,913",0,0
2022-06-07,무,20키로상자,상,"14,363",0,0
2022-06-06,무,20키로상자,상,"15,725",0,0
2022-06-04,무,20키로상자,상,"13,350",0,0
2022-06-03,무,20키로상자,상,"13,728",0,0
2022-06-02,무,20키로상자,상,"13,351",0,0
2022-06-01,무,20키로상자,상,"14,087","14,558","7,718"
2022-05-31,무,20키로상자,상,"14,558","14,075",0
2022-05-30,무,20키로상자,상,"14,075",0,"7,940"
2022-05-29,무,20키로상자,상,0,"14,695","8,909"
2022-05-28,무,20키로상자,상,"14,695","14,235","8,689"
2022-05-27,무,20키로상자,상,"14,235","14,399","8,772"
2022-05-26,무,20키로상자,상,"14,399","13,956","8,741"
2022-05-25,무,20키로상자,상,"13,956","13,611","8,653"
2022-05-24,무,20키로상자,상,"13,611","14,091",0
2022-05-23,무,20키로상자,상,"14,091",0,"9,438"
2022-05-22,무,20키로상자,상,0,"13,885","7,612"
2022-05-21,무,20키로상자,상,"13,885","14,502","7,348"
2022-05-20,무,20키로상자,상,"14,502","15,017","7,216"
2022-05-19,무,20키로상자,상,"15,017","14,047","7,764"
2022-05-18,무,20키로상자,상,"14,047","14,873","7,858"
2022-05-17,무,20키로상자,상,"14,873","13,148",0
2022-05-16,무,20키로상자,상,"13,148",0,"8,319"
2022-05-15,무,20키로상자,상,0,"11,912","8,422"
2022-05-14,무,20키로상자,상,"11,912","13,128","8,925"
2022-05-13,무,20키로상자,상,"13,128","12,173","8,617"
2022-05-12,무,20키로상자,상,"12,173","13,318","9,018"
2022-05-11,무,20키로상자,상,"13,318","15,696","9,234"
2022-05-10,무,20키로상자,상,"15,696",0,0
2022-05-09,무,20키로상자,상,"15,304",0,0
2022-05-07,무,20키로상자,상,"14,859",0,0
2022-05-06,무,20키로상자,상,"12,742",0,0
2022-05-05,무,20키로상자,상,"12,752",0,0
2022-05-04,무,20키로상자,상,"12,767",0,0
2022-05-03,무,20키로상자,상,"12,504",0,0
2022-05-02,무,20키로상자,상,"12,090",0,0
2022-05-01,무,20키로상자,상,0,"12,520","9,104"
2022-04-30,무,20키로상자,상,"12,520","13,499","9,763"
2022-04-29,무,20키로상자,상,"13,499","12,141","11,152"
2022-04-28,무,20키로상자,상,"12,141","12,222","9,404"
2022-04-27,무,20키로상자,상,"12,222","13,586","8,895"
2022-04-26,무,20키로상자,상,"13,586","12,725",0
2022-04-25,무,20키로상자,상,"12,725",0,"8,449"
2022-04-24,무,20키로상자,상,0,"9,425","8,372"
2022-04-23,무,20키로상자,상,"9,425","7,788","8,053"
2022-04-22,무,20키로상자,상,"7,788","7,828","7,325"
2022-04-21,무,20키로상자,상,"7,828","8,574","7,393"
2022-04-20,무,20키로상자,상,"8,574","8,932","7,885"
2022-04-19,무,20키로상자,상,"8,932","9,551",0
2022-04-18,무,20키로상자,상,"9,551",0,"7,581"
2022-04-17,무,20키로상자,상,0,"9,602","9,620"
2022-04-16,무,20키로상자,상,"9,602","9,168","10,001"
2022-04-15,무,20키로상자,상,"9,168","10,133","8,923"
2022-04-14,무,20키로상자,상,"10,133","10,451","7,443"
2022-04-13,무,20키로상자,상,"10,451","9,630","7,479"
2022-04-12,무,20키로상자,상,"9,630","8,663",0
2022-04-11,무,20키로상자,상,"8,663",0,"6,786"
2022-04-09,무,20키로상자,상,"7,689",0,0
2022-04-08,무,20키로상자,상,"7,816",0,0
2022-04-07,무,20키로상자,상,"8,912",0,0
2022-04-06,무,20키로상자,상,"10,025",0,0
2022-04-05,무,20키로상자,상,"11,524",0,0
2022-04-04,무,20키로상자,상,"11,600",0,0
2022-04-02,무,20키로상자,상,"9,981",0,0
2022-04-01,무,20키로상자,상,"10,420","8,937","7,643"
2022-03-31,무,20키로상자,상,"8,937","8,822","9,308"
2022-03-30,무,20키로상자,상,"8,822","9,067","8,399"
2022-03-29,무,20키로상자,상,"9,067","9,458",0
2022-03-28,무,20키로상자,상,"9,458",0,"6,553"
2022-03-27,무,20키로상자,상,0,"9,342","5,629"
2022-03-26,무,20키로상자,상,"9,342","10,151","5,757"
2022-03-25,무,20키로상자,상,"10,151","10,779","6,311"
2022-03-24,무,20키로상자,상,"10,779","11,324","6,883"
2022-03-23,무,20키로상자,상,"11,324","11,761","8,154"
2022-03-22,무,20키로상자,상,"11,761","10,039",0
2022-03-21,무,20키로상자,상,"10,039",0,"8,355"
2022-03-20,무,20키로상자,상,0,"8,984","9,121"
2022-03-19,무,20키로상자,상,"8,984","8,944","9,860"
2022-03-18,무,20키로상자,상,"8,944","9,296","9,585"
2022-03-17,무,20키로상자,상,"9,296","10,165","9,150"
2022-03-16,무,20키로상자,상,"10,165","10,560","7,356"
2022-03-15,무,20키로상자,상,"10,560","10,293",0
2022-03-14,무,20키로상자,상,"10,293",0,"6,588"
2022-03-13,무,20키로상자,상,0,"10,151","7,070"
2022-03-12,무,20키로상자,상,"10,151","9,324","6,786"
2022-03-11,무,20키로상자,상,"9,324","9,403","6,543"
2022-03-10,무,20키로상자,상,"9,403",0,0
2022-03-09,무,20키로상자,상,"10,222",0,0
2022-03-08,무,20키로상자,상,"10,966",0,0
2022-03-07,무,20키로상자,상,"10,669",0,0
2022-03-05,무,20키로상자,상,"10,433",0,0
2022-03-04,무,20키로상자,상,"11,352",0,0
2022-03-03,무,20키로상자,상,"10,476",0,0
2022-03-02,무,20키로상자,상,"10,574",0,0
2022-03-01,무,20키로상자,상,"10,101","10,628",0
2022-02-28,무,20키로상자,상,"10,628",0,"7,886"
2022-02-27,무,20키로상자,상,0,"11,108","7,367"
2022-02-26,무,20키로상자,상,"11,108","11,351","6,820"
2022-02-25,무,20키로상자,상,"11,351","11,885","6,891"
2022-02-24,무,20키로상자,상,"11,885","12,616","7,912"
2022-02-23,무,20키로상자,상,"12,616","11,711","8,548"
2022-02-22,무,20키로상자,상,"11,711","11,198",0
2022-02-21,무,20키로상자,상,"11,198",0,"8,620"
2022-02-20,무,20키로상자,상,0,"11,932","8,983"
2022-02-19,무,20키로상자,상,"11,932","11,265","8,736"
2022-02-18,무,20키로상자,상,"11,265","11,508","9,447"
2022-02-17,무,20키로상자,상,"11,508","11,645","8,733"
2022-02-16,무,20키로상자,상,"11,645","10,437","7,347"
2022-02-15,무,20키로상자,상,"10,437","10,085",0
2022-02-14,무,20키로상자,상,"10,085",0,0
2022-02-13,무,20키로상자,상,0,"10,056",0
2022-02-12,무,20키로상자,상,"10,056","9,804","6,512"
2022-02-11,무,20키로상자,상,"9,804","8,859","7,045"
2022-02-10,무,20키로상자,상,"8,859",0,0
2022-02-09,무,20키로상자,상,"9,250",0,0
2022-02-08,무,20키로상자,상,"9,697",0,0
2022-02-07,무,20키로상자,상,"10,438",0,0
2022-02-05,무,20키로상자,상,"10,289",0,0
2022-02-04,무,20키로상자,상,"11,843",0,0
2022-01-31,무,20키로상자,상,0,0,"11,231"
2022-01-30,무,20키로상자,상,0,"13,999","10,622"
2022-01-29,무,20키로상자,상,"13,999","13,712","10,949"
2022-01-28,무,20키로상자,상,"13,712","12,259","11,118"
2022-01-27,무,20키로상자,상,"12,259","12,136","11,124"
2022-01-26,무,20키로상자,상,"12,136","11,897","11,458"
2022-01-25,무,20키로상자,상,"11,897","11,788",0
2022-01-24,무,20키로상자,상,"11,788",0,"11,679"
2022-01-23,무,20키로상자,상,0,"12,629","12,510"
2022-01-22,무,20키로상자,상,"12,629","12,682","13,074"
2022-01-21,무,20키로상자,상,"12,682","12,485","13,265"
2022-01-20,무,20키로상자,상,"12,485","11,962","13,426"
2022-01-19,무,20키로상자,상,"11,962","12,156","13,404"
2022-01-18,무,20키로상자,상,"12,156","11,130",0
2022-01-17,무,20키로상자,상,"11,130",0,"13,532"
2022-01-16,무,20키로상자,상,0,"10,668","14,426"
2022-01-15,무,20키로상자,상,"10,668","10,019","14,337"
2022-01-14,무,20키로상자,상,"10,019","10,785","14,923"
2022-01-13,무,20키로상자,상,"10,785","11,323","15,255"
2022-01-12,무,20키로상자,상,"11,323","10,823","15,309"
2022-01-11,무,20키로상자,상,"10,823","10,499",0
2022-01-10,무,20키로상자,상,"10,499",0,0
2022-01-08,무,20키로상자,상,"10,759",0,0
2022-01-07,무,20키로상자,상,"10,677",0,0
2022-01-06,무,20키로상자,상,"10,695",0,0
2022-01-05,무,20키로상자,상,"10,534",0,0
2022-01-04,무,20키로상자,상,"11,295",0,0
2022-01-03,무,20키로상자,상,"11,425",0,0
2022-01-01,무,20키로상자,상,0,"10,890","14,755"
2021-12-31,무,20키로상자,상,"10,890","10,796","15,195"
2021-12-30,무,20키로상자,상,"10,796","10,289","14,631"
2021-12-29,무,20키로상자,상,"10,289","11,202","13,480"
2021-12-28,무,20키로상자,상,"11,202","11,482",0
2021-12-27,무,20키로상자,상,"11,482",0,"14,670"
2021-12-26,무,20키로상자,상,0,"11,464","13,778"
2021-12-25,무,20키로상자,상,"11,464","11,605","13,056"
2021-12-24,무,20키로상자,상,"11,605","9,966","12,855"
2021-12-23,무,20키로상자,상,"9,966","9,434","13,790"
2021-12-22,무,20키로상자,상,"9,434","10,354","14,913"
2021-12-21,무,20키로상자,상,"10,354","10,079",0
2021-12-20,무,20키로상자,상,"10,079",0,"14,116"
2021-12-19,무,20키로상자,상,0,"9,772","13,988"
2021-12-18,무,20키로상자,상,"9,772","10,328","14,901"
2021-12-17,무,20키로상자,상,"10,328","10,469","12,959"
2021-12-16,무,20키로상자,상,"10,469","10,354","12,418"
2021-12-15,무,20키로상자,상,"10,354","10,929","9,202"
2021-12-14,무,20키로상자,상,"10,929","11,097",0
2021-12-13,무,20키로상자,상,"11,097",0,"9,390"
2021-12-12,무,20키로상자,상,0,"11,754","9,208"
2021-12-11,무,20키로상자,상,"11,754","10,628","10,421"
2021-12-10,무,20키로상자,상,"10,628",0,0
2021-12-09,무,20키로상자,상,"11,061",0,0
2021-12-08,무,20키로상자,상,"11,244",0,0
2021-12-07,무,20키로상자,상,"12,009",0,0
2021-12-06,무,20키로상자,상,"12,353",0,0
2021-12-04,무,20키로상자,상,"11,830",0,0
2021-12-03,무,20키로상자,상,"11,913",0,0
2021-12-02,무,20키로상자,상,"11,624",0,0
2021-12-01,무,20키로상자,상,"10,457","11,813","7,349"
2021-11-30,무,20키로상자,상,"11,813","11,050",0
2021-11-29,무,20키로상자,상,"11,050",0,"7,080"
2021-11-28,무,20키로상자,상,0,"10,256","7,790"
2021-11-27,무,20키로상자,상,"10,256","11,195","8,184"
2021-11-26,무,20키로상자,상,"11,195","11,266","9,297"
2021-11-25,무,20키로상자,상,"11,266","11,119","9,804"
2021-11-24,무,20키로상자,상,"11,119","11,522","10,860"
2021-11-23,무,20키로상자,상,"11,522","10,638",0
2021-11-22,무,20키로상자,상,"10,638",0,"9,527"
2021-11-21,무,20키로상자,상,0,"10,359","10,987"
2021-11-20,무,20키로상자,상,"10,359","10,715","10,526"
2021-11-19,무,20키로상자,상,"10,715","10,979","10,610"
2021-11-18,무,20키로상자,상,"10,979","12,160","11,603"
2021-11-17,무,20키로상자,상,"12,160","13,286","10,928"
2021-11-16,무,20키로상자,상,"13,286","12,258",0
2021-11-15,무,20키로상자,상,"12,258",0,"11,130"
2021-11-14,무,20키로상자,상,0,"14,927","8,764"
2021-11-13,무,20키로상자,상,"14,927","14,940","8,501"
2021-11-12,무,20키로상자,상,"14,940","13,606","9,157"
2021-11-11,무,20키로상자,상,"13,606","12,925","9,765"
2021-11-10,무,20키로상자,상,"12,925",0,0
2021-11-09,무,20키로상자,상,"12,362",0,0
2021-11-08,무,20키로상자,상,"10,764",0,0
2021-11-06,무,20키로상자,상,"9,579",0,0
2021-11-05,무,20키로상자,상,"11,066",0,0
2021-11-04,무,20키로상자,상,"10,356",0,0
2021-11-03,무,20키로상자,상,"10,383",0,0
2021-11-02,무,20키로상자,상,"8,691",0,0
2021-11-01,무,20키로상자,상,"10,574",0,"9,386"
2021-10-31,무,20키로상자,상,0,"12,219","10,407"
2021-10-30,무,20키로상자,상,"12,219","11,645","10,654"
2021-10-29,무,20키로상자,상,"11,645","12,967","10,454"
2021-10-28,무,20키로상자,상,"12,967","10,881","11,478"
2021-10-27,무,20키로상자,상,"10,881","10,153","11,484"
2021-10-26,무,20키로상자,상,"10,153","8,874",0
2021-10-25,무,20키로상자,상,"8,874",0,"11,133"
2021-10-24,무,20키로상자,상,0,"8,954","12,067"
2021-10-23,무,20키로상자,상,"8,954","11,580","13,150"
2021-10-22,무,20키로상자,상,"11,580","10,979","12,828"
2021-10-21,무,20키로상자,상,"10,979","13,794","13,193"
2021-10-20,무,20키로상자,상,"13,794","11,902","12,767"
2021-10-19,무,20키로상자,상,"11,902","10,583",0
2021-10-18,무,20키로상자,상,"10,583",0,"14,065"
2021-10-17,무,20키로상자,상,0,"8,828","16,358"
2021-10-16,무,20키로상자,상,"8,828","6,475","15,561"
2021-10-15,무,20키로상자,상,"6,475","5,879","16,449"
2021-10-14,무,20키로상자,상,"5,879","6,177","14,712"
2021-10-13,무,20키로상자,상,"6,177","8,210","14,864"
2021-10-12,무,20키로상자,상,"8,210","6,718",0
2021-10-11,무,20키로상자,상,"6,718",0,"16,613"
2021-10-09,무,20키로상자,상,"7,116",0,0
2021-10-08,무,20키로상자,상,"9,288",0,0
2021-10-07,무,20키로상자,상,"8,411",0,0
2021-10-06,무,20키로상자,상,"10,723",0,0
2021-10-05,무,20키로상자,상,"7,772",0,0
2021-10-04,무,20키로상자,상,"5,376",0,0
2021-10-02,무,20키로상자,상,"5,062",0,0
2021-10-01,무,20키로상자,상,"6,928","8,812","25,462"
2021-09-30,무,20키로상자,상,"8,812","8,182","30,650"
2021-09-29,무,20키로상자,상,"8,182","6,843","27,161"
2021-09-28,무,20키로상자,상,"6,843","7,146",0
2021-09-27,무,20키로상자,상,"7,146",0,"25,962"
2021-09-26,무,20키로상자,상,0,"8,409","24,451"
2021-09-25,무,20키로상자,상,"8,409","9,066","23,552"
2021-09-24,무,20키로상자,상,"9,066",0,"22,963"
2021-09-23,무,20키로상자,상,0,0,"23,059"
2021-09-22,무,20키로상자,상,0,0,"20,991"
2021-09-20,무,20키로상자,상,0,0,"21,996"
2021-09-19,무,20키로상자,상,0,"16,385","23,677"
2021-09-18,무,20키로상자,상,"16,385","10,002","23,570"
2021-09-17,무,20키로상자,상,"10,002","9,855","22,153"
2021-09-16,무,20키로상자,상,"9,855","9,545","21,824"
2021-09-15,무,20키로상자,상,"9,545","9,650","22,434"
2021-09-14,무,20키로상자,상,"9,650","8,212",0
2021-09-13,무,20키로상자,상,"8,212",0,"19,385"
2021-09-12,무,20키로상자,상,0,"7,661","22,022"
2021-09-11,무,20키로상자,상,"7,661","7,002","21,549"
2021-09-10,무,20키로상자,상,"7,002",0,0
2021-09-09,무,20키로상자,상,"9,119",0,0
2021-09-08,무,20키로상자,상,"11,036",0,0
2021-09-07,무,20키로상자,상,"10,800",0,0
2021-09-06,무,20키로상자,상,"8,715",0,0
2021-09-04,무,20키로상자,상,"7,975",0,0
2021-09-03,무,20키로상자,상,"10,000",0,0
2021-09-02,무,20키로상자,상,"10,942",0,0
2021-09-01,무,20키로상자,상,"10,190","8,985","22,471"
2021-08-31,무,20키로상자,상,"8,985","9,444",0
2021-08-30,무,20키로상자,상,"9,444",0,"22,200"
2021-08-29,무,20키로상자,상,0,"9,980","27,124"
2021-08-28,무,20키로상자,상,"9,980","7,121","30,445"
2021-08-27,무,20키로상자,상,"7,121","9,753","26,661"
2021-08-26,무,20키로상자,상,"9,753","12,956","24,153"
2021-08-25,무,20키로상자,상,"12,956","11,529","23,377"
2021-08-24,무,20키로상자,상,"11,529","9,855",0
2021-08-23,무,20키로상자,상,"9,855",0,"18,121"
2021-08-22,무,20키로상자,상,0,"11,291","15,476"
2021-08-21,무,20키로상자,상,"11,291","11,603","15,688"
2021-08-20,무,20키로상자,상,"11,603","12,404","14,556"
2021-08-19,무,20키로상자,상,"12,404","10,294","13,119"
2021-08-18,무,20키로상자,상,"10,294","8,607","14,121"
2021-08-17,무,20키로상자,상,"8,607","10,204",0
2021-08-16,무,20키로상자,상,"10,204",0,"12,203"
2021-08-15,무,20키로상자,상,0,"10,377","11,979"
2021-08-14,무,20키로상자,상,"10,377","10,173","10,392"
2021-08-13,무,20키로상자,상,"10,173","10,458","14,326"
2021-08-12,무,20키로상자,상,"10,458","11,106","14,409"
2021-08-11,무,20키로상자,상,"11,106","15,250","14,711"
2021-08-10,무,20키로상자,상,"15,250",0,0
2021-08-09,무,20키로상자,상,"13,209",0,0
2021-08-06,무,20키로상자,상,"13,484",0,0
2021-08-05,무,20키로상자,상,"13,011",0,0
2021-08-04,무,20키로상자,상,"12,201",0,0
2021-08-03,무,20키로상자,상,"14,300",0,0
2021-08-02,무,20키로상자,상,"15,742",0,0
2021-08-01,무,20키로상자,상,0,"12,532","9,608"
2021-07-31,무,20키로상자,상,"12,532","11,353","11,534"
2021-07-30,무,20키로상자,상,"11,353","11,551","10,685"
2021-07-29,무,20키로상자,상,"11,551","14,712","12,450"
2021-07-28,무,20키로상자,상,"14,712","12,673","9,882"
2021-07-27,무,20키로상자,상,"12,673","10,776",0
2021-07-26,무,20키로상자,상,"10,776",0,"10,095"
2021-07-25,무,20키로상자,상,0,"9,025","11,253"
2021-07-24,무,20키로상자,상,"9,025","8,714","10,599"
2021-07-23,무,20키로상자,상,"8,714","9,423","9,233"
2021-07-22,무,20키로상자,상,"9,423","9,912","12,748"
2021-07-21,무,20키로상자,상,"9,912","10,945","10,319"
2021-07-20,무,20키로상자,상,"10,945","8,270",0
2021-07-19,무,20키로상자,상,"8,270",0,"9,302"
2021-07-18,무,20키로상자,상,0,"8,691","11,092"
2021-07-17,무,20키로상자,상,"8,691","8,827","13,135"
2021-07-16,무,20키로상자,상,"8,827","10,236","12,972"
2021-07-15,무,20키로상자,상,"10,236","8,491","11,845"
2021-07-14,무,20키로상자,상,"8,491","7,324","13,621"
2021-07-13,무,20키로상자,상,"7,324","9,318",0
2021-07-12,무,20키로상자,상,"9,318",0,"11,680"
2021-07-11,무,20키로상자,상,0,"7,116","10,056"
2021-07-10,무,20키로상자,상,"7,116",0,0
2021-07-09,무,20키로상자,상,"10,853",0,0
2021-07-08,무,20키로상자,상,"14,178",0,0
2021-07-07,무,20키로상자,상,"15,974",0,0
2021-07-06,무,20키로상자,상,"14,468",0,0
2021-07-05,무,20키로상자,상,"15,050",0,0
2021-07-03,무,20키로상자,상,"13,290",0,0
2021-07-02,무,20키로상자,상,"12,049",0,0
2021-07-01,무,20키로상자,상,"10,098","10,170","13,962"
2021-06-30,무,20키로상자,상,"10,170","10,793","11,611"
2021-06-29,무,20키로상자,상,"10,793","9,435",0
2021-06-28,무,20키로상자,상,"9,435",0,"10,629"
2021-06-27,무,20키로상자,상,0,"7,278","13,341"
2021-06-26,무,20키로상자,상,"7,278","8,540","15,335"
2021-06-25,무,20키로상자,상,"8,540","9,776","13,637"
2021-06-24,무,20키로상자,상,"9,776","8,861","12,801"
2021-06-23,무,20키로상자,상,"8,861","9,007","10,530"
2021-06-22,무,20키로상자,상,"9,007","8,494",0
2021-06-21,무,20키로상자,상,"8,494",0,"9,638"
2021-06-20,무,20키로상자,상,0,"8,183","10,960"
2021-06-19,무,20키로상자,상,"8,183","8,291","10,138"
2021-06-18,무,20키로상자,상,"8,291","8,420","10,911"
2021-06-17,무,20키로상자,상,"8,420","7,936","12,090"
2021-06-16,무,20키로상자,상,"7,936","7,749","11,916"
2021-06-15,무,20키로상자,상,"7,749","8,525",0
2021-06-14,무,20키로상자,상,"8,525",0,"11,891"
2021-06-13,무,20키로상자,상,0,"9,415","11,954"
2021-06-12,무,20키로상자,상,"9,415","8,967","11,978"
2021-06-11,무,20키로상자,상,"8,967","9,148","10,888"
2021-06-10,무,20키로상자,상,"9,148",0,0
2021-06-09,무,20키로상자,상,"9,350",0,0
2021-06-08,무,20키로상자,상,"9,511",0,0
2021-06-07,무,20키로상자,상,"9,911",0,0
2021-06-05,무,20키로상자,상,"9,639",0,0
2021-06-04,무,20키로상자,상,"9,438",0,0
2021-06-03,무,20키로상자,상,"9,316",0,0
2021-06-02,무,20키로상자,상,"8,850",0,0
2021-06-01,무,20키로상자,상,"8,159","7,718",0
2021-05-31,무,20키로상자,상,"7,718",0,"10,756"
2021-05-30,무,20키로상자,상,0,"7,940","9,619"
2021-05-29,무,20키로상자,상,"7,940","8,909","8,141"
2021-05-28,무,20키로상자,상,"8,909","8,689","8,112"
2021-05-27,무,20키로상자,상,"8,689","8,772","8,922"
2021-05-26,무,20키로상자,상,"8,772","8,741","9,058"
2021-05-25,무,20키로상자,상,"8,741","8,653",0
2021-05-24,무,20키로상자,상,"8,653",0,"9,457"
2021-05-23,무,20키로상자,상,0,"9,438","8,485"
2021-05-22,무,20키로상자,상,"9,438","7,612","8,378"
2021-05-21,무,20키로상자,상,"7,612","7,348","8,652"
2021-05-20,무,20키로상자,상,"7,348","7,216","8,773"
2021-05-19,무,20키로상자,상,"7,216","7,764","8,754"
2021-05-18,무,20키로상자,상,"7,764","7,858",0
2021-05-17,무,20키로상자,상,"7,858",0,"9,226"
2021-05-16,무,20키로상자,상,0,"8,319","7,790"
2021-05-15,무,20키로상자,상,"8,319","8,422","7,481"
2021-05-14,무,20키로상자,상,"8,422","8,925","8,080"
2021-05-13,무,20키로상자,상,"8,925","8,617","8,554"
2021-05-12,무,20키로상자,상,"8,617","9,018","8,325"
2021-05-11,무,20키로상자,상,"9,018","9,234",0
2021-05-10,무,20키로상자,상,"9,234",0,0
2021-05-08,무,20키로상자,상,"8,810",0,0
2021-05-07,무,20키로상자,상,"8,875",0,0
2021-05-06,무,20키로상자,상,"8,663",0,0
2021-05-05,무,20키로상자,상,"8,528",0,0
2021-05-04,무,20키로상자,상,"8,688",0,0
2021-05-03,무,20키로상자,상,"9,070",0,0
2021-05-01,무,20키로상자,상,"10,547","9,104","10,136"
2021-04-30,무,20키로상자,상,"9,104","9,763","10,172"
2021-04-29,무,20키로상자,상,"9,763","11,152","10,774"
2021-04-28,무,20키로상자,상,"11,152","9,404","10,153"
2021-04-27,무,20키로상자,상,"9,404","8,895",0
2021-04-26,무,20키로상자,상,"8,895",0,"10,361"
2021-04-25,무,20키로상자,상,0,"8,449","10,217"
2021-04-24,무,20키로상자,상,"8,449","8,372","9,556"
2021-04-23,무,20키로상자,상,"8,372","8,053","10,073"
2021-04-22,무,20키로상자,상,"8,053","7,325","10,239"
2021-04-21,무,20키로상자,상,"7,325","7,393","9,633"
2021-04-20,무,20키로상자,상,"7,393","7,885",0
2021-04-19,무,20키로상자,상,"7,885",0,"8,428"
2021-04-18,무,20키로상자,상,0,"7,581","8,214"
2021-04-17,무,20키로상자,상,"7,581","9,620","8,842"
2021-04-16,무,20키로상자,상,"9,620","10,001","10,830"
2021-04-15,무,20키로상자,상,"10,001","8,923","12,443"
2021-04-14,무,20키로상자,상,"8,923","7,443","10,239"
2021-04-13,무,20키로상자,상,"7,443","7,479",0
2021-04-12,무,20키로상자,상,"7,479",0,"9,042"
2021-04-11,무,20키로상자,상,0,"6,786","8,029"
2021-04-10,무,20키로상자,상,"6,786",0,0
2021-04-09,무,20키로상자,상,"7,820",0,0
2021-04-08,무,20키로상자,상,"8,249",0,0
2021-04-07,무,20키로상자,상,"8,530",0,0
2021-04-06,무,20키로상자,상,"8,076",0,0
2021-04-05,무,20키로상자,상,"7,384",0,0
2021-04-03,무,20키로상자,상,"7,115",0,0
2021-04-02,무,20키로상자,상,"6,896",0,0
2021-04-01,무,20키로상자,상,"6,330","7,643","8,244"
2021-03-31,무,20키로상자,상,"7,643","9,308","8,483"
2021-03-30,무,20키로상자,상,"9,308","8,399",0
2021-03-29,무,20키로상자,상,"8,399",0,"9,949"
2021-03-28,무,20키로상자,상,0,"6,553","10,516"
2021-03-27,무,20키로상자,상,"6,553","5,629","11,111"
2021-03-26,무,20키로상자,상,"5,629","5,757","11,742"
2021-03-25,무,20키로상자,상,"5,757","6,311","11,943"
2021-03-24,무,20키로상자,상,"6,311","6,883","10,584"
2021-03-23,무,20키로상자,상,"6,883","8,154",0
2021-03-22,무,20키로상자,상,"8,154",0,"8,625"
2021-03-21,무,20키로상자,상,0,"8,355","8,285"
2021-03-20,무,20키로상자,상,"8,355","9,121","8,041"
2021-03-19,무,20키로상자,상,"9,121","9,860","8,287"
2021-03-18,무,20키로상자,상,"9,860","9,585","8,471"
2021-03-17,무,20키로상자,상,"9,585","9,150","8,225"
2021-03-16,무,20키로상자,상,"9,150","7,356",0
2021-03-15,무,20키로상자,상,"7,356",0,"8,011"
2021-03-14,무,20키로상자,상,0,"6,588","8,305"
2021-03-13,무,20키로상자,상,"6,588","7,070","8,799"
2021-03-12,무,20키로상자,상,"7,070","6,786","9,991"
2021-03-11,무,20키로상자,상,"6,786","6,543","9,227"
2021-03-10,무,20키로상자,상,"6,543",0,0
2021-03-09,무,20키로상자,상,"6,638",0,0
2021-03-08,무,20키로상자,상,"7,481",0,0
2021-03-06,무,20키로상자,상,"7,463",0,0
2021-03-05,무,20키로상자,상,"7,907",0,0
2021-03-04,무,20키로상자,상,"8,873",0,0
2021-03-03,무,20키로상자,상,"8,305",0,0
2021-03-02,무,20키로상자,상,"8,506",0,0
2021-03-01,무,20키로상자,상,"8,719",0,"8,718"
2021-02-28,무,20키로상자,상,0,"7,886","8,089"
2021-02-27,무,20키로상자,상,"7,886","7,367","8,387"
2021-02-26,무,20키로상자,상,"7,367","6,820","8,980"
2021-02-25,무,20키로상자,상,"6,820","6,891","9,515"
2021-02-24,무,20키로상자,상,"6,891","7,912",0
2021-02-23,무,20키로상자,상,"7,912","8,548","9,654"
2021-02-22,무,20키로상자,상,"8,548",0,"10,951"
2021-02-21,무,20키로상자,상,0,"8,620","11,084"
2021-02-20,무,20키로상자,상,"8,620","8,983","11,146"
2021-02-19,무,20키로상자,상,"8,983","8,736","11,296"
2021-02-18,무,20키로상자,상,"8,736","9,447","11,554"
2021-02-17,무,20키로상자,상,"9,447","8,733",0
2021-02-16,무,20키로상자,상,"8,733","7,347","11,198"
2021-02-15,무,20키로상자,상,"7,347",0,"10,575"
2021-02-14,무,20키로상자,상,0,0,"11,218"
2021-02-13,무,20키로상자,상,0,0,"12,217"
2021-02-12,무,20키로상자,상,0,"6,512","14,015"
2021-02-11,무,20키로상자,상,"6,512","7,045","11,415"
2021-02-10,무,20키로상자,상,"7,045",0,0
2021-02-09,무,20키로상자,상,"8,624",0,0
2021-02-08,무,20키로상자,상,"8,726",0,0
2021-02-06,무,20키로상자,상,"9,136",0,0
2021-02-05,무,20키로상자,상,"9,451",0,0
2021-02-04,무,20키로상자,상,"9,521",0,0
2021-02-03,무,20키로상자,상,"9,846",0,0
2021-02-02,무,20키로상자,상,"9,546",0,0
2021-02-01,무,20키로상자,상,"9,995",0,"13,560"
2021-01-31,무,20키로상자,상,0,"11,231","13,838"
2021-01-30,무,20키로상자,상,"11,231","10,622","15,202"
2021-01-29,무,20키로상자,상,"10,622","10,949","17,964"
2021-01-28,무,20키로상자,상,"10,949","11,118",0
2021-01-27,무,20키로상자,상,"11,118","11,124",0
2021-01-26,무,20키로상자,상,"11,124","11,458",0
2021-01-25,무,20키로상자,상,"11,458",0,"16,493"
2021-01-24,무,20키로상자,상,0,"11,679","20,309"
2021-01-23,무,20키로상자,상,"11,679","12,510","21,472"
2021-01-22,무,20키로상자,상,"12,510","13,074","18,009"
2021-01-21,무,20키로상자,상,"13,074","13,265","16,280"
2021-01-20,무,20키로상자,상,"13,265","13,426",0
2021-01-19,무,20키로상자,상,"13,426","13,404","18,189"
2021-01-18,무,20키로상자,상,"13,404",0,"19,797"
2021-01-17,무,20키로상자,상,0,"13,532","20,048"
2021-01-16,무,20키로상자,상,"13,532","14,426","21,255"
2021-01-15,무,20키로상자,상,"14,426","14,337","19,863"
2021-01-14,무,20키로상자,상,"14,337","14,923","19,014"
2021-01-13,무,20키로상자,상,"14,923","15,255",0
2021-01-12,무,20키로상자,상,"15,255","15,309","20,579"
2021-01-11,무,20키로상자,상,"15,309",0,"20,019"
2021-01-09,무,20키로상자,상,"18,026",0,0
2021-01-08,무,20키로상자,상,"15,884",0,0
2021-01-07,무,20키로상자,상,"15,197",0,0
2021-01-06,무,20키로상자,상,"15,267",0,0
2021-01-05,무,20키로상자,상,"14,437",0,0
2021-01-04,무,20키로상자,상,"13,911",0,0
2021-01-01,무,20키로상자,상,0,"14,755","28,729"
2020-12-31,무,20키로상자,상,"14,755","15,195","23,786"
2020-12-30,무,20키로상자,상,"15,195","14,631",0
2020-12-29,무,20키로상자,상,"14,631","13,480","21,233"
2020-12-28,무,20키로상자,상,"13,480",0,"21,624"
2020-12-27,무,20키로상자,상,0,"14,670","21,593"
2020-12-26,무,20키로상자,상,"14,670","13,778","24,630"
2020-12-25,무,20키로상자,상,"13,778","13,056","26,338"
2020-12-24,무,20키로상자,상,"13,056","12,855","24,204"
2020-12-23,무,20키로상자,상,"12,855","13,790",0
2020-12-22,무,20키로상자,상,"13,790","14,913","25,180"
2020-12-21,무,20키로상자,상,"14,913",0,"26,626"
2020-12-20,무,20키로상자,상,0,"14,116","25,275"
2020-12-19,무,20키로상자,상,"14,116","13,988","25,463"
2020-12-18,무,20키로상자,상,"13,988","14,901","27,534"
2020-12-17,무,20키로상자,상,"14,901","12,959","26,580"
2020-12-16,무,20키로상자,상,"12,959","12,418",0
2020-12-15,무,20키로상자,상,"12,418","9,202","24,221"
2020-12-14,무,20키로상자,상,"9,202",0,"24,729"
2020-12-13,무,20키로상자,상,0,"9,390","25,747"
2020-12-12,무,20키로상자,상,"9,390","9,208","24,487"
2020-12-11,무,20키로상자,상,"9,208","10,421","25,640"
2020-12-10,무,20키로상자,상,"10,421",0,0
2020-12-09,무,20키로상자,상,"10,046",0,0
2020-12-08,무,20키로상자,상,"9,855",0,0
2020-12-07,무,20키로상자,상,"10,068",0,0
2020-12-05,무,20키로상자,상,"8,514",0,0
2020-12-04,무,20키로상자,상,"8,091",0,0
2020-12-03,무,20키로상자,상,"8,735",0,0
2020-12-02,무,20키로상자,상,"7,981",0,0
2020-12-01,무,20키로상자,상,"7,131","7,349","18,712"
2020-11-30,무,20키로상자,상,"7,349",0,"18,842"
2020-11-29,무,20키로상자,상,0,"7,080","18,821"
2020-11-28,무,20키로상자,상,"7,080","7,790","18,949"
2020-11-27,무,20키로상자,상,"7,790","8,184","17,824"
2020-11-26,무,20키로상자,상,"8,184","9,297","18,539"
2020-11-25,무,20키로상자,상,"9,297","9,804",0
2020-11-24,무,20키로상자,상,"9,804","10,860","18,419"
2020-11-23,무,20키로상자,상,"10,860",0,"19,691"
2020-11-22,무,20키로상자,상,0,"9,527","18,473"
2020-11-21,무,20키로상자,상,"9,527","10,987","19,027"
2020-11-20,무,20키로상자,상,"10,987","10,526","19,183"
2020-11-19,무,20키로상자,상,"10,526","10,610","20,625"
2020-11-18,무,20키로상자,상,"10,610","11,603",0
2020-11-17,무,20키로상자,상,"11,603","10,928","21,092"
2020-11-16,무,20키로상자,상,"10,928",0,"21,153"
2020-11-15,무,20키로상자,상,0,"11,130","19,439"
2020-11-14,무,20키로상자,상,"11,130","8,764","18,077"
2020-11-13,무,20키로상자,상,"8,764","8,501","17,129"
2020-11-12,무,20키로상자,상,"8,501","9,157","17,170"
2020-11-11,무,20키로상자,상,"9,157","9,765",0
2020-11-10,무,20키로상자,상,"9,765",0,0
2020-11-09,무,20키로상자,상,"10,782",0,0
2020-11-07,무,20키로상자,상,"11,971",0,0
2020-11-06,무,20키로상자,상,"12,719",0,0
2020-11-05,무,20키로상자,상,"12,823",0,0
2020-11-04,무,20키로상자,상,"11,894",0,0
2020-11-03,무,20키로상자,상,"11,345",0,0
2020-11-02,무,20키로상자,상,"10,673",0,0
2020-11-01,무,20키로상자,상,0,"9,386","19,514"
2020-10-31,무,20키로상자,상,"9,386","10,407","21,922"
2020-10-30,무,20키로상자,상,"10,407","10,654","19,625"
2020-10-29,무,20키로상자,상,"10,654","10,454","19,847"
2020-10-28,무,20키로상자,상,"10,454","11,478",0
2020-10-27,무,20키로상자,상,"11,478","11,484","18,346"
2020-10-26,무,20키로상자,상,"11,484",0,"19,613"
2020-10-25,무,20키로상자,상,0,"11,133","21,519"
2020-10-24,무,20키로상자,상,"11,133","12,067","20,061"
2020-10-23,무,20키로상자,상,"12,067","13,150","20,844"
2020-10-22,무,20키로상자,상,"13,150","12,828","19,654"
2020-10-21,무,20키로상자,상,"12,828","13,193",0
2020-10-20,무,20키로상자,상,"13,193","12,767","20,011"
2020-10-19,무,20키로상자,상,"12,767",0,"18,913"
2020-10-18,무,20키로상자,상,0,"14,065","18,961"
2020-10-17,무,20키로상자,상,"14,065","16,358","22,222"
2020-10-16,무,20키로상자,상,"16,358","15,561","19,914"
2020-10-15,무,20키로상자,상,"15,561","16,449","18,063"
2020-10-14,무,20키로상자,상,"16,449","14,712",0
2020-10-13,무,20키로상자,상,"14,712","14,864","17,064"
2020-10-12,무,20키로상자,상,"14,864",0,"16,065"
2020-10-11,무,20키로상자,상,0,"16,613","17,933"
2020-10-10,무,20키로상자,상,"16,613",0,0
2020-10-09,무,20키로상자,상,"17,746",0,0
2020-10-08,무,20키로상자,상,"19,573",0,0
2020-10-07,무,20키로상자,상,"20,501",0,0
2020-10-06,무,20키로상자,상,"23,777",0,0
2020-10-05,무,20키로상자,상,"25,761",0,0
2020-10-01,무,20키로상자,상,0,"25,462","15,593"
2020-09-30,무,20키로상자,상,"25,462","30,650",0
2020-09-29,무,20키로상자,상,"30,650","27,161","11,981"
2020-09-28,무,20키로상자,상,"27,161",0,"11,442"
2020-09-27,무,20키로상자,상,0,"25,962","10,620"
2020-09-26,무,20키로상자,상,"25,962","24,451","11,421"
2020-09-25,무,20키로상자,상,"24,451","23,552","13,541"
2020-09-24,무,20키로상자,상,"23,552","22,963","12,258"
2020-09-23,무,20키로상자,상,"22,963","23,059",0
2020-09-22,무,20키로상자,상,"23,059","20,991","11,741"
2020-09-21,무,20키로상자,상,"20,991",0,"11,813"
2020-09-20,무,20키로상자,상,0,"21,996","10,584"
2020-09-19,무,20키로상자,상,"21,996","23,677","9,901"
2020-09-18,무,20키로상자,상,"23,677","23,570","9,574"
2020-09-17,무,20키로상자,상,"23,570","22,153","10,272"
2020-09-16,무,20키로상자,상,"22,153","21,824",0
2020-09-15,무,20키로상자,상,"21,824","22,434",0
2020-09-14,무,20키로상자,상,"22,434",0,0
2020-09-13,무,20키로상자,상,0,"19,385","12,785"
2020-09-12,무,20키로상자,상,"19,385","22,022","11,422"
2020-09-11,무,20키로상자,상,"22,022","21,549","12,337"
2020-09-10,무,20키로상자,상,"21,549",0,0
2020-09-09,무,20키로상자,상,"21,092",0,0
2020-09-08,무,20키로상자,상,"24,934",0,0
2020-09-07,무,20키로상자,상,"25,961",0,0
2020-09-05,무,20키로상자,상,"22,379",0,0
2020-09-04,무,20키로상자,상,"23,558",0,0
2020-09-03,무,20키로상자,상,"28,046",0,0
2020-09-02,무,20키로상자,상,"24,945",0,0
2020-09-01,무,20키로상자,상,"20,087","22,471","10,179"
2020-08-31,무,20키로상자,상,"22,471",0,"10,433"
2020-08-30,무,20키로상자,상,0,"22,200","10,475"
2020-08-29,무,20키로상자,상,"22,200","27,124","9,630"
2020-08-28,무,20키로상자,상,"27,124","30,445","9,734"
2020-08-27,무,20키로상자,상,"30,445","26,661","8,690"
2020-08-26,무,20키로상자,상,"26,661","24,153",0
2020-08-25,무,20키로상자,상,"24,153","23,377","8,410"
2020-08-24,무,20키로상자,상,"23,377",0,"8,843"
2020-08-23,무,20키로상자,상,0,"18,121","10,593"
2020-08-22,무,20키로상자,상,"18,121","15,476","9,177"
2020-08-21,무,20키로상자,상,"15,476","15,688","8,946"
2020-08-20,무,20키로상자,상,"15,688","14,556","8,248"
2020-08-19,무,20키로상자,상,"14,556","13,119",0
2020-08-18,무,20키로상자,상,"13,119","14,121","8,850"
2020-08-17,무,20키로상자,상,"14,121",0,"8,820"
2020-08-16,무,20키로상자,상,0,"12,203","7,961"
2020-08-15,무,20키로상자,상,"12,203","11,979","6,778"
2020-08-14,무,20키로상자,상,"11,979","10,392","6,931"
2020-08-13,무,20키로상자,상,"10,392","14,326","8,595"
2020-08-12,무,20키로상자,상,"14,326","14,409",0
2020-08-11,무,20키로상자,상,"14,409","14,711","6,589"
2020-08-10,무,20키로상자,상,"14,711",0,0
2020-08-08,무,20키로상자,상,"10,218",0,0
2020-08-07,무,20키로상자,상,"14,513",0,0
2020-08-06,무,20키로상자,상,"12,799",0,0
2020-08-05,무,20키로상자,상,"11,517",0,0
2020-08-04,무,20키로상자,상,"12,384",0,0
2020-08-03,무,20키로상자,상,"13,211",0,0
2020-08-01,무,20키로상자,상,0,"9,608","5,228"
2020-07-31,무,20키로상자,상,"9,608","11,534","4,945"
2020-07-30,무,20키로상자,상,"11,534","10,685","6,421"
2020-07-29,무,20키로상자,상,"10,685","12,450",0
2020-07-28,무,20키로상자,상,"12,450","9,882","5,344"
2020-07-27,무,20키로상자,상,"9,882",0,"4,793"
2020-07-26,무,20키로상자,상,0,"10,095","5,508"
2020-07-25,무,20키로상자,상,"10,095","11,253","6,234"
2020-07-24,무,20키로상자,상,"11,253","10,599","6,405"
2020-07-23,무,20키로상자,상,"10,599","9,233","7,274"
2020-07-22,무,20키로상자,상,"9,233","12,748",0
2020-07-21,무,20키로상자,상,"12,748","10,319","7,988"
2020-07-20,무,20키로상자,상,"10,319",0,"8,179"
2020-07-19,무,20키로상자,상,0,"9,302","8,622"
2020-07-18,무,20키로상자,상,"9,302","11,092","8,951"
2020-07-17,무,20키로상자,상,"11,092","13,135","8,728"
2020-07-16,무,20키로상자,상,"13,135","12,972","7,735"
2020-07-15,무,20키로상자,상,"12,972","11,845",0
2020-07-14,무,20키로상자,상,"11,845","13,621","8,465"
2020-07-13,무,20키로상자,상,"13,621",0,"8,316"
2020-07-12,무,20키로상자,상,0,"11,680","13,384"
2020-07-11,무,20키로상자,상,"11,680","10,056","10,080"
2020-07-10,무,20키로상자,상,"10,056",0,0
2020-07-09,무,20키로상자,상,"12,741",0,0
2020-07-08,무,20키로상자,상,"9,385",0,0
2020-07-07,무,20키로상자,상,"10,765",0,0
2020-07-06,무,20키로상자,상,"10,273",0,0
2020-07-04,무,20키로상자,상,"12,896",0,0
2020-07-03,무,20키로상자,상,"12,092",0,0
2020-07-02,무,20키로상자,상,"11,769",0,0
2020-07-01,무,20키로상자,상,"13,648","13,962",0
2020-06-30,무,20키로상자,상,"13,962","11,611","7,550"
2020-06-29,무,20키로상자,상,"11,611",0,"9,355"
2020-06-28,무,20키로상자,상,0,"10,629","9,416"
2020-06-27,무,20키로상자,상,"10,629","13,341","8,289"
2020-06-26,무,20키로상자,상,"13,341","15,335","8,060"
2020-06-25,무,20키로상자,상,"15,335","13,637","8,513"
2020-06-24,무,20키로상자,상,"13,637","12,801",0
2020-06-23,무,20키로상자,상,"12,801","10,530","7,564"
2020-06-22,무,20키로상자,상,"10,530",0,"8,162"
2020-06-21,무,20키로상자,상,0,"9,638","8,602"
2020-06-20,무,20키로상자,상,"9,638","10,960","9,331"
2020-06-19,무,20키로상자,상,"10,960","10,138","9,494"
2020-06-18,무,20키로상자,상,"10,138","10,911","8,963"
2020-06-17,무,20키로상자,상,"10,911","12,090",0
2020-06-16,무,20키로상자,상,"12,090","11,916","7,471"
2020-06-15,무,20키로상자,상,"11,916",0,"8,216"
2020-06-14,무,20키로상자,상,0,"11,891","8,649"
2020-06-13,무,20키로상자,상,"11,891","11,954","8,717"
2020-06-12,무,20키로상자,상,"11,954","11,978","9,800"
2020-06-11,무,20키로상자,상,"11,978","10,888","9,732"
2020-06-10,무,20키로상자,상,"10,888",0,0
2020-06-09,무,20키로상자,상,"12,257",0,0
2020-06-08,무,20키로상자,상,"10,392",0,0
2020-06-06,무,20키로상자,상,"11,294",0,0
2020-06-05,무,20키로상자,상,"10,763",0,0
2020-06-04,무,20키로상자,상,"10,395",0,0
2020-06-03,무,20키로상자,상,"10,291",0,0
2020-06-02,무,20키로상자,상,"12,118",0,0
2020-06-01,무,20키로상자,상,"11,113",0,"8,339"
2020-05-31,무,20키로상자,상,0,"10,756","8,486"
2020-05-30,무,20키로상자,상,"10,756","9,619","8,354"
2020-05-29,무,20키로상자,상,"9,619","8,141","9,337"
2020-05-28,무,20키로상자,상,"8,141","8,112","8,260"
2020-05-27,무,20키로상자,상,"8,112","8,922",0
2020-05-26,무,20키로상자,상,"8,922","9,058","8,188"
2020-05-25,무,20키로상자,상,"9,058",0,"8,135"
2020-05-24,무,20키로상자,상,0,"9,457","8,027"
2020-05-23,무,20키로상자,상,"9,457","8,485","8,151"
2020-05-22,무,20키로상자,상,"8,485","8,378","8,147"
2020-05-21,무,20키로상자,상,"8,378","8,652","8,536"
2020-05-20,무,20키로상자,상,"8,652","8,773",0
2020-05-19,무,20키로상자,상,"8,773","8,754","9,570"
2020-05-18,무,20키로상자,상,"8,754",0,"9,732"
2020-05-17,무,20키로상자,상,0,"9,226","8,823"
2020-05-16,무,20키로상자,상,"9,226","7,790","9,162"
2020-05-15,무,20키로상자,상,"7,790","7,481","8,518"
2020-05-14,무,20키로상자,상,"7,481","8,080","8,818"
2020-05-13,무,20키로상자,상,"8,080","8,554",0
2020-05-12,무,20키로상자,상,"8,554","8,325","9,249"
2020-05-11,무,20키로상자,상,"8,325",0,"8,908"
2020-05-09,무,20키로상자,상,"9,287",0,0
2020-05-08,무,20키로상자,상,"9,434",0,0
2020-05-07,무,20키로상자,상,"10,162",0,0
2020-05-06,무,20키로상자,상,"10,483",0,0
2020-05-05,무,20키로상자,상,"10,605",0,0
2020-05-04,무,20키로상자,상,"9,591",0,0
2020-05-02,무,20키로상자,상,"9,683",0,0
2020-05-01,무,20키로상자,상,"9,755","10,136","10,456"
2020-04-30,무,20키로상자,상,"10,136","10,172","9,924"
2020-04-29,무,20키로상자,상,"10,172","10,774",0
2020-04-28,무,20키로상자,상,"10,774","10,153","9,320"
2020-04-27,무,20키로상자,상,"10,153",0,"9,918"
2020-04-26,무,20키로상자,상,0,"10,361","9,328"
2020-04-25,무,20키로상자,상,"10,361","10,217","9,891"
2020-04-24,무,20키로상자,상,"10,217","9,556","8,127"
2020-04-23,무,20키로상자,상,"9,556","10,073","7,254"
2020-04-22,무,20키로상자,상,"10,073","10,239",0
2020-04-21,무,20키로상자,상,"10,239","9,633","6,852"
2020-04-20,무,20키로상자,상,"9,633",0,"7,449"
2020-04-19,무,20키로상자,상,0,"8,428","7,671"
2020-04-18,무,20키로상자,상,"8,428","8,214","7,667"
2020-04-17,무,20키로상자,상,"8,214","8,842","8,009"
2020-04-16,무,20키로상자,상,"8,842","10,830","8,442"
2020-04-15,무,20키로상자,상,"10,830","12,443",0
2020-04-14,무,20키로상자,상,"12,443","10,239","10,110"
2020-04-13,무,20키로상자,상,"10,239",0,"9,380"
2020-04-12,무,20키로상자,상,0,"9,042","7,777"
2020-04-11,무,20키로상자,상,"9,042","8,029","7,260"
2020-04-10,무,20키로상자,상,"8,029",0,0
2020-04-09,무,20키로상자,상,"7,590",0,0