DATE,품목명,총반입량,전일,전년,서울청과,농협,중앙청과,동화청과,한국청과,대아청과
2025-04-12,무,476,379,498,28,0,0,0,0,448
2025-04-11,무,379,595,577,13,0,0,0,0,366
2025-04-10,무,595,788,555,55,0,0,0,4,536
2025-04-09,무,789,671,452,122,0,0,0,1,665
2025-04-08,무,671,717,516,95,0,0,0,4,572
2025-04-07,무,717,0,0,102,0,0,0,4,611
2025-04-05,무,585,513,550,59,0,0,0,0,526
2025-04-04,무,512,672,769,63,0,0,0,0,450
2025-04-03,무,672,744,633,104,0,0,0,0,568
2025-04-02,무,744,647,546,93,0,0,0,0,651
2025-04-01,무,647,572,565,60,0,0,0,4,583
2025-03-31,무,572,0,0,41,0,0,0,4,527
2025-03-29,무,274,573,595,20,0,0,0,0,254
2025-03-28,무,573,714,272,58,0,9,0,0,506
2025-03-27,무,715,749,429,51,0,5,0,4,654
2025-03-26,무,749,546,515,88,0,0,0,4,657
2025-03-25,무,545,547,623,39,0,0,0,0,507
2025-03-24,무,546,0,0,68,0,0,0,0,479
2025-03-22,무,618,644,593,73,0,0,0,4,541
2025-03-21,무,644,562,403,66,0,0,0,4,574
2025-03-20,무,562,582,507,66,9,0,0,4,483
2025-03-19,무,582,442,509,59,0,0,0,4,519
2025-03-18,무,442,581,777,53,0,0,0,0,389
2025-03-17,무,582,0,0,65,0,0,0,4,512
2025-03-15,무,585,630,704,71,0,0,0,32,482
2025-03-14,무,629,643,684,57,0,0,0,8,565
2025-03-13,무,644,661,507,89,0,0,0,4,550
2025-03-12,무,661,781,496,78,0,0,0,0,583
2025-03-11,무,781,908,570,98,0,0,0,4,679
2025-03-10,무,908,0,0,117,0,0,0,4,787
2025-03-08,무,682,540,382,54,0,0,0,4,623
2025-03-07,무,541,639,472,31,0,0,0,4,505
2025-03-06,무,639,0,654,71,0,0,0,5,563
2025-03-04,무,672,713,"1,085",87,0,0,0,4,581
2025-03-03,무,713,0,0,100,0,0,0,9,604
2025-03-01,무,525,546,803,39,0,0,0,4,483
2025-02-28,무,546,"1,006","1,158",48,0,0,0,4,494
2025-02-27,무,503,517,521,47,0,0,0,4,452
2025-02-26,무,517,539,311,48,0,0,0,4,465
2025-02-25,무,540,529,0,46,0,0,0,4,489
2025-02-24,무,529,0,382,76,0,0,0,0,453
2025-02-22,무,571,664,434,58,0,0,0,4,509
2025-02-21,무,664,562,463,58,0,0,0,4,602
2025-02-20,무,562,468,538,98,0,0,0,4,460
2025-02-19,무,468,676,508,77,0,0,0,2,389
2025-02-18,무,677,743,0,49,0,0,0,20,607
2025-02-17,무,742,0,532,86,0,0,0,15,642
2025-02-15,무,752,720,534,78,0,0,0,26,648
2025-02-14,무,719,651,460,86,0,0,0,12,622
2025-02-13,무,651,6,320,53,0,0,0,0,598
2025-02-12,무,6,562,0,0,0,0,6,0,0
2025-02-11,무,562,650,0,79,0,0,0,0,483
2025-02-10,무,650,0,0,55,0,0,0,8,587
2025-02-08,무,507,537,678,32,0,0,0,6,468
2025-02-07,무,538,483,773,33,0,4,0,4,496
2025-02-06,무,483,471,670,34,0,0,0,13,436
2025-02-05,무,471,519,978,56,0,0,0,0,415
2025-02-04,무,519,438,0,63,0,0,0,4,452
2025-02-03,무,438,0,592,65,0,0,0,13,360
2025-02-01,무,305,0,973,21,0,0,0,9,276
2025-01-28,무,337,862,0,0,0,0,0,10,328
2025-01-27,무,862,0,345,58,0,0,0,0,804
2025-01-25,무,556,671,523,55,0,0,0,0,502
2025-01-24,무,672,652,425,55,15,4,0,9,588
2025-01-23,무,652,700,627,69,0,0,0,10,573
2025-01-22,무,700,786,409,62,0,0,0,34,604
2025-01-21,무,786,956,0,78,0,0,0,46,662
2025-01-20,무,957,0,362,67,0,0,0,14,875
2025-01-18,무,808,860,484,60,0,0,0,26,723
2025-01-17,무,860,835,665,68,0,0,0,12,780
2025-01-16,무,836,633,585,78,0,0,0,17,740
2025-01-15,무,633,387,601,74,0,0,0,0,559
2025-01-14,무,388,523,0,23,0,0,0,0,364
2025-01-13,무,524,0,348,47,0,0,0,4,472
2025-01-11,무,482,571,518,40,0,0,0,0,442
2025-01-10,무,571,586,565,77,0,0,1,0,493
2025-01-09,무,586,807,501,45,0,0,0,0,541
2025-01-08,무,807,761,657,76,0,0,0,4,727
2025-01-07,무,761,860,0,95,0,0,0,4,662
2025-01-06,무,861,0,663,89,0,0,0,0,771
2025-01-04,무,613,770,800,48,0,0,0,9,556
2025-01-03,무,770,0,908,56,0,0,0,4,710
2024-12-31,무,356,508,0,0,0,0,0,0,356
2024-12-30,무,507,0,688,42,0,0,0,0,466
2024-12-28,무,341,568,423,37,0,2,0,13,289
2024-12-27,무,567,706,431,40,0,0,0,13,515
2024-12-26,무,706,655,509,52,0,0,0,12,642
2024-12-25,무,656,562,526,49,0,0,0,4,602
2024-12-24,무,562,615,0,46,0,0,0,4,512
2024-12-23,무,614,0,191,68,0,9,0,9,529
2024-12-21,무,459,357,557,28,2,9,0,9,412
2024-12-20,무,356,339,664,38,0,0,0,0,319
2024-12-19,무,339,585,546,42,1,0,0,0,296
2024-12-18,무,585,680,308,47,0,0,0,4,534
2024-12-17,무,680,790,0,38,0,0,0,4,638
2024-12-16,무,790,0,265,91,0,0,0,17,682
2024-12-14,무,668,659,291,30,0,0,0,10,629
2024-12-13,무,659,400,278,36,0,0,0,9,614
2024-12-12,무,400,421,442,15,1,0,0,4,380
2024-12-11,무,421,361,447,14,0,0,0,0,407
2024-12-10,무,362,563,0,18,0,0,0,0,343
2024-12-09,무,563,0,361,34,2,0,0,1,526
2024-12-07,무,405,448,454,50,0,0,0,4,350
2024-12-06,무,449,494,601,37,1,0,0,13,397
2024-12-05,무,493,416,372,51,1,0,0,21,421
2024-12-04,무,417,575,432,44,0,0,0,12,360
2024-12-03,무,575,387,0,32,1,0,0,6,536
2024-12-02,무,386,0,0,22,0,0,0,0,365
2024-11-30,무,329,391,424,36,0,0,0,0,293
2024-11-29,무,390,339,343,32,2,0,0,0,357
2024-11-28,무,339,280,292,31,0,0,0,0,308
2024-11-27,무,280,264,229,22,0,0,0,17,241
2024-11-26,무,264,309,0,21,1,0,0,0,242
2024-11-25,무,309,0,363,22,1,0,0,0,286
2024-11-23,무,408,427,428,36,1,0,0,0,372
2024-11-22,무,427,368,438,33,1,0,0,0,393
2024-11-21,무,368,322,448,21,2,0,0,0,345
2024-11-20,무,323,391,401,9,0,0,0,0,313
2024-11-19,무,391,467,0,14,1,0,0,10,366
2024-11-18,무,467,0,221,27,1,0,0,11,428
2024-11-16,무,309,408,384,10,0,0,0,12,287
2024-11-15,무,408,377,349,24,0,0,0,12,372
2024-11-14,무,376,379,411,29,1,0,0,13,334
2024-11-13,무,379,341,275,22,2,0,0,14,341
2024-11-12,무,341,397,0,26,3,0,0,1,311
2024-11-11,무,397,0,260,26,0,0,0,13,358
2024-11-09,무,479,494,445,18,3,0,0,19,438
2024-11-08,무,495,594,563,27,1,0,0,9,457
2024-11-07,무,594,641,349,31,0,0,0,14,549
2024-11-06,무,640,640,561,26,3,0,0,27,585
2024-11-05,무,640,631,0,13,2,0,0,12,613
2024-11-04,무,632,0,0,24,0,0,0,0,607
2024-11-02,무,611,528,470,14,5,0,0,0,592
2024-11-01,무,529,428,512,23,0,0,10,0,495
2024-10-31,무,428,343,635,22,10,0,0,0,396
2024-10-30,무,343,607,495,36,3,0,0,0,304
2024-10-29,무,606,946,0,46,6,0,0,26,529
2024-10-28,무,947,0,394,82,6,0,0,27,831
2024-10-26,무,837,868,445,22,0,0,0,13,801
2024-10-25,무,868,483,672,36,4,0,0,12,816
2024-10-24,무,482,525,724,26,0,0,0,12,445
2024-10-23,무,524,738,796,15,2,0,0,11,497
2024-10-22,무,738,750,0,18,3,0,0,11,706
2024-10-21,무,751,0,646,36,5,0,0,26,683
2024-10-19,무,342,711,405,0,1,0,0,14,326
2024-10-18,무,710,543,867,24,4,0,0,12,671
2024-10-17,무,543,537,699,22,2,0,0,12,507
2024-10-16,무,537,702,694,17,2,0,0,12,506
2024-10-15,무,702,731,0,12,7,0,0,20,663
2024-10-14,무,731,0,403,34,7,1,0,30,659
2024-10-12,무,595,784,707,24,2,0,0,13,555
2024-10-11,무,783,673,750,23,14,0,10,37,700
2024-10-10,무,672,564,701,35,1,0,0,13,624
2024-10-09,무,564,581,549,33,1,0,0,13,517
2024-10-08,무,582,558,0,24,1,0,0,12,544
2024-10-07,무,558,0,544,27,5,2,0,27,497
2024-10-05,무,636,748,683,34,3,0,0,27,571
2024-10-04,무,748,542,858,36,1,0,0,36,675
2024-10-03,무,541,511,588,37,2,0,0,24,479
2024-10-02,무,512,561,731,10,5,0,0,27,469
2024-10-01,무,561,778,0,45,2,0,0,24,490
2024-09-30,무,779,0,0,36,4,0,0,26,712
2024-09-28,무,636,678,416,22,3,0,0,24,587
2024-09-27,무,678,936,998,28,1,0,0,24,625
2024-09-26,무,936,810,882,76,1,2,0,22,835
2024-09-25,무,810,922,959,56,0,0,0,12,742
2024-09-24,무,922,496,0,59,2,0,0,24,837
2024-09-23,무,495,0,"1,118",22,0,0,0,24,450
2024-09-21,무,1053,"1,170",650,55,0,0,0,13,985
2024-09-20,무,1170,0,787,62,0,0,0,12,1096
2024-09-16,무,444,0,474,4,0,0,0,12,429
2024-09-14,무,1040,879,668,56,0,0,0,28,956
2024-09-13,무,878,"1,168",818,19,3,0,0,46,811
2024-09-12,무,1167,"1,149",784,67,3,0,0,23,1075
2024-09-11,무,1148,"1,232",680,46,0,0,0,35,1068
2024-09-10,무,1232,"1,027",0,49,1,0,1,17,1164
2024-09-09,무,1027,0,634,73,0,0,0,33,921
2024-09-07,무,919,"1,167",763,55,0,0,0,34,830
2024-09-06,무,1167,"1,054",918,44,0,0,0,35,1088
2024-09-05,무,1054,850,790,46,1,0,0,37,970
2024-09-04,무,850,942,676,27,1,0,0,12,810
2024-09-03,무,943,"1,051",0,22,0,0,0,0,920
2024-09-02,무,1051,0,840,42,0,0,0,12,997
2024-08-31,무,574,843,307,34,0,1,0,28,511
2024-08-30,무,843,820,553,37,0,0,0,22,784
2024-08-29,무,820,621,713,68,0,0,0,10,742
2024-08-28,무,621,690,733,48,0,0,0,10,563
2024-08-27,무,690,744,0,22,0,0,0,11,657
2024-08-26,무,743,0,345,22,0,0,0,12,710
2024-08-24,무,595,654,647,27,0,0,0,22,546
2024-08-23,무,653,622,754,49,0,0,0,0,605
2024-08-22,무,622,721,667,50,0,0,0,11,561
2024-08-21,무,720,616,716,49,0,1,0,11,660
2024-08-20,무,616,709,0,37,0,1,0,12,566
2024-08-19,무,709,0,469,38,0,2,0,12,657
2024-08-17,무,478,403,525,26,0,0,0,12,440
2024-08-16,무,403,582,693,29,0,0,0,12,362
2024-08-15,무,581,568,678,26,0,0,0,12,544
2024-08-14,무,568,620,692,23,0,0,0,12,533
2024-08-13,무,620,679,0,30,0,2,0,12,576
2024-08-12,무,679,0,538,46,0,0,0,12,621
2024-08-10,무,513,522,722,23,0,0,0,13,476
2024-08-09,무,523,647,729,33,0,0,0,12,477
2024-08-08,무,647,549,684,40,0,0,0,12,595
2024-08-07,무,549,614,"1,015",35,0,0,0,12,502
2024-08-06,무,614,782,0,23,0,0,0,21,570
2024-08-05,무,783,0,0,65,0,0,0,23,694
2024-08-02,무,556,740,441,22,0,0,0,11,522
2024-08-01,무,740,556,472,32,0,0,0,20,688
2024-07-31,무,556,636,515,22,0,0,0,10,524
2024-07-30,무,636,575,0,38,0,0,0,10,588
2024-07-29,무,575,0,407,22,0,0,0,10,543
2024-07-27,무,346,592,332,24,0,0,0,10,312
2024-07-26,무,592,512,554,23,0,0,0,12,557
2024-07-25,무,511,397,503,28,0,0,0,12,472
2024-07-24,무,397,566,483,33,0,0,0,12,352
2024-07-23,무,566,553,0,22,0,0,0,12,532
2024-07-22,무,553,0,593,25,0,0,0,12,516
2024-07-20,무,458,339,660,37,0,0,0,0,421
2024-07-19,무,339,547,490,27,0,0,0,0,312
2024-07-18,무,547,576,479,37,0,0,0,0,510
2024-07-17,무,576,614,486,12,0,0,0,0,564
2024-07-16,무,614,463,0,55,0,0,0,0,559
2024-07-15,무,463,0,210,24,0,0,0,1,438
2024-07-13,무,639,676,334,34,0,0,0,0,605
2024-07-12,무,675,385,500,74,0,0,0,0,602
2024-07-11,무,386,393,421,16,0,0,0,0,369
2024-07-10,무,393,347,552,13,0,0,0,1,379
2024-07-09,무,347,595,0,12,0,0,0,0,335
2024-07-08,무,595,0,545,56,0,0,0,11,528
2024-07-06,무,421,602,418,34,0,0,0,0,387
2024-07-05,무,602,436,458,10,0,0,0,0,592
2024-07-04,무,436,494,398,0,0,0,0,0,436
2024-07-03,무,494,630,542,32,0,0,0,0,462
2024-07-02,무,630,610,0,44,0,5,0,0,581
2024-07-01,무,610,0,293,22,0,0,0,0,588
2024-06-29,무,408,498,449,0,0,1,0,0,407
2024-06-28,무,497,470,891,22,0,1,0,2,473
2024-06-27,무,470,579,508,11,0,0,0,1,458
2024-06-26,무,579,587,583,35,0,5,0,12,527
2024-06-25,무,586,603,0,38,0,0,0,12,537
2024-06-24,무,603,0,477,16,0,5,0,12,570
2024-06-22,무,566,458,438,17,0,0,0,13,536
2024-06-21,무,458,448,451,23,0,5,0,13,417
2024-06-20,무,448,505,519,27,0,0,0,0,421
2024-06-19,무,505,408,464,35,0,5,0,0,465
2024-06-18,무,408,470,0,19,0,0,0,0,389
2024-06-17,무,471,0,554,23,0,0,0,0,447
2024-06-15,무,394,410,381,11,0,0,0,0,383
2024-06-14,무,411,409,516,16,0,0,0,10,384
2024-06-13,무,409,442,436,16,0,0,0,12,381
2024-06-12,무,442,618,630,20,0,0,0,10,412
2024-06-11,무,618,645,0,20,0,0,0,0,598
2024-06-10,무,644,0,566,56,0,0,0,15,574
2024-06-08,무,408,585,397,23,0,0,0,0,385
2024-06-07,무,585,497,475,35,0,0,0,0,550
2024-06-06,무,497,503,661,30,0,0,0,0,467
2024-06-05,무,503,455,677,22,0,2,0,0,479
2024-06-04,무,455,590,0,30,0,0,0,0,425
2024-06-03,무,590,0,278,39,0,0,0,13,538
2024-06-01,무,425,483,381,26,0,0,0,12,388
2024-05-31,무,483,580,645,44,0,0,0,12,427
2024-05-30,무,580,452,506,22,0,0,0,0,558
2024-05-29,무,453,551,581,23,0,0,0,0,429
2024-05-28,무,551,596,0,33,0,0,0,9,509
2024-05-27,무,596,0,379,35,0,0,0,8,553
2024-05-25,무,315,522,551,23,0,0,0,14,278
2024-05-24,무,521,417,564,23,0,0,0,13,486
2024-05-23,무,417,581,549,25,0,0,0,27,365
2024-05-22,무,581,545,915,39,0,0,0,12,530
2024-05-21,무,545,574,0,22,0,0,0,17,506
2024-05-20,무,574,0,360,34,0,0,0,19,521
2024-05-18,무,379,314,552,24,0,0,0,10,345
2024-05-17,무,314,482,566,23,0,0,0,10,281
2024-05-16,무,481,549,567,33,0,0,0,24,425
2024-05-15,무,548,556,506,47,0,0,0,18,484
2024-05-14,무,557,644,0,50,0,0,0,30,476
2024-05-13,무,643,0,357,65,0,0,0,21,558
2024-05-11,무,210,432,405,17,0,0,0,4,189
2024-05-10,무,433,466,539,25,0,0,0,13,394
2024-05-09,무,465,473,599,37,0,0,0,18,411
2024-05-08,무,473,462,627,49,0,0,0,13,411
2024-05-07,무,461,515,0,34,0,0,0,17,411
2024-05-06,무,514,0,298,49,0,0,0,25,441
2024-05-04,무,402,559,521,23,0,0,0,24,355
2024-05-03,무,559,537,555,28,0,0,0,23,508
2024-05-02,무,537,452,548,20,0,0,0,14,503
2024-05-01,무,452,496,541,20,0,0,0,11,421
2024-04-30,무,496,504,0,25,0,0,0,10,461
2024-04-29,무,505,0,350,31,0,0,0,6,467
2024-04-27,무,298,369,541,26,0,0,0,12,261
2024-04-26,무,368,518,444,33,0,0,0,12,324
2024-04-25,무,518,752,521,22,0,0,0,17,479
2024-04-24,무,752,660,553,34,0,0,0,17,701
2024-04-23,무,661,523,0,20,0,0,0,6,634
2024-04-22,무,523,0,409,23,0,0,0,16,484
2024-04-20,무,378,456,616,18,0,0,0,0,360
2024-04-19,무,456,509,461,26,0,0,0,9,421
2024-04-18,무,509,507,498,22,0,0,0,4,483
2024-04-17,무,507,601,443,11,0,0,0,0,496
2024-04-16,무,601,598,0,34,0,0,0,4,563
2024-04-15,무,598,0,439,61,0,0,0,24,513
2024-04-13,무,353,498,716,30,0,0,0,0,323
2024-04-12,무,498,577,590,30,0,0,0,13,455
2024-04-11,무,577,555,503,14,0,0,0,15,548
2024-04-10,무,555,452,606,30,0,0,0,11,514
2024-04-09,무,452,516,0,29,0,0,0,9,414
2024-04-08,무,516,0,449,46,0,0,0,18,452
2024-04-06,무,381,550,572,18,0,5,0,13,345
2024-04-05,무,550,769,444,40,0,0,0,6,504
2024-04-04,무,768,633,437,49,0,0,0,22,698
2024-04-03,무,634,546,401,44,0,0,6,21,562
2024-04-02,무,546,565,0,34,0,0,15,13,484
2024-04-01,무,565,0,284,57,0,0,6,12,490
2024-03-30,무,644,595,667,34,0,0,15,17,578
2024-03-29,무,595,272,569,36,0,0,0,20,539
2024-03-28,무,272,429,676,29,0,0,0,16,227
2024-03-27,무,430,515,608,37,0,0,0,16,376
2024-03-26,무,515,623,0,34,0,0,15,16,450
2024-03-25,무,624,0,385,68,0,0,0,31,524
2024-03-23,무,610,593,518,23,0,0,0,6,580
2024-03-22,무,593,403,545,55,0,0,8,15,515
2024-03-21,무,403,507,434,35,0,9,9,17,333
2024-03-20,무,507,509,550,39,0,0,6,24,438
2024-03-19,무,508,777,0,53,0,4,9,23,420
2024-03-18,무,777,0,481,66,0,9,0,32,670
2024-03-16,무,571,704,517,84,0,4,15,30,438
2024-03-15,무,704,684,569,77,0,0,0,19,608
2024-03-14,무,685,507,525,46,0,0,15,21,602
2024-03-13,무,507,496,524,44,0,0,15,15,433
2024-03-12,무,496,570,0,33,0,0,16,25,422
2024-03-11,무,569,0,337,41,0,0,0,24,505
2024-03-09,무,416,382,591,34,0,0,11,13,358
2024-03-08,무,382,472,650,36,0,0,15,11,320
2024-03-07,무,472,654,627,38,0,4,0,10,420
2024-03-06,무,655,794,654,65,0,4,16,19,550
2024-03-05,무,793,"1,085",0,41,0,13,15,13,712
2024-03-04,무,1085,0,515,89,0,10,0,31,955
2024-03-02,무,25,803,595,0,0,0,25,0,0
2024-03-01,무,803,625,449,31,0,4,0,18,750
2024-02-29,무,625,533,0,66,0,0,0,24,535
2024-02-28,무,533,521,498,41,0,4,10,18,460
2024-02-27,무,520,311,546,42,0,4,0,23,452
2024-02-26,무,311,0,0,42,0,6,0,12,251
2024-02-24,무,382,501,551,31,0,0,6,11,334
2024-02-23,무,501,434,567,25,0,0,6,28,442
2024-02-22,무,434,463,582,23,0,4,6,20,381
2024-02-21,무,464,538,701,32,0,9,6,17,399
2024-02-20,무,539,508,770,27,0,0,15,16,480
2024-02-19,무,508,0,0,25,0,4,0,17,462
2024-02-17,무,532,532,417,35,0,0,0,23,474
2024-02-16,무,532,534,339,24,0,0,15,17,476
2024-02-15,무,535,460,439,35,0,0,0,16,483
2024-02-14,무,461,320,499,29,0,0,15,5,411
2024-02-13,무,321,0,534,4,0,0,0,0,316
2024-02-09,무,142,678,501,9,0,0,6,0,127
2024-02-08,무,679,773,596,62,0,0,0,23,593
2024-02-07,무,773,670,753,44,0,0,0,13,716
2024-02-06,무,670,978,583,50,0,4,15,44,557
2024-02-05,무,978,0,0,60,0,0,0,38,880
2024-02-03,무,593,798,672,44,0,0,6,23,519
2024-02-02,무,799,973,670,49,0,0,9,19,721
2024-02-01,무,974,793,502,36,0,0,6,13,918
2024-01-31,무,794,549,233,25,0,0,6,13,749
2024-01-30,무,549,628,188,32,0,0,13,16,488
2024-01-29,무,629,0,0,30,0,0,0,13,585
2024-01-27,무,345,471,656,25,0,0,0,9,311
2024-01-26,무,471,523,237,24,0,0,0,19,428
2024-01-25,무,523,425,277,46,0,4,0,23,450
2024-01-24,무,425,627,0,23,0,4,19,26,353
2024-01-23,무,627,409,0,56,0,0,15,20,536
2024-01-22,무,410,0,0,54,0,4,0,17,334
2024-01-20,무,363,589,377,19,0,0,0,4,339
2024-01-19,무,589,484,617,16,0,0,0,27,546
2024-01-18,무,484,665,584,23,0,0,15,14,432
2024-01-17,무,665,585,591,34,0,0,6,22,603
2024-01-16,무,585,601,560,36,0,0,11,26,512
2024-01-15,무,601,0,0,28,0,0,0,22,551
2024-01-13,무,348,506,709,25,0,0,0,26,297
2024-01-12,무,507,518,717,25,0,0,0,33,448
2024-01-11,무,518,565,469,25,0,0,15,30,448
2024-01-10,무,566,501,564,56,0,4,6,36,463
2024-01-09,무,501,657,493,36,0,4,15,9,437
2024-01-08,무,657,0,0,58,0,4,0,20,575
2024-01-06,무,663,642,784,72,0,0,11,41,539
2024-01-05,무,642,800,662,57,0,0,15,34,536
2024-01-04,무,801,908,503,65,0,0,15,46,674
2024-01-03,무,908,0,521,47,0,0,0,23,838
2023-12-30,무,687,661,569,25,0,0,11,4,648
2023-12-29,무,661,423,511,35,0,0,13,30,583
2023-12-28,무,423,431,345,25,0,0,15,20,363
2023-12-27,무,431,509,451,34,0,0,19,22,356
2023-12-26,무,509,526,524,20,0,0,0,16,473
2023-12-25,무,526,0,0,41,0,0,16,9,460
2023-12-23,무,191,427,435,17,0,0,0,13,161
2023-12-22,무,428,557,311,24,0,0,6,15,382
2023-12-21,무,556,664,463,25,0,0,13,23,496
2023-12-20,무,663,546,471,31,0,0,18,28,587
2023-12-19,무,547,308,187,35,0,0,15,23,473
2023-12-18,무,309,0,0,19,0,0,6,11,272
2023-12-16,무,265,321,401,28,0,0,0,13,224
2023-12-15,무,321,291,271,35,0,0,13,12,261
2023-12-14,무,292,278,361,29,0,0,0,5,257
2023-12-13,무,278,442,331,25,0,0,6,4,243
2023-12-12,무,441,447,361,40,0,0,16,9,377
2023-12-11,무,446,0,0,38,0,0,9,35,365
2023-12-09,무,361,518,518,16,0,0,8,13,324
2023-12-08,무,518,454,528,45,0,0,16,26,431
2023-12-07,무,454,601,403,27,0,0,0,19,408
2023-12-06,무,601,372,526,20,0,0,9,0,572
2023-12-05,무,371,432,494,20,0,2,15,5,330
2023-12-04,무,433,0,0,11,0,0,6,5,410
2023-12-01,무,568,424,291,10,0,0,6,10,542
2023-11-30,무,424,343,226,15,0,1,10,17,381
2023-11-29,무,343,292,201,25,0,0,7,17,294
2023-11-28,무,292,229,248,5,0,0,0,5,282
2023-11-27,무,229,0,0,0,0,0,7,0,222
2023-11-25,무,363,364,202,5,0,0,3,5,350
2023-11-24,무,365,428,235,21,0,0,3,19,321
2023-11-23,무,429,438,266,17,0,0,3,12,396
2023-11-22,무,438,448,380,32,0,0,0,22,384
2023-11-21,무,448,401,353,16,0,0,0,16,416
2023-11-20,무,401,0,0,15,0,0,10,7,369
2023-11-18,무,221,352,365,16,0,1,0,6,198
2023-11-17,무,352,384,367,17,0,0,0,5,330
2023-11-16,무,384,349,394,12,0,0,5,0,367
2023-11-15,무,349,411,409,20,0,0,0,0,329
2023-11-14,무,411,275,427,10,0,0,14,11,376
2023-11-13,무,275,0,0,12,0,0,0,0,263
2023-11-11,무,260,384,453,23,0,0,0,11,226
2023-11-10,무,384,445,360,27,0,1,16,9,331
2023-11-09,무,446,563,382,54,0,0,0,12,379
2023-11-08,무,563,349,440,34,0,0,0,1,528
2023-11-07,무,347,561,426,14,0,2,12,3,318
2023-11-06,무,561,0,0,33,0,0,0,0,528
2023-11-03,무,401,470,488,16,0,1,10,10,364
2023-11-02,무,471,512,416,35,0,0,5,22,408
2023-11-01,무,512,635,461,43,0,0,12,28,429
2023-10-31,무,634,495,595,51,0,0,0,33,551
2023-10-30,무,495,0,0,34,0,0,12,10,439
2023-10-28,무,394,360,634,12,0,12,0,1,369
2023-10-27,무,360,445,604,23,0,0,0,0,337
2023-10-26,무,445,672,478,14,0,17,0,30,384
2023-10-25,무,671,724,451,41,0,12,0,7,612
2023-10-24,무,723,796,474,67,0,12,24,13,608
2023-10-23,무,797,0,0,68,0,0,12,1,715
2023-10-21,무,645,409,567,18,0,0,13,0,615
2023-10-20,무,410,405,533,21,0,0,0,0,388
2023-10-19,무,405,867,602,39,0,0,12,1,353
2023-10-18,무,867,699,647,48,0,0,13,2,804
2023-10-17,무,699,694,651,34,0,0,10,24,631
2023-10-16,무,694,0,0,36,0,0,12,5,641
2023-10-14,무,403,593,656,34,0,0,0,16,353
2023-10-13,무,593,707,768,45,0,0,15,2,531
2023-10-12,무,706,750,558,57,0,0,13,18,619
2023-10-11,무,751,701,624,74,0,0,5,14,657
2023-10-10,무,701,549,767,49,0,0,24,3,625
2023-10-09,무,549,0,0,66,0,0,12,1,470
2023-10-07,무,544,645,616,34,0,0,0,29,481
2023-10-06,무,645,683,746,48,0,0,5,11,581
2023-10-05,무,683,858,520,47,0,0,12,27,597
2023-10-04,무,858,588,558,92,0,0,12,25,729
2023-10-03,무,587,731,564,58,0,0,12,31,487
2023-10-02,무,731,0,0,53,0,0,16,26,636
2023-09-28,무,417,998,610,0,0,0,12,1,403
2023-09-27,무,997,882,540,36,0,0,34,31,897
2023-09-26,무,882,959,620,48,0,0,24,33,777
2023-09-25,무,959,0,0,63,0,0,11,62,823
2023-09-23,무,1119,"1,075",547,92,0,0,17,34,975
2023-09-22,무,1075,650,585,58,0,0,14,19,984
2023-09-21,무,650,787,621,30,0,0,22,18,580
2023-09-20,무,787,"1,070",351,50,0,12,10,23,692
2023-09-19,무,1070,759,647,69,0,0,10,24,967
2023-09-18,무,759,0,0,52,0,0,12,20,675
2023-09-16,무,474,607,644,0,0,1,6,11,456
2023-09-15,무,606,668,664,46,0,0,8,16,537
2023-09-14,무,668,818,943,56,0,0,10,10,592
2023-09-13,무,819,784,799,39,0,0,12,10,757
2023-09-12,무,784,680,0,41,0,0,16,15,712
2023-09-11,무,680,0,0,42,0,0,15,16,607
2023-09-09,무,634,741,690,54,0,0,0,16,564
2023-09-08,무,741,763,"1,516",64,0,0,12,10,655
2023-09-07,무,763,918,853,22,0,0,6,0,735
2023-09-06,무,919,790,968,73,0,0,12,28,805
2023-09-05,무,790,676,"1,042",44,0,12,18,16,700
2023-09-04,무,676,0,0,66,0,12,12,10,576
2023-09-02,무,839,810,945,54,0,0,7,22,757
2023-09-01,무,811,307,740,62,0,0,5,23,720
2023-08-31,무,307,553,552,18,0,0,6,0,283
2023-08-30,무,553,713,713,59,0,10,23,11,450
2023-08-29,무,713,733,778,25,0,10,12,10,656
2023-08-28,무,733,0,0,56,0,0,10,18,649
2023-08-26,무,346,434,676,34,0,0,10,10,291
2023-08-25,무,433,647,736,34,0,0,17,5,378
2023-08-24,무,647,754,596,62,0,0,10,27,548
2023-08-23,무,754,667,683,56,0,0,16,10,672
2023-08-22,무,667,716,684,60,0,0,10,5,592
2023-08-21,무,715,0,0,80,0,0,10,23,603
2023-08-19,무,469,574,522,34,0,0,11,0,424
2023-08-18,무,574,525,568,42,0,0,12,24,496
2023-08-17,무,525,693,598,29,0,0,12,23,461
2023-08-16,무,693,678,519,41,0,6,11,12,623
2023-08-15,무,678,692,666,45,0,0,11,10,612
2023-08-14,무,692,0,0,39,0,0,10,25,618
2023-08-12,무,538,467,519,29,0,0,5,0,504
2023-08-11,무,466,722,652,17,0,0,0,11,439
2023-08-10,무,722,729,386,33,0,0,8,11,670
2023-08-09,무,729,684,569,26,0,0,5,17,681
2023-08-08,무,684,"1,015",466,37,0,0,10,13,624
2023-08-07,무,1015,0,0,31,0,0,10,16,958
2023-08-04,무,635,444,750,22,0,0,0,0,613
2023-08-03,무,444,441,343,12,0,0,0,10,422
2023-08-02,무,441,472,677,49,0,0,0,0,392
2023-08-01,무,471,515,340,11,0,0,6,10,445
2023-07-31,무,515,0,0,61,0,0,10,12,432
2023-07-29,무,407,471,551,10,0,0,0,1,396
2023-07-28,무,471,332,547,5,0,0,5,0,461
2023-07-27,무,332,554,511,18,0,0,5,0,309
2023-07-26,무,554,503,524,22,0,0,5,6,521
2023-07-25,무,504,483,618,21,0,0,5,4,473
2023-07-24,무,483,0,0,23,0,1,10,23,426
2023-07-22,무,592,438,271,24,0,0,5,6,558
2023-07-21,무,438,660,479,22,0,0,5,10,401
2023-07-20,무,660,490,523,59,0,0,10,16,575
2023-07-19,무,490,479,438,6,0,0,0,6,478
2023-07-18,무,479,486,624,35,0,0,0,10,434
2023-07-17,무,487,0,0,35,0,0,0,12,439
2023-07-15,무,210,360,434,0,0,0,0,0,210
2023-07-14,무,360,334,337,31,0,0,5,10,314
2023-07-13,무,334,500,530,18,0,0,6,6,304
2023-07-12,무,499,421,505,34,0,0,5,0,461
2023-07-11,무,422,552,585,23,0,2,0,22,374
2023-07-10,무,552,0,0,45,0,1,5,10,491
2023-07-08,무,545,464,535,44,0,0,0,12,489
2023-07-07,무,463,418,466,34,0,0,5,6,419
2023-07-06,무,417,458,396,10,0,0,0,7,401
2023-07-05,무,459,398,480,22,0,0,10,17,409
2023-07-04,무,398,542,296,31,0,1,13,12,341
2023-07-03,무,542,0,0,44,0,0,5,25,468
2023-07-01,무,293,676,322,36,0,0,0,0,257
2023-06-30,무,675,449,441,44,0,0,0,7,625
2023-06-29,무,449,891,454,33,0,12,0,20,384
2023-06-28,무,890,508,584,58,0,12,12,24,785
2023-06-27,무,508,583,548,28,0,12,12,14,442
2023-06-26,무,584,0,0,44,0,0,23,15,501
2023-06-24,무,476,411,365,45,0,6,7,8,411
2023-06-23,무,410,438,548,22,0,6,12,11,360
2023-06-22,무,437,451,415,15,0,6,12,0,405
2023-06-21,무,450,519,485,36,0,12,13,11,379
2023-06-20,무,518,464,470,28,0,0,6,18,467
2023-06-19,무,464,0,0,23,0,0,7,16,418
2023-06-17,무,554,557,510,39,0,0,6,10,499
2023-06-16,무,557,381,591,36,0,1,6,29,485
2023-06-15,무,381,516,305,33,0,1,0,5,342
2023-06-14,무,516,436,613,43,0,0,12,21,440
2023-06-13,무,436,630,477,38,0,0,12,29,357
2023-06-12,무,630,0,0,48,0,0,12,28,542
2023-06-10,무,565,561,588,45,0,12,0,7,502
2023-06-09,무,560,397,665,32,0,0,12,17,500
2023-06-08,무,397,475,599,41,0,0,0,6,350
2023-06-07,무,475,661,648,33,0,12,12,22,396
2023-06-06,무,661,677,516,48,0,12,12,16,573
2023-06-05,무,677,0,0,39,0,12,12,23,591
2023-06-03,무,279,496,435,14,0,0,0,0,264
2023-06-02,무,497,381,546,20,0,7,0,20,449
2023-06-01,무,381,645,533,52,0,0,0,14,315
2023-05-31,무,645,506,543,39,0,0,0,15,591
2023-05-30,무,506,581,639,53,0,12,6,28,407
2023-05-29,무,580,0,0,37,0,12,12,20,500
2023-05-27,무,379,696,495,10,0,0,0,18,351
2023-05-26,무,695,551,445,59,0,12,0,19,606
2023-05-25,무,551,564,492,48,0,12,0,23,468
2023-05-24,무,563,549,568,45,0,12,0,18,489
2023-05-23,무,548,915,597,29,0,12,15,20,473
2023-05-22,무,915,0,0,53,0,12,21,27,802
2023-05-20,무,359,472,533,15,0,0,0,9,336
2023-05-19,무,471,552,459,38,0,0,0,9,425
2023-05-18,무,552,566,528,26,0,0,22,6,498
2023-05-17,무,565,567,497,28,0,0,24,24,490
2023-05-16,무,566,506,560,34,0,0,22,30,481
2023-05-15,무,506,0,0,29,0,0,15,29,433
2023-05-13,무,357,470,452,35,0,0,0,6,316
2023-05-12,무,470,405,548,33,0,0,19,30,388
2023-05-11,무,405,539,633,15,0,0,23,30,337
2023-05-10,무,539,599,521,37,0,0,15,19,468
2023-05-09,무,599,627,495,43,0,0,15,26,515
2023-05-08,무,627,0,0,30,0,0,15,19,563
2023-05-06,무,297,495,529,35,0,0,0,20,243
2023-05-05,무,495,521,500,18,0,0,22,27,428
2023-05-04,무,521,555,490,29,0,0,15,51,426
2023-05-03,무,555,548,561,39,0,0,19,36,461
2023-05-02,무,548,541,787,52,0,0,19,29,448
2023-05-01,무,540,0,0,18,0,0,19,21,483
2023-04-29,무,349,492,397,29,0,0,0,10,311
2023-04-28,무,492,541,511,20,0,0,19,14,439
2023-04-27,무,541,444,633,36,0,0,19,9,477
2023-04-26,무,444,521,458,34,0,0,19,0,391
2023-04-25,무,520,553,413,35,0,0,15,8,463
2023-04-24,무,553,0,0,39,0,0,19,14,481
2023-04-22,무,409,508,579,30,0,0,0,0,379
2023-04-21,무,507,616,587,27,0,0,11,10,460
2023-04-20,무,616,461,662,48,0,0,15,16,537
2023-04-19,무,461,498,543,37,0,0,30,14,380
2023-04-18,무,498,443,734,22,0,0,26,12,438
2023-04-17,무,443,0,0,33,0,0,6,10,394
2023-04-15,무,439,558,561,35,0,0,0,0,404
2023-04-14,무,559,716,473,35,0,4,19,4,496
2023-04-13,무,716,590,500,18,0,0,15,4,679
2023-04-12,무,590,503,474,33,0,4,11,14,528
2023-04-11,무,502,606,545,38,0,0,15,8,442
2023-04-10,무,606,0,0,40,0,0,13,14,539
2023-04-08,무,449,577,669,42,0,0,6,13,388
2023-04-07,무,576,572,794,46,0,0,9,9,513
2023-04-06,무,572,444,773,41,0,0,15,14,502
2023-04-05,무,445,437,596,19,0,0,15,4,406
2023-04-04,무,436,401,510,24,0,0,28,12,373
2023-04-03,무,401,0,0,46,0,0,15,13,327
2023-04-01,무,284,516,394,19,0,0,0,4,261
2023-03-31,무,516,667,526,42,0,5,15,23,431
2023-03-30,무,667,569,618,50,0,5,11,34,567
2023-03-29,무,568,676,633,40,0,0,15,29,485
2023-03-28,무,677,608,581,54,0,4,15,17,586
2023-03-27,무,609,0,0,38,0,0,19,17,534
2023-03-25,무,385,546,652,17,0,0,8,5,355
2023-03-24,무,545,518,610,23,0,0,11,18,494
2023-03-23,무,518,545,503,15,0,0,15,17,471
2023-03-22,무,546,434,450,41,0,0,15,21,468
2023-03-21,무,434,550,466,44,0,0,15,19,356
2023-03-20,무,550,0,0,30,0,0,19,25,476
2023-03-18,무,481,491,614,49,0,0,0,21,411
2023-03-17,무,491,517,735,32,0,0,11,24,424
2023-03-16,무,517,569,644,35,0,0,9,22,451
2023-03-15,무,569,525,575,52,0,0,15,17,485
2023-03-14,무,525,524,707,29,0,0,15,23,458
2023-03-13,무,524,0,0,44,0,0,11,27,442
2023-03-11,무,337,502,533,34,0,0,0,13,290
2023-03-10,무,502,591,607,42,0,0,11,16,433
2023-03-09,무,590,650,646,54,0,0,11,20,506
2023-03-08,무,651,627,565,51,0,0,16,32,551
2023-03-07,무,628,654,717,35,0,0,11,17,564
2023-03-06,무,653,0,0,27,0,0,24,15,588
2023-03-04,무,515,476,377,35,0,0,11,13,456
2023-03-03,무,476,595,457,29,0,0,6,13,428
2023-03-02,무,594,449,585,56,0,0,36,26,477
2023-03-01,무,449,498,633,37,0,0,12,17,383
2023-02-28,무,498,546,727,40,0,0,20,16,422
2023-02-27,무,546,0,0,46,0,0,29,19,452
2023-02-25,무,298,551,712,24,0,0,8,17,251
2023-02-24,무,551,567,593,48,0,0,8,17,478
2023-02-23,무,567,582,440,60,0,0,0,17,490
2023-02-22,무,583,701,488,35,0,0,15,20,512
2023-02-21,무,701,770,751,43,0,0,26,17,615
2023-02-20,무,770,0,0,46,0,0,23,22,679
2023-02-18,무,503,417,525,62,0,0,8,14,420
2023-02-17,무,415,339,487,21,0,0,22,13,361
2023-02-16,무,340,439,439,18,0,0,6,4,311
2023-02-15,무,440,499,555,19,0,0,15,4,401
2023-02-14,무,499,534,691,24,0,0,14,12,449
2023-02-13,무,534,0,0,47,0,0,15,18,454
2023-02-11,무,248,365,512,12,0,0,15,12,209
2023-02-10,무,365,501,577,33,0,0,12,16,304
2023-02-09,무,500,596,585,37,0,4,0,22,438
2023-02-08,무,595,753,648,46,0,0,15,16,519
2023-02-07,무,753,583,605,49,0,9,44,21,630
2023-02-06,무,583,0,0,53,0,0,5,4,521
2023-02-04,무,608,672,411,80,0,0,0,22,507
2023-02-03,무,671,670,0,53,0,0,11,23,585
2023-02-02,무,669,502,0,46,0,0,24,16,584
2023-02-01,무,501,233,0,39,0,0,9,17,437
2023-01-31,무,234,188,0,4,0,0,17,4,208
2023-01-30,무,188,0,539,9,0,0,16,4,159
2023-01-28,무,472,656,482,33,0,0,0,25,413
2023-01-27,무,656,237,667,36,0,4,16,20,580
2023-01-26,무,237,277,570,25,0,0,11,13,188
2023-01-25,무,277,0,737,31,0,0,17,11,218
2023-01-21,무,124,377,691,0,0,0,0,0,124
2023-01-20,무,376,617,672,28,0,0,0,20,329
2023-01-19,무,617,584,616,39,6,4,12,29,527
2023-01-18,무,583,591,574,45,0,14,8,30,487
2023-01-17,무,592,560,530,59,0,0,16,33,483
2023-01-16,무,559,0,0,53,0,8,22,17,460
2023-01-14,무,493,709,639,40,0,11,6,26,411
2023-01-13,무,709,717,521,64,0,0,15,24,606
2023-01-12,무,717,469,530,54,0,0,25,25,613
2023-01-11,무,469,564,606,37,0,4,11,16,401
2023-01-10,무,565,493,688,32,0,4,9,21,498
2023-01-09,무,494,0,0,39,0,4,11,24,415
2023-01-07,무,577,784,473,55,0,0,0,29,492
2023-01-06,무,783,662,514,106,0,4,15,25,634
2023-01-05,무,662,503,645,61,0,4,15,25,557
2023-01-04,무,503,521,615,41,0,4,8,25,425
2023-01-03,무,522,0,651,37,0,0,15,25,444
2022-12-31,무,608,569,433,39,0,0,6,23,540
2022-12-30,무,568,511,501,48,0,4,11,30,476
2022-12-29,무,511,345,495,32,0,4,11,26,438
2022-12-28,무,345,451,468,27,0,0,0,18,300
2022-12-27,무,452,524,370,32,0,0,0,5,414
2022-12-26,무,524,0,0,39,0,0,17,25,443
2022-12-24,무,259,435,314,20,0,0,0,9,230
2022-12-23,무,434,311,392,36,0,4,10,27,358
2022-12-22,무,311,463,492,18,0,4,17,9,263
2022-12-21,무,463,471,436,30,0,0,9,13,411
2022-12-20,무,471,187,459,25,0,0,15,8,423
2022-12-19,무,187,0,0,46,0,0,0,8,133
2022-12-17,무,422,401,425,40,0,0,9,0,373
2022-12-16,무,401,271,444,28,0,0,3,4,366
2022-12-15,무,271,361,459,27,0,0,4,8,232
2022-12-14,무,360,331,449,21,0,0,0,4,336
2022-12-13,무,331,361,569,26,0,1,0,8,296
2022-12-12,무,361,0,0,32,0,0,0,5,324
2022-12-10,무,359,518,311,33,0,0,20,13,294
2022-12-09,무,518,528,330,44,0,0,6,4,464
2022-12-08,무,528,403,426,27,0,0,12,4,485
2022-12-07,무,403,526,440,19,0,0,25,0,359
2022-12-06,무,525,494,432,20,0,0,9,1,496
2022-12-05,무,494,0,0,30,0,0,19,0,445
2022-12-03,무,349,281,266,20,0,0,12,0,317
2022-12-02,무,281,291,195,10,0,0,12,0,259
2022-12-01,무,292,226,398,0,0,0,10,0,281
2022-11-30,무,226,201,266,0,0,0,0,12,214
2022-11-29,무,201,248,253,0,0,0,12,0,189
2022-11-28,무,249,0,0,10,0,0,12,0,226
2022-11-26,무,250,202,376,22,0,0,0,10,218
2022-11-25,무,203,235,357,22,0,0,0,10,170
2022-11-24,무,235,266,312,12,0,0,0,10,213
2022-11-23,무,266,380,293,12,0,0,0,10,244
2022-11-22,무,380,353,314,34,0,1,12,12,321
2022-11-21,무,353,0,0,20,0,1,0,20,312
2022-11-19,무,374,365,344,10,0,1,24,10,329
2022-11-18,무,365,367,451,11,0,1,24,12,317
2022-11-17,무,368,394,530,20,0,0,12,0,335
2022-11-16,무,394,409,343,0,0,0,24,10,360
2022-11-15,무,409,427,597,16,0,0,12,0,381
2022-11-14,무,427,0,0,12,0,0,12,0,403
2022-11-12,무,383,453,328,23,0,0,12,0,348
2022-11-11,무,454,360,337,22,0,0,0,11,420
2022-11-10,무,360,382,260,22,0,0,0,0,338
2022-11-09,무,381,440,213,43,0,0,12,0,327
2022-11-08,무,439,426,416,32,0,0,22,1,385
2022-11-07,무,425,0,0,33,0,1,0,4,388
2022-11-05,무,472,456,397,11,0,1,18,0,442
2022-11-04,무,456,488,497,21,0,1,12,10,412
2022-11-03,무,488,416,372,32,0,1,18,0,437
2022-11-02,무,416,461,512,33,0,0,18,0,365
2022-11-01,무,462,595,701,20,0,0,13,0,428
2022-10-31,무,595,0,0,32,0,6,12,12,533
2022-10-29,무,429,634,507,22,0,0,12,1,394
2022-10-28,무,633,604,301,21,0,0,18,1,594
2022-10-27,무,604,478,497,21,0,0,6,0,577
2022-10-26,무,478,451,492,23,0,0,6,0,449
2022-10-25,무,450,474,773,24,0,0,12,1,414
2022-10-24,무,474,0,0,40,0,1,12,0,421
2022-10-22,무,491,567,561,41,0,2,10,2,436
2022-10-21,무,567,533,669,49,0,0,0,0,518
2022-10-20,무,532,602,499,37,0,0,16,20,460
2022-10-19,무,602,647,538,24,0,1,22,12,543
2022-10-18,무,647,651,541,51,0,1,12,28,555
2022-10-17,무,651,0,0,50,0,1,6,14,580
2022-10-15,무,660,656,451,51,0,2,0,9,598
2022-10-14,무,656,768,667,39,0,0,22,7,588
2022-10-13,무,768,558,884,49,0,0,6,18,695
2022-10-12,무,559,624,564,49,0,0,16,6,487
2022-10-11,무,624,767,764,27,0,2,12,13,570
2022-10-10,무,767,0,0,48,0,0,22,22,675
2022-10-08,무,668,616,369,34,0,0,0,19,615
2022-10-07,무,617,746,565,19,0,0,10,19,568
2022-10-06,무,746,520,337,71,0,12,16,19,628
2022-10-05,무,520,558,438,26,0,0,10,18,466
2022-10-04,무,558,564,770,34,0,0,10,18,496
2022-10-03,무,564,0,0,42,0,12,22,19,469
2022-10-01,무,536,590,815,53,0,0,0,6,477
2022-09-30,무,590,496,348,44,0,0,10,6,530
2022-09-29,무,495,610,492,42,0,12,15,16,411
2022-09-28,무,610,540,740,36,0,0,18,19,537
2022-09-27,무,539,620,945,38,0,0,15,6,481
2022-09-26,무,620,0,0,59,0,0,21,6,534
2022-09-24,무,578,547,"1,160",12,0,0,6,5,555
2022-09-23,무,547,585,0,37,0,0,17,12,481
2022-09-22,무,586,621,0,50,0,0,17,8,510
2022-09-21,무,622,351,0,67,0,0,16,7,531
2022-09-20,무,352,647,0,10,0,0,0,0,341
2022-09-19,무,647,0,0,50,0,0,22,0,575
2022-09-17,무,535,644,896,38,0,0,0,10,487
2022-09-16,무,644,664,929,23,0,0,15,12,594
2022-09-15,무,665,943,"1,007",13,0,0,14,10,627
2022-09-14,무,943,799,925,44,0,0,17,20,862
2022-09-13,무,799,0,"1,127",39,0,0,21,12,727
2022-09-09,무,690,"1,516",746,0,0,0,12,2,676
2022-09-08,무,1516,853,494,102,0,0,32,48,1334
2022-09-07,무,854,968,716,30,0,0,10,6,807
2022-09-06,무,968,"1,042",952,35,0,0,30,0,903
2022-09-05,무,1042,0,0,55,0,0,32,6,949
2022-09-03,무,977,945,622,60,0,0,23,5,890
2022-09-02,무,945,740,428,77,0,0,26,28,814
2022-09-01,무,741,552,629,48,0,0,12,27,653
2022-08-31,무,551,713,692,45,0,0,10,6,491
2022-08-30,무,713,778,694,54,0,0,20,10,629
2022-08-29,무,777,0,0,56,0,0,22,28,672
2022-08-27,무,712,676,708,50,0,0,7,16,639
2022-08-26,무,676,736,686,35,0,0,12,10,619
2022-08-25,무,737,596,374,16,0,0,20,16,684
2022-08-24,무,595,683,547,45,0,0,10,16,525
2022-08-23,무,683,684,764,55,0,0,20,26,582
2022-08-22,무,685,0,0,57,0,0,25,16,586
2022-08-20,무,400,522,497,34,0,0,0,10,356
2022-08-19,무,522,568,355,22,2,1,10,10,477
2022-08-18,무,568,598,451,23,0,0,20,20,505
2022-08-17,무,599,519,643,31,0,0,10,20,537
2022-08-16,무,519,666,582,25,0,0,12,21,461
2022-08-15,무,666,0,0,28,0,0,22,20,596
2022-08-13,무,845,519,533,49,0,0,16,21,759
2022-08-12,무,519,652,494,6,0,0,5,31,477
2022-08-11,무,652,386,639,22,0,0,12,10,608
2022-08-10,무,386,569,467,13,0,0,12,10,351
2022-08-09,무,570,466,629,23,0,0,18,40,488
2022-08-08,무,467,0,0,30,0,0,6,30,400
2022-08-05,무,666,750,469,40,0,0,6,18,602
2022-08-04,무,750,343,570,58,0,0,10,11,671
2022-08-03,무,343,677,505,16,0,0,12,10,305
2022-08-02,무,677,340,395,36,0,0,12,10,619
2022-08-01,무,340,0,0,29,0,1,15,15,280
2022-07-30,무,455,551,458,26,0,0,7,18,405
2022-07-29,무,552,547,586,44,0,1,15,10,481
2022-07-28,무,548,511,360,16,0,0,16,32,483
2022-07-27,무,511,524,367,45,18,4,5,32,407
2022-07-26,무,524,618,445,31,0,0,13,20,460
2022-07-25,무,618,0,0,28,0,0,10,20,560
2022-07-23,무,242,271,447,4,0,0,0,0,238
2022-07-22,무,271,479,416,6,0,0,0,6,259
2022-07-21,무,479,523,459,27,0,0,10,11,431
2022-07-20,무,523,438,340,35,0,0,10,12,466
2022-07-19,무,439,624,598,34,0,0,10,10,384
2022-07-18,무,624,0,0,22,0,0,20,18,564
2022-07-16,무,392,434,393,23,0,0,5,12,351
2022-07-15,무,434,337,259,26,0,0,10,0,398
2022-07-14,무,336,530,393,24,0,0,5,0,308
2022-07-13,무,530,505,445,33,0,0,10,10,477
2022-07-12,무,505,585,449,36,0,0,10,0,459
2022-07-11,무,586,0,0,35,0,0,10,10,530
2022-07-09,무,383,535,471,20,0,0,5,0,358
2022-07-08,무,535,466,585,36,0,5,13,12,469
2022-07-07,무,466,396,426,25,0,5,10,12,414
2022-07-06,무,396,480,500,9,0,0,10,12,365
2022-07-05,무,480,296,398,1,0,6,40,12,421
2022-07-04,무,295,0,0,37,0,1,30,12,216
2022-07-02,무,352,322,358,24,0,0,2,13,314
2022-07-01,무,322,441,424,15,10,0,4,12,281
2022-06-30,무,442,454,446,16,0,0,20,12,393
2022-06-29,무,454,584,345,19,0,0,24,17,394
2022-06-28,무,584,548,366,31,12,6,25,17,493
2022-06-27,무,548,0,0,24,0,0,33,18,473
2022-06-25,무,325,365,530,17,0,0,2,12,294
2022-06-24,무,365,548,318,21,12,0,25,17,290
2022-06-23,무,547,415,461,46,18,0,11,27,446
2022-06-22,무,415,485,503,35,0,0,27,29,324
2022-06-21,무,485,470,548,18,22,0,31,27,387
2022-06-20,무,470,0,0,36,0,6,27,40,361
2022-06-18,무,478,510,522,43,12,0,5,3,414
2022-06-17,무,510,591,413,42,0,6,15,35,412
2022-06-16,무,591,305,375,30,6,0,27,27,501
2022-06-15,무,305,613,628,36,0,0,20,15,234
2022-06-14,무,613,477,622,45,17,6,22,26,497
2022-06-13,무,477,0,0,56,0,0,28,21,372
2022-06-11,무,461,588,519,6,0,0,4,22,429
2022-06-10,무,588,665,511,24,3,0,27,24,510
2022-06-09,무,665,599,537,26,6,0,10,19,604
2022-06-08,무,599,648,653,22,6,0,27,22,522
2022-06-07,무,648,516,552,14,5,0,15,23,591
2022-06-06,무,515,0,0,25,0,0,17,18,456
2022-06-04,무,286,435,526,14,0,0,0,4,268
2022-06-03,무,436,546,478,26,0,0,15,16,378
2022-06-02,무,546,533,440,24,3,0,21,16,482
2022-06-01,무,533,543,510,20,3,0,17,11,482
2022-05-31,무,542,639,626,26,3,0,21,8,485
2022-05-30,무,638,0,0,25,0,0,24,8,582
2022-05-28,무,363,495,540,22,0,0,0,4,337
2022-05-27,무,494,445,449,28,0,0,15,8,444
2022-05-26,무,445,492,590,28,0,0,18,4,395
2022-05-25,무,492,568,630,35,0,0,15,0,442
2022-05-24,무,568,597,676,30,0,0,15,4,519
2022-05-23,무,597,0,0,48,0,0,15,9,525
2022-05-21,무,417,533,416,18,0,0,0,15,384
2022-05-20,무,532,459,447,33,0,0,23,21,456
2022-05-19,무,459,528,547,16,0,0,14,16,413
2022-05-18,무,528,497,539,33,0,0,15,31,449
2022-05-17,무,497,560,623,39,0,0,15,10,433
2022-05-16,무,560,0,0,43,0,0,19,17,481
2022-05-14,무,399,452,510,20,0,0,0,12,367
2022-05-13,무,452,548,541,26,0,0,17,15,394
2022-05-12,무,548,633,579,35,0,0,17,19,477
2022-05-11,무,633,521,507,49,0,0,17,18,549
2022-05-10,무,522,495,546,29,0,0,15,30,447
2022-05-09,무,495,0,0,33,0,0,17,17,428
2022-05-07,무,288,529,462,6,0,0,0,4,277
2022-05-06,무,529,500,472,40,0,0,25,18,446
2022-05-05,무,500,490,570,41,0,0,23,12,424
2022-05-04,무,490,561,665,22,0,0,17,8,443
2022-05-03,무,562,787,653,54,0,0,15,12,480
2022-05-02,무,787,0,0,58,0,0,24,12,693
2022-04-30,무,406,397,581,11,0,0,0,17,379
2022-04-29,무,399,511,506,25,0,4,15,13,340
2022-04-28,무,511,633,360,26,0,4,11,17,453
2022-04-27,무,633,458,500,28,0,6,23,10,566
2022-04-26,무,459,413,573,26,0,4,15,16,397
2022-04-25,무,413,0,0,12,0,4,13,24,360
2022-04-23,무,277,579,543,36,0,4,0,13,224
2022-04-22,무,579,587,487,51,0,4,15,19,490
2022-04-21,무,587,662,496,35,0,4,8,32,508
2022-04-20,무,662,543,717,38,0,4,30,26,564
2022-04-19,무,543,734,631,45,0,4,0,17,477
2022-04-18,무,734,0,0,72,0,4,20,20,618
2022-04-16,무,394,561,534,17,0,0,8,17,352
2022-04-15,무,561,473,364,49,0,0,15,18,479
2022-04-14,무,474,500,331,41,0,4,6,4,418
2022-04-13,무,500,474,536,51,0,4,13,14,418
2022-04-12,무,474,545,607,20,0,0,17,30,407
2022-04-11,무,544,0,0,25,0,0,15,26,479
2022-04-09,무,517,669,579,24,0,0,0,21,472
2022-04-08,무,669,794,531,39,0,4,15,21,590
2022-04-07,무,794,773,447,57,0,4,17,46,670
2022-04-06,무,773,596,400,66,0,4,6,37,660
2022-04-05,무,597,510,560,50,0,4,17,44,481
2022-04-04,무,511,0,0,34,4,0,16,38,418
2022-04-02,무,454,394,450,31,1,0,8,22,392
2022-04-01,무,395,526,668,33,4,0,15,22,320
2022-03-31,무,526,618,664,37,4,4,11,37,433
2022-03-30,무,619,633,434,43,0,4,11,35,525
2022-03-29,무,633,581,450,45,0,4,27,35,522
2022-03-28,무,581,0,0,36,0,4,12,35,494
2022-03-26,무,642,652,501,24,0,4,0,26,588
2022-03-25,무,653,610,603,42,4,4,15,45,542
2022-03-24,무,611,503,668,56,0,4,15,41,494
2022-03-23,무,502,450,668,82,0,4,0,60,357
2022-03-22,무,450,466,740,61,0,0,15,39,335
2022-03-21,무,466,0,0,58,0,4,15,38,351
2022-03-19,무,360,614,613,28,0,4,0,24,305
2022-03-18,무,615,735,487,41,0,4,14,47,508
2022-03-17,무,736,644,479,43,0,4,23,35,630
2022-03-16,무,643,575,383,39,0,0,12,22,571
2022-03-15,무,575,707,452,48,0,4,0,36,487
2022-03-14,무,707,0,0,80,0,4,15,54,554
2022-03-12,무,368,533,606,32,0,0,0,32,305
2022-03-11,무,533,607,553,36,0,0,30,47,420
2022-03-10,무,607,646,660,37,0,4,0,40,526
2022-03-09,무,646,565,878,41,0,4,11,44,546
2022-03-08,무,565,717,756,50,0,4,10,54,447
2022-03-07,무,717,0,0,65,0,4,11,46,591
2022-03-05,무,536,377,699,38,0,4,0,41,453
2022-03-04,무,376,457,541,22,0,0,15,32,308
2022-03-03,무,456,585,603,30,0,0,10,37,380
2022-03-02,무,585,633,588,53,0,4,16,39,473
2022-03-01,무,634,727,386,41,0,3,17,34,538
2022-02-28,무,727,0,0,64,0,4,20,91,548
2022-02-26,무,610,712,489,77,0,0,6,48,478
2022-02-25,무,711,593,683,85,4,0,8,46,569
2022-02-24,무,592,440,904,47,0,0,8,54,484
2022-02-23,무,440,488,831,33,0,0,9,38,360
2022-02-22,무,487,751,720,23,0,0,23,23,419
2022-02-21,무,751,0,0,56,0,0,13,40,642
2022-02-19,무,440,525,451,50,0,0,9,31,349
2022-02-18,무,526,487,519,39,0,0,8,40,438
2022-02-17,무,487,439,421,43,0,0,8,28,408
2022-02-16,무,439,555,356,30,0,0,8,26,375
2022-02-15,무,555,691,467,38,0,4,21,23,469
2022-02-14,무,691,0,0,60,0,4,23,27,577
2022-02-12,무,293,512,0,33,0,4,0,25,231
2022-02-11,무,512,577,166,53,0,4,17,25,413
2022-02-10,무,576,585,675,56,0,5,8,29,479
2022-02-09,무,585,648,932,63,0,4,0,29,489
2022-02-08,무,648,605,"1,043",56,0,4,15,29,544
2022-02-07,무,605,0,0,53,0,4,15,25,508
2022-02-05,무,615,411,668,40,0,4,22,35,514
2022-02-04,무,411,0,641,26,0,0,0,24,361
2022-01-30,무,539,521,493,32,0,0,15,8,484
2022-01-29,무,521,482,583,38,0,4,15,33,431
2022-01-28,무,482,667,533,20,0,0,0,10,452
2022-01-27,무,667,570,552,53,0,6,0,25,583
2022-01-26,무,570,737,568,52,0,4,11,33,470
2022-01-25,무,737,"1,057",579,44,0,4,15,25,649
2022-01-24,무,1056,0,0,77,0,4,8,43,925
2022-01-22,무,587,691,541,31,0,0,20,28,506
2022-01-21,무,690,672,564,46,0,4,9,20,612
2022-01-20,무,672,616,591,48,0,4,24,16,580
2022-01-19,무,616,574,659,45,0,4,15,25,527
2022-01-18,무,573,530,724,33,0,4,8,33,496
2022-01-17,무,530,0,0,34,0,4,24,29,439
2022-01-15,무,341,639,593,36,0,0,0,13,292
2022-01-14,무,639,521,586,52,0,4,0,15,568
2022-01-13,무,520,530,491,44,0,0,8,17,452
2022-01-12,무,530,606,488,40,0,4,8,24,454
2022-01-11,무,606,688,589,56,0,10,11,21,508
2022-01-10,무,689,0,0,53,0,4,15,21,595
2022-01-08,무,405,473,289,40,0,0,0,11,354
2022-01-07,무,473,514,467,40,0,4,14,8,407
2022-01-06,무,513,645,545,60,0,10,8,24,412
2022-01-05,무,646,615,662,63,0,4,17,24,537
2022-01-04,무,616,651,757,45,0,4,14,16,536
2022-01-03,무,652,0,0,31,0,4,8,16,592
2021-12-31,무,433,501,415,21,0,0,4,6,402
2021-12-30,무,500,495,440,44,2,0,9,16,430
2021-12-29,무,494,468,344,30,0,0,15,16,434
2021-12-28,무,467,370,619,34,0,2,15,12,405
2021-12-27,무,371,0,0,22,0,0,0,24,324
2021-12-25,무,355,314,403,34,0,0,6,24,291
2021-12-24,무,314,392,447,34,0,4,11,18,247
2021-12-23,무,393,492,592,34,0,4,8,24,322
2021-12-22,무,493,436,511,34,0,4,7,28,419
2021-12-21,무,436,459,556,27,0,0,15,16,378
2021-12-20,무,458,0,0,19,0,0,11,8,421
2021-12-18,무,262,425,436,10,0,0,0,0,252
2021-12-17,무,424,444,201,25,0,0,9,12,379
2021-12-16,무,444,459,263,19,0,0,0,12,413
2021-12-15,무,459,449,280,32,0,0,11,12,404
2021-12-14,무,448,569,65,26,0,0,22,4,397
2021-12-13,무,569,0,0,18,0,0,30,14,507
2021-12-11,무,279,311,421,8,0,0,0,0,272
2021-12-10,무,312,330,250,10,0,0,0,0,301
2021-12-09,무,331,426,379,17,0,0,0,4,309
2021-12-08,무,426,440,377,14,0,0,0,23,389
2021-12-07,무,440,432,433,21,0,0,5,4,410
2021-12-06,무,432,0,0,22,0,0,12,14,384
2021-12-04,무,235,266,451,10,0,0,1,15,209
2021-12-03,무,266,195,332,23,0,0,7,22,214
2021-12-02,무,194,398,220,2,0,0,9,6,178
2021-12-01,무,397,266,319,4,16,0,0,13,365
2021-11-30,무,267,253,448,31,0,0,18,34,183
2021-11-29,무,253,0,0,51,0,0,0,6,196
2021-11-27,무,377,376,348,44,0,1,11,29,291
2021-11-26,무,376,357,415,46,14,0,0,2,314
2021-11-25,무,356,312,352,32,23,0,16,2,284
2021-11-24,무,312,293,450,25,0,0,0,0,287
2021-11-23,무,294,314,425,15,11,0,10,11,246
2021-11-22,무,313,0,0,38,0,1,0,26,249
2021-11-20,무,323,344,294,11,0,0,13,38,261
2021-11-19,무,345,451,327,36,0,0,10,32,266
2021-11-18,무,451,530,544,0,0,0,10,12,429
2021-11-17,무,530,343,320,68,0,0,11,27,424
2021-11-16,무,344,597,521,28,12,1,11,37,254
2021-11-15,무,598,0,0,54,14,0,11,29,489
2021-11-13,무,431,328,344,36,0,0,10,0,384
2021-11-12,무,329,337,434,36,2,0,11,0,279
2021-11-11,무,337,260,332,13,0,0,11,6,307
2021-11-10,무,260,213,564,17,0,0,0,0,243
2021-11-09,무,213,416,611,21,11,0,5,1,175
2021-11-08,무,417,0,0,22,0,0,22,0,372
2021-11-06,무,482,397,536,40,17,1,5,23,396
2021-11-05,무,397,497,399,32,0,0,10,20,335
2021-11-04,무,496,372,491,61,0,0,10,2,424
2021-11-03,무,372,512,491,24,0,0,0,0,348
2021-11-02,무,512,701,458,22,0,1,10,0,479
2021-11-01,무,700,0,0,23,0,0,11,0,667
2021-10-30,무,461,507,548,21,0,0,10,4,426
2021-10-29,무,507,301,527,26,0,0,10,1,470
2021-10-28,무,301,497,691,12,0,0,8,4,277
2021-10-27,무,497,492,621,26,6,0,23,13,429
2021-10-26,무,492,773,719,34,0,0,12,21,425
2021-10-25,무,773,0,0,43,23,0,22,37,648
2021-10-23,무,689,561,743,44,0,0,0,22,624
2021-10-22,무,562,669,641,22,0,0,15,11,513
2021-10-21,무,669,499,538,17,0,0,20,16,616
2021-10-20,무,498,538,617,21,0,0,22,7,449
2021-10-19,무,538,541,924,6,0,0,10,11,511
2021-10-18,무,541,0,0,48,0,1,10,16,466
2021-10-16,무,289,451,575,17,0,2,0,10,261
2021-10-15,무,451,667,689,41,0,1,0,20,389
2021-10-14,무,667,884,630,43,0,0,10,45,569
2021-10-13,무,884,564,688,70,0,0,10,32,772
2021-10-12,무,564,764,871,37,0,0,5,19,503
2021-10-11,무,765,0,0,56,0,10,10,26,662
2021-10-09,무,616,369,655,28,0,1,5,2,579
2021-10-08,무,369,565,681,23,0,0,0,0,346
2021-10-07,무,565,337,950,38,0,0,10,2,515
2021-10-06,무,337,438,845,25,0,0,12,1,299
2021-10-05,무,438,770,797,34,0,10,10,21,363
2021-10-04,무,770,0,0,44,0,10,10,13,693
2021-10-02,무,632,815,0,33,0,0,0,24,575
2021-10-01,무,815,348,0,41,0,10,0,0,764
2021-09-30,무,348,492,685,22,0,10,10,0,306
2021-09-29,무,492,740,"1,034",42,0,0,10,0,440
2021-09-28,무,740,945,"1,187",33,0,0,10,4,693
2021-09-27,무,945,0,0,57,0,0,23,2,863
2021-09-25,무,870,"1,160",811,58,0,0,14,1,797
2021-09-24,무,1160,0,772,77,0,0,30,0,1053
2021-09-18,무,539,896,811,16,0,0,36,10,477
2021-09-17,무,897,929,625,64,0,0,30,40,762
2021-09-16,무,930,"1,007",820,59,0,10,35,42,783
2021-09-15,무,1006,925,742,64,0,0,18,30,895
2021-09-14,무,924,"1,127",636,47,0,10,14,47,807
2021-09-13,무,1128,0,0,56,0,14,24,38,995
2021-09-11,무,856,"1,015",601,42,0,0,9,21,784
2021-09-10,무,1014,746,574,43,0,0,20,33,919
2021-09-09,무,745,494,764,32,0,12,21,30,651
2021-09-08,무,494,716,524,25,0,0,17,13,439
2021-09-07,무,716,952,768,36,0,10,22,20,628
2021-09-06,무,952,0,0,46,0,0,12,30,864
2021-09-04,무,849,622,455,36,0,0,10,21,781
2021-09-03,무,621,428,382,27,0,0,11,21,563
2021-09-02,무,428,629,474,29,0,0,16,10,373
2021-09-01,무,630,692,635,36,0,0,16,10,567
2021-08-31,무,691,694,604,31,0,0,6,20,635
2021-08-30,무,694,0,0,35,0,0,12,10,637
2021-08-28,무,393,708,513,42,0,0,0,0,351
2021-08-27,무,708,686,487,50,0,0,12,0,646
2021-08-26,무,686,374,500,47,0,0,9,32,598
2021-08-25,무,375,547,599,11,0,0,8,0,355
2021-08-24,무,547,764,489,49,0,0,11,10,477
2021-08-23,무,764,0,0,45,0,0,11,10,698
2021-08-21,무,505,497,560,31,0,0,4,21,449
2021-08-20,무,498,355,442,31,0,0,7,20,439
2021-08-19,무,356,451,532,30,0,0,6,0,319
2021-08-18,무,451,643,566,31,0,0,6,0,414
2021-08-17,무,643,582,430,51,0,0,13,20,559
2021-08-16,무,583,0,0,40,0,0,12,20,510
2021-08-14,무,252,533,600,20,0,0,0,10,222
2021-08-13,무,533,494,838,40,0,0,9,15,469
2021-08-12,무,494,639,521,46,0,0,13,21,414
2021-08-11,무,639,467,554,31,0,0,12,20,576
2021-08-10,무,468,629,493,10,0,0,12,0,445
2021-08-09,무,628,0,0,32,0,0,8,20,569
2021-08-06,무,430,469,347,1,0,0,8,8,413
2021-08-05,무,468,570,472,16,0,0,11,1,441
2021-08-04,무,570,505,494,24,0,0,11,30,505
2021-08-03,무,505,395,580,22,0,0,8,0,475
2021-08-02,무,395,0,0,21,0,0,9,10,355
2021-07-31,무,316,458,563,10,0,0,2,5,298
2021-07-30,무,458,586,501,23,0,0,9,12,414
2021-07-29,무,586,360,514,31,0,0,13,20,522
2021-07-28,무,361,367,458,35,0,1,12,6,306
2021-07-27,무,366,445,728,31,0,0,13,0,323
2021-07-26,무,445,0,0,41,0,0,10,17,377
2021-07-24,무,282,447,454,20,0,0,0,6,256
2021-07-23,무,447,416,475,31,0,0,12,20,384
2021-07-22,무,416,459,670,20,0,0,5,11,380
2021-07-21,무,458,340,297,32,0,0,5,20,402
2021-07-20,무,339,598,562,11,0,0,0,10,319
2021-07-19,무,598,0,0,26,0,0,10,24,538
2021-07-17,무,315,393,587,13,0,0,6,0,295
2021-07-16,무,393,259,501,13,0,0,5,5,370
2021-07-15,무,258,393,380,21,0,1,9,0,228
2021-07-14,무,393,445,491,34,0,0,7,15,337
2021-07-13,무,446,449,573,25,0,0,4,0,416
2021-07-12,무,449,0,0,33,0,0,4,20,392
2021-07-10,무,410,471,564,18,0,0,0,5,387
2021-07-09,무,470,585,366,34,0,0,5,24,408
2021-07-08,무,584,426,552,42,0,0,6,16,521
2021-07-07,무,426,500,509,12,0,0,6,16,392
2021-07-06,무,500,398,801,40,0,0,18,15,427
2021-07-05,무,398,0,0,11,0,0,8,22,357
2021-07-03,무,380,358,446,25,0,0,15,5,335
2021-07-02,무,358,424,478,0,0,0,9,15,334
2021-07-01,무,424,446,402,28,0,0,15,5,376
2021-06-30,무,446,345,336,33,0,0,4,15,394
2021-06-29,무,345,366,529,27,0,0,11,10,297
2021-06-28,무,366,0,0,26,0,0,14,10,316
2021-06-26,무,559,530,454,33,0,0,9,9,508
2021-06-25,무,530,318,416,41,0,0,0,15,474
2021-06-24,무,318,461,420,39,0,0,10,13,256
2021-06-23,무,460,503,413,31,0,0,8,5,417
2021-06-22,무,503,548,541,33,0,0,6,5,459
2021-06-21,무,548,0,0,34,0,0,16,21,477
2021-06-19,무,335,522,350,9,0,0,9,5,313
2021-06-18,무,523,413,475,52,0,0,4,31,435
2021-06-17,무,412,375,523,12,0,0,10,25,366
2021-06-16,무,375,628,477,28,0,0,5,16,326
2021-06-15,무,627,622,580,57,5,0,20,20,526
2021-06-14,무,622,0,0,59,0,0,15,26,522
2021-06-12,무,271,519,382,15,0,0,3,20,233
2021-06-11,무,519,511,448,45,0,0,10,20,444
2021-06-10,무,511,537,526,24,0,0,10,22,455
2021-06-09,무,537,653,396,35,0,0,12,41,449
2021-06-08,무,653,552,510,46,0,0,10,37,560
2021-06-07,무,552,0,0,40,0,0,8,29,475
2021-06-05,무,383,526,458,28,0,0,8,0,348
2021-06-04,무,526,478,510,39,0,0,10,4,473
2021-06-03,무,478,440,655,45,0,0,9,17,407
2021-06-02,무,440,510,440,31,0,0,9,11,389
2021-06-01,무,510,626,505,41,0,0,14,10,445
2021-05-31,무,625,0,0,51,0,0,11,9,555
2021-05-29,무,414,540,424,30,0,0,6,6,371
2021-05-28,무,539,449,569,46,0,0,9,8,477
2021-05-27,무,449,590,684,28,0,0,12,6,403
2021-05-26,무,590,630,702,34,0,0,13,0,543
2021-05-25,무,629,676,598,41,1,0,11,14,563
2021-05-24,무,676,0,0,41,0,0,15,4,616
2021-05-22,무,322,416,423,19,0,1,7,8,287
2021-05-21,무,417,447,595,12,0,0,15,4,385
2021-05-20,무,447,547,553,11,0,0,7,0,429
2021-05-19,무,547,539,585,57,0,0,10,13,467
2021-05-18,무,539,623,684,27,0,0,10,33,469
2021-05-17,무,623,0,0,44,0,0,11,44,524
2021-05-15,무,364,510,528,26,0,0,14,14,309
2021-05-14,무,510,541,612,38,0,0,0,18,454
2021-05-13,무,541,579,598,40,0,0,10,23,468
2021-05-12,무,579,507,615,50,0,0,10,31,488
2021-05-11,무,507,546,698,37,0,0,12,25,433
2021-05-10,무,545,0,0,60,0,0,12,39,435
2021-05-08,무,345,462,595,33,0,0,4,25,284
2021-05-07,무,462,472,492,42,0,0,12,26,382
2021-05-06,무,472,570,511,43,0,0,4,21,404
2021-05-05,무,571,665,527,43,0,0,6,26,495
2021-05-04,무,664,653,540,47,0,0,13,29,576
2021-05-03,무,652,0,0,47,0,0,11,43,552
2021-05-01,무,221,581,538,18,0,0,2,14,187
2021-04-30,무,581,506,510,30,0,0,4,24,523
2021-04-29,무,505,360,633,32,0,0,10,23,441
2021-04-28,무,361,500,549,16,0,0,6,26,312
2021-04-27,무,500,573,602,33,0,0,9,22,436
2021-04-26,무,573,0,0,39,0,0,11,40,483
2021-04-24,무,364,543,438,21,0,0,0,12,330
2021-04-23,무,543,487,536,31,0,0,11,27,474
2021-04-22,무,487,496,444,17,0,0,8,42,420
2021-04-21,무,496,717,450,14,0,0,11,19,452
2021-04-20,무,717,631,474,37,0,0,10,59,611
2021-04-19,무,632,0,0,65,0,4,9,34,519
2021-04-17,무,665,534,564,60,0,0,5,23,577
2021-04-16,무,534,364,697,51,0,4,11,45,423
2021-04-15,무,364,331,639,8,0,0,11,9,336
2021-04-14,무,331,536,381,25,0,0,10,27,269
2021-04-13,무,537,607,473,38,0,4,13,15,466
2021-04-12,무,607,0,0,40,0,4,9,41,513
2021-04-10,무,576,579,384,42,0,4,0,23,507
2021-04-09,무,579,531,459,32,0,4,9,53,481
2021-04-08,무,530,447,519,43,0,0,16,20,452
2021-04-07,무,447,400,654,43,0,0,9,19,376
2021-04-06,무,399,560,694,17,0,0,12,15,356
2021-04-05,무,560,0,0,51,0,4,10,29,466
2021-04-03,무,464,450,488,32,0,4,4,21,403
2021-04-02,무,450,668,493,54,0,4,4,18,370
2021-04-01,무,667,664,411,42,0,4,12,26,584
2021-03-31,무,663,434,607,71,0,4,12,29,548
2021-03-30,무,434,450,771,39,0,0,12,16,367
2021-03-29,무,450,0,0,14,0,0,10,10,416
2021-03-27,무,319,501,625,8,0,0,4,10,297
2021-03-26,무,501,603,571,42,0,0,0,36,423
2021-03-25,무,602,668,558,50,0,4,6,25,518
2021-03-24,무,667,668,432,75,0,0,12,28,553
2021-03-23,무,667,740,447,70,0,4,9,60,525
2021-03-22,무,739,0,0,62,0,0,20,38,620
2021-03-20,무,637,613,464,38,0,0,6,54,540
2021-03-19,무,614,487,517,40,0,0,16,33,524
2021-03-18,무,487,479,536,27,0,0,17,25,418
2021-03-17,무,480,383,527,33,0,0,12,29,405
2021-03-16,무,383,452,683,30,0,0,10,23,320
2021-03-15,무,452,0,0,16,0,0,9,8,419
2021-03-13,무,450,606,620,24,0,0,0,19,407
2021-03-12,무,607,553,520,41,0,4,4,21,536
2021-03-11,무,552,660,375,68,0,9,13,30,433
2021-03-10,무,659,878,527,55,0,9,13,30,553
2021-03-09,무,878,756,592,70,0,9,13,49,737
2021-03-08,무,756,0,0,50,0,9,15,46,636
2021-03-06,무,624,699,697,45,0,0,5,29,545
2021-03-05,무,699,541,565,39,2,0,13,31,614
2021-03-04,무,541,603,423,33,4,0,18,29,457
2021-03-03,무,604,588,355,25,3,0,10,29,536
2021-03-02,무,587,386,459,35,4,0,15,44,490
2021-03-01,무,386,0,0,6,0,0,13,19,348
2021-02-27,무,422,489,597,27,4,0,10,17,364
2021-02-26,무,489,683,711,26,0,0,17,23,423
2021-02-25,무,683,904,716,40,0,0,9,42,592
2021-02-24,무,904,831,726,79,4,0,12,59,750
2021-02-23,무,831,720,0,89,4,0,11,62,665
2021-02-22,무,720,0,643,70,4,0,15,37,594
2021-02-20,무,377,451,468,30,0,0,2,10,335
2021-02-19,무,451,519,485,30,9,0,20,25,367
2021-02-18,무,519,421,467,35,0,9,4,38,433
2021-02-17,무,421,356,620,39,0,4,4,23,351
2021-02-16,무,357,467,0,31,4,8,15,23,275
2021-02-15,무,467,0,358,26,4,13,9,19,396
2021-02-11,무,166,675,416,4,0,0,0,0,162
2021-02-10,무,675,932,616,21,4,0,8,26,616
2021-02-09,무,933,"1,043",0,73,4,10,12,60,773
2021-02-08,무,1043,0,298,81,4,12,13,70,863
2021-02-06,무,769,668,504,67,4,9,9,34,647
2021-02-05,무,667,641,577,74,9,9,10,56,510
2021-02-04,무,641,614,633,50,0,0,11,39,541
2021-02-03,무,614,794,524,24,4,0,14,34,538
2021-02-02,무,794,896,0,41,0,9,13,43,688
2021-02-01,무,896,0,259,78,0,13,11,40,754
2021-01-30,무,493,583,587,34,0,9,0,18,432
2021-01-29,무,582,533,731,72,0,9,5,20,477
2021-01-28,무,533,552,444,44,0,9,4,30,446
2021-01-27,무,551,568,0,30,0,9,9,45,459
2021-01-26,무,568,579,0,25,0,9,5,52,477
2021-01-25,무,578,0,0,27,0,0,9,38,505
2021-01-23,무,510,541,682,29,0,9,0,38,434
2021-01-22,무,541,564,540,34,6,9,12,29,451
2021-01-21,무,563,591,639,90,0,9,8,30,427
2021-01-20,무,591,659,847,64,0,9,19,30,469
2021-01-19,무,659,724,0,103,0,0,9,49,498
2021-01-18,무,724,0,769,42,0,9,13,43,617
2021-01-16,무,597,593,705,45,0,4,4,27,516
2021-01-15,무,593,586,528,19,0,0,10,20,544
2021-01-14,무,587,491,718,10,0,4,4,8,560
2021-01-13,무,491,488,884,15,0,0,14,13,449
2021-01-12,무,488,589,0,38,0,0,17,17,416
2021-01-11,무,589,0,439,52,2,0,17,15,503
2021-01-09,무,49,289,734,9,0,0,0,0,41
2021-01-08,무,289,467,673,24,0,0,4,17,244
2021-01-07,무,468,545,686,34,0,0,6,29,398
2021-01-06,무,545,662,843,40,0,0,19,17,469
2021-01-05,무,662,757,0,22,2,0,18,26,594
2021-01-04,무,756,0,569,39,0,0,20,31,667
2020-12-31,무,416,440,412,23,0,0,6,7,379
2020-12-30,무,440,344,399,16,0,5,13,3,403
2020-12-29,무,344,619,0,17,4,0,9,0,314
2020-12-28,무,620,0,280,53,0,0,16,39,511
2020-12-26,무,234,403,447,15,0,0,0,4,215
2020-12-25,무,403,447,433,51,0,0,6,20,326
2020-12-24,무,447,592,497,42,0,0,5,17,383
2020-12-23,무,593,511,519,45,0,0,26,47,474
2020-12-22,무,512,556,0,43,0,0,4,25,439
2020-12-21,무,556,0,368,32,0,12,28,33,451
2020-12-19,무,482,436,406,25,0,0,0,0,457
2020-12-18,무,436,201,347,28,0,12,10,10,376
2020-12-17,무,201,263,366,16,0,0,12,14,159
2020-12-16,무,264,280,348,34,0,0,5,11,213
2020-12-15,무,281,65,0,22,0,0,4,14,240
2020-12-14,무,64,0,261,14,0,0,21,30,0
2020-12-12,무,362,421,406,28,0,10,0,20,304
2020-12-11,무,420,250,474,21,0,0,12,19,369
2020-12-10,무,250,379,452,27,0,0,0,3,220
2020-12-09,무,379,377,364,22,0,0,0,18,339
2020-12-08,무,378,433,0,20,0,0,0,14,343
2020-12-07,무,432,0,163,21,0,0,19,14,379
2020-12-05,무,330,451,314,16,0,0,6,20,288
2020-12-04,무,451,332,269,10,0,2,0,10,429
2020-12-03,무,331,220,207,25,0,0,3,13,291
2020-12-02,무,220,319,327,10,0,0,5,0,205
2020-12-01,무,319,448,0,20,0,1,0,0,298
2020-11-30,무,449,0,294,10,0,0,4,10,424
2020-11-28,무,274,348,307,11,0,2,5,30,226
2020-11-27,무,348,415,192,25,0,0,14,39,270
2020-11-26,무,416,352,292,50,0,0,5,20,340
2020-11-25,무,352,450,266,30,0,1,5,20,296
2020-11-24,무,450,425,0,40,0,0,0,43,367
2020-11-23,무,424,0,361,20,0,0,16,17,372
2020-11-21,무,385,294,187,0,0,0,0,10,375
2020-11-20,무,294,327,337,41,0,0,19,0,234
2020-11-19,무,328,544,482,15,0,0,8,0,304
2020-11-18,무,544,320,303,35,0,0,10,0,499
2020-11-17,무,320,521,0,32,0,0,3,20,265
2020-11-16,무,521,0,279,31,0,0,13,40,437
2020-11-14,무,368,344,209,52,0,1,5,50,260
2020-11-13,무,344,434,210,35,0,0,8,65,236
2020-11-12,무,434,332,291,36,0,0,10,32,356
2020-11-11,무,333,564,383,52,0,0,5,20,255
2020-11-10,무,565,611,0,31,0,0,5,15,513
2020-11-09,무,611,0,358,38,0,0,4,39,530
2020-11-07,무,489,536,453,35,0,2,5,21,426
2020-11-06,무,536,399,397,43,0,2,4,3,484
2020-11-05,무,399,491,276,27,0,1,0,5,366
2020-11-04,무,490,491,497,21,0,2,5,19,444
2020-11-03,무,491,458,0,19,0,0,10,32,430
2020-11-02,무,457,0,402,46,0,0,10,37,365
2020-10-31,무,581,548,482,47,0,0,0,29,505
2020-10-30,무,548,527,313,26,0,0,12,33,477
2020-10-29,무,526,691,476,48,0,2,0,27,450
2020-10-28,무,691,621,445,50,0,0,16,33,592
2020-10-27,무,622,719,0,49,0,0,16,43,513
2020-10-26,무,720,0,473,41,0,1,11,52,614
2020-10-24,무,719,743,475,43,0,1,1,28,646
2020-10-23,무,743,641,554,45,0,2,10,64,622
2020-10-22,무,642,538,492,41,0,6,12,43,539
2020-10-21,무,538,617,571,51,0,1,9,33,444
2020-10-20,무,618,924,0,63,0,12,12,34,496
2020-10-19,무,925,0,394,46,0,11,20,61,786
2020-10-17,무,756,575,619,56,0,13,5,28,654
2020-10-16,무,574,689,483,41,0,0,1,24,509
2020-10-15,무,689,630,524,30,0,0,12,24,623
2020-10-14,무,630,688,598,54,0,12,14,14,536
2020-10-13,무,688,871,0,52,0,1,12,25,598
2020-10-12,무,871,0,449,51,0,0,15,48,757
2020-10-10,무,554,655,494,51,0,0,0,22,481
2020-10-09,무,655,681,650,62,0,0,12,41,540
2020-10-08,무,682,950,510,54,0,0,12,40,575
2020-10-07,무,950,845,695,54,0,0,23,43,830
2020-10-06,무,845,797,0,55,0,0,2,37,751
2020-10-05,무,797,0,483,52,0,2,11,26,706
2020-09-30,무,685,"1,034",431,0,0,0,15,17,653
2020-09-29,무,1034,"1,187",0,55,0,0,22,30,927
2020-09-28,무,1188,0,366,33,0,0,33,51,1070
2020-09-26,무,715,811,708,49,0,0,8,20,638
2020-09-25,무,810,772,714,32,0,0,14,30,735
2020-09-24,무,773,883,449,25,0,0,10,46,691
2020-09-23,무,884,860,663,24,0,0,10,32,817
2020-09-22,무,860,"1,103",0,25,0,9,14,32,780
2020-09-21,무,1103,0,512,44,0,11,12,25,1011
2020-09-19,무,771,811,592,45,0,10,0,11,706
2020-09-18,무,812,625,528,44,0,10,14,31,712
2020-09-17,무,625,820,738,11,0,0,10,31,573
2020-09-16,무,820,742,827,20,0,0,12,21,767
2020-09-15,무,741,636,0,31,0,0,10,20,681
2020-09-14,무,637,0,0,30,0,0,10,30,566
2020-09-12,무,679,601,313,31,0,0,0,20,628
2020-09-11,무,602,574,946,30,0,0,10,10,551
2020-09-10,무,574,764,957,10,0,0,6,10,548
2020-09-09,무,764,524,"1,156",31,0,0,5,20,708
2020-09-08,무,524,768,0,0,0,0,6,11,507
2020-09-07,무,768,0,564,20,0,0,10,10,728
2020-09-05,무,637,455,690,23,0,0,0,20,594
2020-09-04,무,455,382,642,10,0,0,0,0,445
2020-09-03,무,382,474,680,10,0,0,12,0,360
2020-09-02,무,474,635,849,22,0,0,12,8,432
2020-09-01,무,635,604,0,31,0,0,10,29,565
2020-08-31,무,604,0,576,10,0,0,10,17,567
2020-08-29,무,493,513,551,10,0,0,0,22,461
2020-08-28,무,514,487,557,0,0,0,10,0,503
2020-08-27,무,487,500,507,21,0,0,10,0,456
2020-08-26,무,501,599,623,20,2,0,10,13,455
2020-08-25,무,599,489,0,22,10,0,10,15,542
2020-08-24,무,489,0,492,27,0,0,12,15,435
2020-08-22,무,392,560,473,26,20,0,5,5,336
2020-08-21,무,560,442,557,40,0,0,10,0,510
2020-08-20,무,442,532,595,27,0,0,12,0,403
2020-08-19,무,532,566,588,31,20,0,11,10,460
2020-08-18,무,566,430,0,20,10,0,12,0,524
2020-08-17,무,430,0,372,20,0,1,12,10,387
2020-08-15,무,503,600,431,36,10,0,6,11,439
2020-08-14,무,600,838,509,36,0,0,12,32,520
2020-08-13,무,838,521,623,67,0,0,12,40,719
2020-08-12,무,522,554,500,31,0,0,10,10,470
2020-08-11,무,554,493,0,24,0,0,10,32,488
2020-08-10,무,493,0,350,20,0,0,10,16,447
2020-08-08,무,809,317,382,51,0,0,6,23,729
2020-08-07,무,318,347,587,34,0,0,6,0,277
2020-08-06,무,347,472,684,36,0,0,6,10,295
2020-08-05,무,472,494,672,30,0,0,10,27,405
2020-08-04,무,493,580,0,35,0,0,11,17,431
2020-08-03,무,580,0,0,33,0,0,6,20,521
2020-07-31,무,563,501,514,17,0,0,0,10,536
2020-07-30,무,501,514,672,36,0,0,7,20,438
2020-07-29,무,514,458,435,41,4,2,8,15,444
2020-07-28,무,458,728,0,31,0,2,7,10,408
2020-07-27,무,727,0,141,61,0,1,7,44,615
2020-07-25,무,275,454,507,10,0,0,0,0,265
2020-07-24,무,454,475,518,33,0,0,6,21,394
2020-07-23,무,474,670,578,42,0,0,9,10,414
2020-07-22,무,671,297,409,44,0,0,6,30,590
2020-07-21,무,297,562,0,22,0,0,5,0,270
2020-07-20,무,562,0,491,35,0,0,10,20,497
2020-07-18,무,565,587,548,21,0,1,0,40,503
2020-07-17,무,587,501,389,24,0,0,3,42,518
2020-07-16,무,501,380,408,33,0,0,16,31,421
2020-07-15,무,380,491,611,40,0,1,5,17,317
2020-07-14,무,491,573,0,35,0,1,0,38,417
2020-07-13,무,573,0,319,56,0,0,10,41,466
2020-07-11,무,386,564,347,11,0,0,0,23,352
2020-07-10,무,564,366,450,8,0,0,5,27,524
2020-07-09,무,366,552,409,20,0,0,0,27,319
2020-07-08,무,552,509,419,14,0,0,10,15,513
2020-07-07,무,510,801,0,14,10,1,5,21,458
2020-07-06,무,801,0,341,42,0,10,5,60,684
2020-07-04,무,427,446,401,21,0,1,0,14,392
2020-07-03,무,446,478,556,23,0,0,0,27,396
2020-07-02,무,479,402,511,20,10,0,8,20,420
2020-07-01,무,402,336,548,30,0,0,10,27,335
2020-06-30,무,336,529,0,23,0,0,6,10,297
2020-06-29,무,529,0,632,21,0,10,10,41,447
2020-06-27,무,494,454,421,31,0,0,0,10,453
2020-06-26,무,454,416,471,30,0,0,7,10,407
2020-06-25,무,417,420,567,30,0,0,12,10,364
2020-06-24,무,421,413,369,10,0,0,10,0,400
2020-06-23,무,414,541,0,46,0,0,-5,31,341
2020-06-22,무,541,0,458,54,0,0,19,22,446
2020-06-20,무,374,350,483,10,0,0,0,0,364
2020-06-19,무,350,475,484,27,0,0,0,16,307
2020-06-18,무,475,523,437,32,21,0,12,10,400
2020-06-17,무,523,477,412,41,0,0,7,10,465
2020-06-16,무,477,580,0,20,0,0,16,10,431
2020-06-15,무,581,0,334,22,17,0,10,37,494
2020-06-13,무,383,382,505,32,0,0,0,21,330
2020-06-12,무,382,448,669,26,0,0,5,30,321
2020-06-11,무,448,526,522,38,0,0,11,16,383
2020-06-10,무,527,396,597,33,4,0,12,31,446
2020-06-09,무,396,510,0,27,13,0,7,3,346
2020-06-08,무,510,0,432,23,0,0,6,16,465
2020-06-06,무,273,458,452,15,3,0,0,21,234
2020-06-05,무,459,510,402,45,11,0,11,26,365
2020-06-04,무,511,655,440,51,6,0,12,25,416
2020-06-03,무,655,440,483,43,21,0,7,35,549
2020-06-02,무,440,505,0,32,0,0,6,18,384
2020-06-01,무,505,0,470,26,0,0,30,18,431
2020-05-30,무,334,424,575,21,4,0,0,17,292
2020-05-29,무,424,569,635,32,9,0,6,28,349
2020-05-28,무,568,684,440,48,9,0,8,47,457
2020-05-27,무,683,702,554,51,9,0,10,50,564
2020-05-26,무,703,598,0,39,9,0,15,42,597
2020-05-25,무,597,0,320,28,0,0,8,33,529
2020-05-23,무,340,423,609,33,0,0,4,29,273
2020-05-22,무,423,595,576,42,0,12,4,38,327
2020-05-21,무,595,553,594,47,0,12,8,28,500
2020-05-20,무,552,585,724,48,0,12,8,34,451
2020-05-19,무,586,684,0,56,0,0,5,28,496
2020-05-18,무,683,0,396,58,0,9,12,36,569
2020-05-16,무,278,528,478,29,0,0,4,17,228
2020-05-15,무,527,612,431,49,0,0,9,31,439
2020-05-14,무,613,598,567,24,0,0,5,48,535
2020-05-13,무,598,615,577,49,0,0,12,60,477
2020-05-12,무,616,698,0,66,0,0,9,64,476
2020-05-11,무,699,0,325,43,0,2,13,39,601
2020-05-09,무,442,595,433,45,0,0,4,48,345
2020-05-08,무,595,492,519,91,0,0,6,37,461
2020-05-07,무,492,511,553,30,0,0,11,37,414
2020-05-06,무,511,527,617,26,0,0,11,37,437
2020-05-05,무,526,540,0,53,0,4,12,38,420
2020-05-04,무,540,0,370,34,0,8,11,16,471
2020-05-02,무,325,538,472,12,0,0,0,16,297
2020-05-01,무,537,510,405,41,0,4,9,9,475
2020-04-30,무,509,633,475,30,4,8,11,44,413
2020-04-29,무,633,549,507,58,4,1,9,48,513
2020-04-28,무,549,602,0,48,4,0,11,40,446
2020-04-27,무,602,0,299,41,0,0,16,43,502
2020-04-25,무,368,438,527,26,0,0,0,27,315
2020-04-24,무,438,536,385,46,0,0,11,13,368
2020-04-23,무,535,444,466,52,0,0,9,29,446
2020-04-22,무,445,450,451,20,0,0,11,12,401
2020-04-21,무,450,474,0,22,0,0,9,16,403
2020-04-20,무,473,0,489,41,0,0,13,27,393
2020-04-18,무,330,564,507,51,0,0,0,40,238
2020-04-17,무,564,697,654,58,0,0,8,42,456
2020-04-16,무,697,639,620,63,0,0,13,34,587
2020-04-15,무,638,381,643,47,0,0,10,34,548
2020-04-14,무,381,473,0,12,0,0,8,10,351
2020-04-13,무,473,0,351,25,0,0,16,13,419
2020-04-11,무,293,384,397,30,0,0,0,22,242
2020-04-10,무,385,459,410,37,0,4,0,26,317
2020-04-09,무,461,519,515,44,0,4,4,33,374