DATE,품목명,단위,등급명,평균가격,전일대비_가격차이,전일대비_가격변화율(%),공휴일여부,일요일여부
2020-04-09,토마토,5키로상자,상,16905,16905,0.0,0,0
2020-04-10,토마토,5키로상자,상,15586,15586,0.0,0,0
2020-04-11,토마토,5키로상자,상,14286,-1300,-8.34081868343385,0,0
2020-04-12,토마토,5키로상자,상,0,0,0.0,0,1
2020-04-13,토마토,5키로상자,상,14771,14771,0.0,0,0
2020-04-14,토마토,5키로상자,상,14359,-412,-2.789249204522375,0,0
2020-04-15,토마토,5키로상자,상,13052,-1307,-9.102305174455044,0,0
2020-04-16,토마토,5키로상자,상,13177,125,0.957707631014404,0,0
2020-04-17,토마토,5키로상자,상,13056,-121,-0.9182666767853076,0,0
2020-04-18,토마토,5키로상자,상,12462,-594,-4.549632352941177,0,0
2020-04-19,토마토,5키로상자,상,0,0,0.0,0,1
2020-04-20,토마토,5키로상자,상,12872,12872,0.0,0,0
2020-04-21,토마토,5키로상자,상,11757,-1115,-8.662212554381602,0,0
2020-04-22,토마토,5키로상자,상,13851,2094,17.810665986220975,0,0
2020-04-23,토마토,5키로상자,상,13740,-111,-0.8013861815031406,0,0
2020-04-24,토마토,5키로상자,상,11921,-1819,-13.23871906841339,0,0
2020-04-25,토마토,5키로상자,상,11422,-499,-4.18589044543243,0,0
2020-04-26,토마토,5키로상자,상,0,0,0.0,0,1
2020-04-27,토마토,5키로상자,상,12293,12293,0.0,0,0
2020-04-28,토마토,5키로상자,상,11299,-994,-8.085902546164483,0,0
2020-04-29,토마토,5키로상자,상,11922,623,5.513762279847774,0,0
2020-04-30,토마토,5키로상자,상,12857,935,7.842643851702734,0,0
2020-05-01,토마토,5키로상자,상,10389,-2468,-19.19576884187602,0,0
2020-05-02,토마토,5키로상자,상,10370,10370,0.0,0,0
2020-05-03,,,,0,0,0.0,0,1
2020-05-04,토마토,5키로상자,상,9181,9181,0.0,0,0
2020-05-05,토마토,5키로상자,상,7299,7299,0.0,0,0
2020-05-06,토마토,5키로상자,상,7224,7224,0.0,0,0
2020-05-07,토마토,5키로상자,상,7012,7012,0.0,0,0
2020-05-08,토마토,5키로상자,상,6921,6921,0.0,0,0
2020-05-09,토마토,5키로상자,상,6261,6261,0.0,0,0
2020-05-10,,,,0,0,0.0,0,1
2020-05-11,토마토,5키로상자,상,6294,6294,0.0,0,0
2020-05-12,토마토,5키로상자,상,5269,-1025,-16.285351128058466,0,0
2020-05-13,토마토,5키로상자,상,6401,1132,21.484152590624404,0,0
2020-05-14,토마토,5키로상자,상,6391,-10,-0.1562255897516013,0,0
2020-05-15,토마토,5키로상자,상,6811,420,6.571741511500548,0,0
2020-05-16,토마토,5키로상자,상,6639,-172,-2.525326677433563,0,0
2020-05-17,토마토,5키로상자,상,0,0,0.0,0,1
2020-05-18,토마토,5키로상자,상,6984,6984,0.0,0,0
2020-05-19,토마토,5키로상자,상,7479,495,7.087628865979381,0,0
2020-05-20,토마토,5키로상자,상,8688,1209,16.165262735659848,0,0
2020-05-21,토마토,5키로상자,상,9794,1106,12.730202578268877,0,0
2020-05-22,토마토,5키로상자,상,10257,463,4.727384112722074,0,0
2020-05-23,토마토,5키로상자,상,10395,138,1.3454226381983034,0,0
2020-05-24,토마토,5키로상자,상,0,0,0.0,0,1
2020-05-25,토마토,5키로상자,상,10068,10068,0.0,0,0
2020-05-26,토마토,5키로상자,상,9324,-744,-7.389749702026221,0,0
2020-05-27,토마토,5키로상자,상,9172,-152,-1.6302016302016304,0,0
2020-05-28,토마토,5키로상자,상,9644,472,5.146096816397732,0,0
2020-05-29,토마토,5키로상자,상,9283,-361,-3.743260058067192,0,0
2020-05-30,토마토,5키로상자,상,9367,84,0.904879887967252,0,0
2020-05-31,토마토,5키로상자,상,0,0,0.0,0,1
2020-06-01,토마토,5키로상자,상,9040,9040,0.0,0,0
2020-06-02,토마토,5키로상자,상,8513,8513,0.0,0,0
2020-06-03,토마토,5키로상자,상,8447,8447,0.0,0,0
2020-06-04,토마토,5키로상자,상,8596,8596,0.0,0,0
2020-06-05,토마토,5키로상자,상,8657,8657,0.0,0,0
2020-06-06,토마토,5키로상자,상,7786,7786,0.0,0,0
2020-06-07,,,,0,0,0.0,0,1
2020-06-08,토마토,5키로상자,상,7698,7698,0.0,0,0
2020-06-09,토마토,5키로상자,상,6825,6825,0.0,0,0
2020-06-10,토마토,5키로상자,상,7524,7524,0.0,0,0
2020-06-11,토마토,5키로상자,상,6997,-527,-7.004253056884637,0,0
2020-06-12,토마토,5키로상자,상,6450,-547,-7.817636129769902,0,0
2020-06-13,토마토,5키로상자,상,5911,-539,-8.356589147286822,0,0
2020-06-14,토마토,5키로상자,상,0,0,0.0,0,1
2020-06-15,토마토,5키로상자,상,5889,5889,0.0,0,0
2020-06-16,토마토,5키로상자,상,5430,-459,-7.794192562404483,0,0
2020-06-17,토마토,5키로상자,상,5552,122,2.246777163904236,0,0
2020-06-18,토마토,5키로상자,상,5134,-418,-7.528818443804035,0,0
2020-06-19,토마토,5키로상자,상,5904,770,14.998052201012854,0,0
2020-06-20,토마토,5키로상자,상,6134,230,3.895663956639566,0,0
2020-06-21,토마토,5키로상자,상,0,0,0.0,0,1
2020-06-22,토마토,5키로상자,상,6655,6655,0.0,0,0
2020-06-23,토마토,5키로상자,상,8598,1943,29.196093163035314,0,0
2020-06-24,토마토,5키로상자,상,13155,4557,53.00069783670621,0,0
2020-06-25,토마토,5키로상자,상,21132,7977,60.63854047890536,0,0
2020-06-26,토마토,5키로상자,상,17819,-3313,-15.677645277304562,0,0
2020-06-27,토마토,5키로상자,상,14594,-3225,-18.098658735058084,0,0
2020-06-28,토마토,5키로상자,상,0,0,0.0,0,1
2020-06-29,토마토,5키로상자,상,9723,9723,0.0,0,0
2020-06-30,토마토,5키로상자,상,8807,-916,-9.420960608865576,0,0
2020-07-01,토마토,5키로상자,상,9066,259,2.9408425116384693,0,0
2020-07-02,토마토,5키로상자,상,8623,8623,0.0,0,0
2020-07-03,토마토,5키로상자,상,9717,9717,0.0,0,0
2020-07-04,토마토,5키로상자,상,10653,10653,0.0,0,0
2020-07-05,,,,0,0,0.0,0,1
2020-07-06,토마토,5키로상자,상,9703,9703,0.0,0,0
2020-07-07,토마토,5키로상자,상,10314,10314,0.0,0,0
2020-07-08,토마토,5키로상자,상,10699,10699,0.0,0,0
2020-07-09,토마토,5키로상자,상,11652,11652,0.0,0,0
2020-07-10,토마토,5키로상자,상,13319,13319,0.0,0,0
2020-07-11,토마토,5키로상자,상,13573,254,1.9070500788347475,0,0
2020-07-12,토마토,5키로상자,상,0,0,0.0,0,1
2020-07-13,토마토,5키로상자,상,11961,11961,0.0,0,0
2020-07-14,토마토,5키로상자,상,12633,672,5.618259342864309,0,0
2020-07-15,토마토,5키로상자,상,12769,136,1.0765455552916965,0,0
2020-07-16,토마토,5키로상자,상,12513,-256,-2.0048555094369176,0,0
2020-07-17,토마토,5키로상자,상,13812,1299,10.381203548309758,0,0
2020-07-18,토마토,5키로상자,상,15218,1406,10.179554011004925,0,0
2020-07-19,토마토,5키로상자,상,0,0,0.0,0,1
2020-07-20,토마토,5키로상자,상,15060,15060,0.0,0,0
2020-07-21,토마토,5키로상자,상,15729,669,4.442231075697211,0,0
2020-07-22,토마토,5키로상자,상,17810,2081,13.23033886451777,0,0
2020-07-23,토마토,5키로상자,상,21157,3347,18.79281302638967,0,0
2020-07-24,토마토,5키로상자,상,24849,3692,17.45048919979203,0,0
2020-07-25,토마토,5키로상자,상,22812,-2037,-8.197512978389472,0,0
2020-07-26,토마토,5키로상자,상,0,0,0.0,0,1
2020-07-27,토마토,5키로상자,상,21785,21785,0.0,0,0
2020-07-28,토마토,5키로상자,상,20097,-1688,-7.748450768877668,0,0
2020-07-29,토마토,5키로상자,상,18572,-1525,-7.588197243369657,0,0
2020-07-30,토마토,5키로상자,상,17745,-827,-4.452939909541245,0,0
2020-07-31,토마토,5키로상자,상,20898,3153,17.768385460693153,0,0
2020-08-01,토마토,5키로상자,상,0,0,0.0,0,0
2020-08-02,,,,0,0,0.0,0,1
2020-08-03,토마토,5키로상자,상,13492,13492,0.0,0,0
2020-08-04,토마토,5키로상자,상,11065,11065,0.0,0,0
2020-08-05,토마토,5키로상자,상,9726,9726,0.0,0,0
2020-08-06,토마토,5키로상자,상,9859,9859,0.0,0,0
2020-08-07,토마토,5키로상자,상,10809,10809,0.0,0,0
2020-08-08,토마토,5키로상자,상,9316,9316,0.0,0,0
2020-08-09,,,,0,0,0.0,0,1
2020-08-10,토마토,5키로상자,상,9087,9087,0.0,0,0
2020-08-11,토마토,5키로상자,상,9063,-24,-0.2641135688345989,0,0
2020-08-12,토마토,5키로상자,상,10109,1046,11.541432196844312,0,0
2020-08-13,토마토,5키로상자,상,10416,307,3.036897813829261,0,0
2020-08-14,토마토,5키로상자,상,10237,-179,-1.7185099846390168,0,0
2020-08-15,토마토,5키로상자,상,10597,360,3.5166552700986617,0,0
2020-08-16,토마토,5키로상자,상,0,0,0.0,0,1
2020-08-17,토마토,5키로상자,상,9431,9431,0.0,0,0
2020-08-18,토마토,5키로상자,상,8632,-799,-8.47206022691125,0,0
2020-08-19,토마토,5키로상자,상,7759,-873,-10.113531047265989,0,0
2020-08-20,토마토,5키로상자,상,7735,-24,-0.3093182111096791,0,0
2020-08-21,토마토,5키로상자,상,8952,1217,15.733678086619262,0,0
2020-08-22,토마토,5키로상자,상,9826,874,9.763181411974978,0,0
2020-08-23,토마토,5키로상자,상,0,0,0.0,0,1
2020-08-24,토마토,5키로상자,상,10500,10500,0.0,0,0
2020-08-25,토마토,5키로상자,상,10789,289,2.7523809523809524,0,0
2020-08-26,토마토,5키로상자,상,11865,1076,9.973120771155806,0,0
2020-08-27,토마토,5키로상자,상,15006,3141,26.47281921618205,0,0
2020-08-28,토마토,5키로상자,상,19235,4229,28.18206050912968,0,0
2020-08-29,토마토,5키로상자,상,29358,10123,52.62802183519626,0,0
2020-08-30,토마토,5키로상자,상,0,0,0.0,0,1
2020-08-31,토마토,5키로상자,상,22155,22155,0.0,0,0
2020-09-01,토마토,5키로상자,상,20830,-1325,-5.980591288648161,0,0
2020-09-02,토마토,5키로상자,상,17508,17508,0.0,0,0
2020-09-03,토마토,5키로상자,상,18767,18767,0.0,0,0
2020-09-04,토마토,5키로상자,상,22846,22846,0.0,0,0
2020-09-05,토마토,5키로상자,상,20257,20257,0.0,0,0
2020-09-06,,,,0,0,0.0,0,1
2020-09-07,토마토,5키로상자,상,19294,19294,0.0,0,0
2020-09-08,토마토,5키로상자,상,18184,18184,0.0,0,0
2020-09-09,토마토,5키로상자,상,20115,20115,0.0,0,0
2020-09-10,토마토,5키로상자,상,20910,20910,0.0,0,0
2020-09-11,토마토,5키로상자,상,23422,2512,12.013390722142516,0,0
2020-09-12,토마토,5키로상자,상,23099,-323,-1.379045341986167,0,0
2020-09-13,토마토,5키로상자,상,0,0,0.0,0,1
2020-09-14,토마토,5키로상자,상,27622,27622,0.0,0,0
2020-09-15,토마토,5키로상자,상,29313,1691,6.121931793497937,0,0
2020-09-16,토마토,5키로상자,상,41267,11954,40.78054105686897,0,0
2020-09-17,토마토,5키로상자,상,61059,19792,47.96084038093392,0,0
2020-09-18,토마토,5키로상자,상,61708,649,1.0629063692494145,0,0
2020-09-19,토마토,5키로상자,상,48948,-12760,-20.678032021779995,0,0
2020-09-20,토마토,5키로상자,상,0,0,0.0,0,1
2020-09-21,토마토,5키로상자,상,49311,49311,0.0,0,0
2020-09-22,토마토,5키로상자,상,41133,-8178,-16.584534890795158,0,0
2020-09-23,토마토,5키로상자,상,44351,3218,7.823402134539177,0,0
2020-09-24,토마토,5키로상자,상,39257,-5094,-11.485648576131316,0,0
2020-09-25,토마토,5키로상자,상,37573,-1684,-4.289680821254808,0,0
2020-09-26,토마토,5키로상자,상,38942,1369,3.6435738429191176,0,0
2020-09-27,토마토,5키로상자,상,0,0,0.0,0,1
2020-09-28,토마토,5키로상자,상,37621,37621,0.0,0,0
2020-09-29,토마토,5키로상자,상,32552,-5069,-13.473857685866935,0,0
2020-09-30,토마토,5키로상자,상,27150,-5402,-16.594986483165396,0,0
2020-10-01,토마토,5키로상자,상,0,0,0.0,0,0
2020-10-02,,,,0,0,0.0,0,0
2020-10-03,,,,0,0,0.0,0,0
2020-10-04,,,,0,0,0.0,0,1
2020-10-05,토마토,5키로상자,상,16999,16999,0.0,0,0
2020-10-06,토마토,5키로상자,상,20436,20436,0.0,0,0
2020-10-07,토마토,5키로상자,상,28090,28090,0.0,0,0
2020-10-08,토마토,5키로상자,상,28450,28450,0.0,0,0
2020-10-09,토마토,5키로상자,상,26163,26163,0.0,0,0
2020-10-10,토마토,5키로상자,상,25532,25532,0.0,0,0
2020-10-11,토마토,5키로상자,상,0,0,0.0,0,1
2020-10-12,토마토,5키로상자,상,31332,31332,0.0,0,0
2020-10-13,토마토,5키로상자,상,31038,-294,-0.938337801608579,0,0
2020-10-14,토마토,5키로상자,상,40031,8993,28.97416070623107,0,0
2020-10-15,토마토,5키로상자,상,37720,-2311,-5.773025904923684,0,0
2020-10-16,토마토,5키로상자,상,42259,4539,12.033404029692472,0,0
2020-10-17,토마토,5키로상자,상,29368,-12891,-30.504744551456493,0,0
2020-10-18,토마토,5키로상자,상,0,0,0.0,0,1
2020-10-19,토마토,5키로상자,상,29917,29917,0.0,0,0
2020-10-20,토마토,5키로상자,상,23245,-6672,-22.30170137380085,0,0
2020-10-21,토마토,5키로상자,상,25558,2313,9.9505269950527,0,0
2020-10-22,토마토,5키로상자,상,24080,-1478,-5.782925111511073,0,0
2020-10-23,토마토,5키로상자,상,26435,2355,9.779900332225914,0,0
2020-10-24,토마토,5키로상자,상,23592,-2843,-10.75468129373936,0,0
2020-10-25,토마토,5키로상자,상,0,0,0.0,0,1
2020-10-26,토마토,5키로상자,상,23491,23491,0.0,0,0
2020-10-27,토마토,5키로상자,상,21027,-2464,-10.489123494104124,0,0
2020-10-28,토마토,5키로상자,상,20736,-291,-1.3839349407904122,0,0
2020-10-29,토마토,5키로상자,상,18243,-2493,-12.022569444444445,0,0
2020-10-30,토마토,5키로상자,상,19723,1480,8.112700761936086,0,0
2020-10-31,토마토,5키로상자,상,19550,-173,-0.8771485068194494,0,0
2020-11-01,토마토,5키로상자,상,0,0,0.0,0,1
2020-11-02,토마토,5키로상자,상,18682,18682,0.0,0,0
2020-11-03,토마토,5키로상자,상,16337,16337,0.0,0,0
2020-11-04,토마토,5키로상자,상,17233,17233,0.0,0,0
2020-11-05,토마토,5키로상자,상,15896,15896,0.0,0,0
2020-11-06,토마토,5키로상자,상,15864,15864,0.0,0,0
2020-11-07,토마토,5키로상자,상,13022,13022,0.0,0,0
2020-11-08,,,,0,0,0.0,0,1
2020-11-09,토마토,5키로상자,상,13395,13395,0.0,0,0
2020-11-10,토마토,5키로상자,상,12451,12451,0.0,0,0
2020-11-11,토마토,5키로상자,상,11783,-668,-5.365030921211147,0,0
2020-11-12,토마토,5키로상자,상,11474,-309,-2.62242213358228,0,0
2020-11-13,토마토,5키로상자,상,13353,1879,16.376154784730694,0,0
2020-11-14,토마토,5키로상자,상,11308,-2045,-15.314910507002171,0,0
2020-11-15,토마토,5키로상자,상,0,0,0.0,0,1
2020-11-16,토마토,5키로상자,상,11348,11348,0.0,0,0
2020-11-17,토마토,5키로상자,상,11283,-65,-0.5727881565033486,0,0
2020-11-18,토마토,5키로상자,상,11505,222,1.9675618186652488,0,0
2020-11-19,토마토,5키로상자,상,11462,-43,-0.3737505432420687,0,0
2020-11-20,토마토,5키로상자,상,11021,-441,-3.847496073983598,0,0
2020-11-21,토마토,5키로상자,상,10186,-835,-7.576444968696125,0,0
2020-11-22,토마토,5키로상자,상,0,0,0.0,0,1
2020-11-23,토마토,5키로상자,상,10367,10367,0.0,0,0
2020-11-24,토마토,5키로상자,상,9737,-630,-6.076975016880486,0,0
2020-11-25,토마토,5키로상자,상,10626,889,9.130122214234364,0,0
2020-11-26,토마토,5키로상자,상,10644,18,0.1693958215697346,0,0
2020-11-27,토마토,5키로상자,상,9896,-748,-7.027433295753475,0,0
2020-11-28,토마토,5키로상자,상,9280,-616,-6.224737267582862,0,0
2020-11-29,토마토,5키로상자,상,0,0,0.0,0,1
2020-11-30,토마토,5키로상자,상,9724,9724,0.0,0,0
2020-12-01,토마토,5키로상자,상,9286,-438,-4.504319210201564,0,0
2020-12-02,토마토,5키로상자,상,9342,9342,0.0,0,0
2020-12-03,토마토,5키로상자,상,9014,9014,0.0,0,0
2020-12-04,토마토,5키로상자,상,9328,9328,0.0,0,0
2020-12-05,토마토,5키로상자,상,8863,8863,0.0,0,0
2020-12-06,,,,0,0,0.0,0,1
2020-12-07,토마토,5키로상자,상,9307,9307,0.0,0,0
2020-12-08,토마토,5키로상자,상,9273,9273,0.0,0,0
2020-12-09,토마토,5키로상자,상,9389,9389,0.0,0,0
2020-12-10,토마토,5키로상자,상,9557,9557,0.0,0,0
2020-12-11,토마토,5키로상자,상,9778,221,2.3124411426179763,0,0
2020-12-12,토마토,5키로상자,상,9078,-700,-7.158928206177133,0,0
2020-12-13,토마토,5키로상자,상,0,0,0.0,0,1
2020-12-14,토마토,5키로상자,상,9663,9663,0.0,0,0
2020-12-15,토마토,5키로상자,상,9200,-463,-4.791472627548381,0,0
2020-12-16,토마토,5키로상자,상,10655,1455,15.815217391304348,0,0
2020-12-17,토마토,5키로상자,상,10729,74,0.6945096198967621,0,0
2020-12-18,토마토,5키로상자,상,10308,-421,-3.9239444496225184,0,0
2020-12-19,토마토,5키로상자,상,10670,362,3.5118354675979817,0,0
2020-12-20,토마토,5키로상자,상,0,0,0.0,0,1
2020-12-21,토마토,5키로상자,상,11077,11077,0.0,0,0
2020-12-22,토마토,5키로상자,상,10823,-254,-2.2930396316692243,0,0
2020-12-23,토마토,5키로상자,상,10855,32,0.2956666358680587,0,0
2020-12-24,토마토,5키로상자,상,10616,-239,-2.20175034546292,0,0
2020-12-25,토마토,5키로상자,상,10823,207,1.9498869630746043,0,0
2020-12-26,토마토,5키로상자,상,10792,-31,-0.2864270534971819,0,0
2020-12-27,토마토,5키로상자,상,0,0,0.0,0,1
2020-12-28,토마토,5키로상자,상,10678,10678,0.0,0,0
2020-12-29,토마토,5키로상자,상,11084,406,3.802210151713804,0,0
2020-12-30,토마토,5키로상자,상,11475,391,3.52760736196319,0,0
2020-12-31,토마토,5키로상자,상,9689,-1786,-15.564270152505449,0,0
2021-01-01,토마토,5키로상자,상,0,0,0.0,0,0
2021-01-02,,,,0,0,0.0,0,0
2021-01-03,,,,0,0,0.0,0,1
2021-01-04,토마토,5키로상자,상,9674,9674,0.0,0,0
2021-01-05,토마토,5키로상자,상,9899,9899,0.0,0,0
2021-01-06,토마토,5키로상자,상,10785,10785,0.0,0,0
2021-01-07,토마토,5키로상자,상,10057,10057,0.0,0,0
2021-01-08,토마토,5키로상자,상,9292,9292,0.0,0,0
2021-01-09,토마토,5키로상자,상,8282,8282,0.0,0,0
2021-01-10,,,,0,0,0.0,0,1
2021-01-11,토마토,5키로상자,상,9266,9266,0.0,0,0
2021-01-12,토마토,5키로상자,상,9062,-204,-2.20159723721131,0,0
2021-01-13,토마토,5키로상자,상,10244,1182,13.043478260869565,0,0
2021-01-14,토마토,5키로상자,상,11263,1019,9.94728621632175,0,0
2021-01-15,토마토,5키로상자,상,11427,164,1.4560951789043772,0,0
2021-01-16,토마토,5키로상자,상,12552,1125,9.845103701758992,0,0
2021-01-17,토마토,5키로상자,상,0,0,0.0,0,1
2021-01-18,토마토,5키로상자,상,12457,12457,0.0,0,0
2021-01-19,토마토,5키로상자,상,12339,-118,-0.947258569479008,0,0
2021-01-20,토마토,5키로상자,상,13370,1031,8.355620390631332,0,0
2021-01-21,토마토,5키로상자,상,15051,1681,12.57292445774121,0,0
2021-01-22,토마토,5키로상자,상,15137,86,0.571390605275397,0,0
2021-01-23,토마토,5키로상자,상,14049,-1088,-7.187685802999273,0,0
2021-01-24,토마토,5키로상자,상,0,0,0.0,0,1
2021-01-25,토마토,5키로상자,상,14051,14051,0.0,0,0
2021-01-26,토마토,5키로상자,상,14507,456,3.2453206177496265,0,0
2021-01-27,토마토,5키로상자,상,14880,373,2.57117253739574,0,0
2021-01-28,토마토,5키로상자,상,15264,384,2.5806451612903225,0,0
2021-01-29,토마토,5키로상자,상,15999,735,4.815251572327044,0,0
2021-01-30,토마토,5키로상자,상,16608,609,3.8064879054940937,0,0
2021-01-31,토마토,5키로상자,상,0,0,0.0,0,1
2021-02-01,토마토,5키로상자,상,15981,15981,0.0,0,0
2021-02-02,토마토,5키로상자,상,15124,15124,0.0,0,0
2021-02-03,토마토,5키로상자,상,16393,16393,0.0,0,0
2021-02-04,토마토,5키로상자,상,16120,16120,0.0,0,0
2021-02-05,토마토,5키로상자,상,15016,15016,0.0,0,0
2021-02-06,토마토,5키로상자,상,13697,13697,0.0,0,0
2021-02-07,,,,0,0,0.0,0,1
2021-02-08,토마토,5키로상자,상,12666,12666,0.0,0,0
2021-02-09,토마토,5키로상자,상,11610,11610,0.0,0,0
2021-02-10,토마토,5키로상자,상,9443,9443,0.0,0,0
2021-02-11,토마토,5키로상자,상,7844,-1599,-16.933178015461188,0,0
2021-02-12,토마토,5키로상자,상,0,0,0.0,0,0
2021-02-13,토마토,5키로상자,상,0,0,0.0,0,0
2021-02-14,토마토,5키로상자,상,0,0,0.0,0,1
2021-02-15,토마토,5키로상자,상,9698,9698,0.0,0,0
2021-02-16,토마토,5키로상자,상,8440,-1258,-12.97174675190761,0,0
2021-02-17,토마토,5키로상자,상,9943,1503,17.808056872037913,0,0
2021-02-18,토마토,5키로상자,상,9940,-3,-0.0301719802876395,0,0
2021-02-19,토마토,5키로상자,상,12589,2649,26.649899396378267,0,0
2021-02-20,토마토,5키로상자,상,13021,432,3.4315672412423543,0,0
2021-02-21,토마토,5키로상자,상,0,0,0.0,0,1
2021-02-22,토마토,5키로상자,상,13926,13926,0.0,0,0
2021-02-23,토마토,5키로상자,상,12759,-1167,-8.380008616975442,0,0
2021-02-24,토마토,5키로상자,상,13485,726,5.690101105102281,0,0
2021-02-25,토마토,5키로상자,상,14574,1089,8.07563959955506,0,0
2021-02-26,토마토,5키로상자,상,14565,-9,-0.0617538081515026,0,0
2021-02-27,토마토,5키로상자,상,14077,-488,-3.3504977686234123,0,0
2021-02-28,토마토,5키로상자,상,0,0,0.0,0,1
2021-03-01,토마토,5키로상자,상,14738,14738,0.0,0,0
2021-03-02,토마토,5키로상자,상,14277,14277,0.0,0,0
2021-03-03,토마토,5키로상자,상,14962,14962,0.0,0,0
2021-03-04,토마토,5키로상자,상,15321,15321,0.0,0,0
2021-03-05,토마토,5키로상자,상,17104,17104,0.0,0,0
2021-03-06,토마토,5키로상자,상,16461,16461,0.0,0,0
2021-03-07,,,,0,0,0.0,0,1
2021-03-08,토마토,5키로상자,상,16564,16564,0.0,0,0
2021-03-09,토마토,5키로상자,상,16352,16352,0.0,0,0
2021-03-10,토마토,5키로상자,상,16690,16690,0.0,0,0
2021-03-11,토마토,5키로상자,상,16456,-234,-1.40203714799281,0,0
2021-03-12,토마토,5키로상자,상,17051,595,3.6157024793388426,0,0
2021-03-13,토마토,5키로상자,상,16772,-279,-1.6362676675854788,0,0
2021-03-14,토마토,5키로상자,상,0,0,0.0,0,1
2021-03-15,토마토,5키로상자,상,16750,16750,0.0,0,0
2021-03-16,토마토,5키로상자,상,16380,-370,-2.208955223880597,0,0
2021-03-17,토마토,5키로상자,상,16993,613,3.7423687423687424,0,0
2021-03-18,토마토,5키로상자,상,16318,-675,-3.9722238568822457,0,0
2021-03-19,토마토,5키로상자,상,15398,-920,-5.637945826694448,0,0
2021-03-20,토마토,5키로상자,상,12764,-2634,-17.106117677620468,0,0
2021-03-21,토마토,5키로상자,상,0,0,0.0,0,1
2021-03-22,토마토,5키로상자,상,12327,12327,0.0,0,0
2021-03-23,토마토,5키로상자,상,11740,-587,-4.761904761904762,0,0
2021-03-24,토마토,5키로상자,상,11541,-199,-1.6950596252129473,0,0
2021-03-25,토마토,5키로상자,상,11270,-271,-2.3481500736504635,0,0
2021-03-26,토마토,5키로상자,상,11215,-55,-0.4880212954747116,0,0
2021-03-27,토마토,5키로상자,상,10508,-707,-6.304057066428889,0,0
2021-03-28,토마토,5키로상자,상,0,0,0.0,0,1
2021-03-29,토마토,5키로상자,상,10685,10685,0.0,0,0
2021-03-30,토마토,5키로상자,상,10361,-324,-3.032288254562471,0,0
2021-03-31,토마토,5키로상자,상,10583,222,2.142650323327864,0,0
2021-04-01,토마토,5키로상자,상,10825,242,2.286686194840782,0,0
2021-04-02,토마토,5키로상자,상,11306,11306,0.0,0,0
2021-04-03,토마토,5키로상자,상,11935,11935,0.0,0,0
2021-04-04,,,,0,0,0.0,0,1
2021-04-05,토마토,5키로상자,상,11632,11632,0.0,0,0
2021-04-06,토마토,5키로상자,상,11874,11874,0.0,0,0
2021-04-07,토마토,5키로상자,상,13036,13036,0.0,0,0
2021-04-08,토마토,5키로상자,상,14060,14060,0.0,0,0
2021-04-09,토마토,5키로상자,상,14490,14490,0.0,0,0
2021-04-10,토마토,5키로상자,상,12785,12785,0.0,0,0
2021-04-11,토마토,5키로상자,상,0,0,0.0,0,1
2021-04-12,토마토,5키로상자,상,12968,12968,0.0,0,0
2021-04-13,토마토,5키로상자,상,12373,-595,-4.588217149907464,0,0
2021-04-14,토마토,5키로상자,상,13696,1323,10.692637193889922,0,0
2021-04-15,토마토,5키로상자,상,13314,-382,-2.7891355140186915,0,0
2021-04-16,토마토,5키로상자,상,14329,1015,7.623554153522607,0,0
2021-04-17,토마토,5키로상자,상,14353,24,0.1674924977318724,0,0
2021-04-18,토마토,5키로상자,상,0,0,0.0,0,1
2021-04-19,토마토,5키로상자,상,14342,14342,0.0,0,0
2021-04-20,토마토,5키로상자,상,13893,-449,-3.130665179193976,0,0
2021-04-21,토마토,5키로상자,상,14000,107,0.7701720290793925,0,0
2021-04-22,토마토,5키로상자,상,13510,-490,-3.5000000000000004,0,0
2021-04-23,토마토,5키로상자,상,13487,-23,-0.1702442635085122,0,0
2021-04-24,토마토,5키로상자,상,13236,-251,-1.8610513828130792,0,0
2021-04-25,토마토,5키로상자,상,0,0,0.0,0,1
2021-04-26,토마토,5키로상자,상,13698,13698,0.0,0,0
2021-04-27,토마토,5키로상자,상,12873,-825,-6.022777047744196,0,0
2021-04-28,토마토,5키로상자,상,13061,188,1.46042103627748,0,0
2021-04-29,토마토,5키로상자,상,12557,-504,-3.8588163234055584,0,0
2021-04-30,토마토,5키로상자,상,12334,-223,-1.7759018873934855,0,0
2021-05-01,토마토,5키로상자,상,11330,-1004,-8.14010053510621,0,0
2021-05-02,,,,0,0,0.0,0,1
2021-05-03,토마토,5키로상자,상,10964,10964,0.0,0,0
2021-05-04,토마토,5키로상자,상,10283,10283,0.0,0,0
2021-05-05,토마토,5키로상자,상,9584,9584,0.0,0,0
2021-05-06,토마토,5키로상자,상,9098,9098,0.0,0,0
2021-05-07,토마토,5키로상자,상,8605,8605,0.0,0,0
2021-05-08,토마토,5키로상자,상,8467,8467,0.0,0,0
2021-05-09,,,,0,0,0.0,0,1
2021-05-10,토마토,5키로상자,상,8853,8853,0.0,0,0
2021-05-11,토마토,5키로상자,상,8263,-590,-6.6644075454648135,0,0
2021-05-12,토마토,5키로상자,상,8847,584,7.067650974222437,0,0
2021-05-13,토마토,5키로상자,상,9099,252,2.848423194303153,0,0
2021-05-14,토마토,5키로상자,상,9343,244,2.681613364105946,0,0
2021-05-15,토마토,5키로상자,상,9560,217,2.322594455742267,0,0
2021-05-16,토마토,5키로상자,상,0,0,0.0,0,1
2021-05-17,토마토,5키로상자,상,9299,9299,0.0,0,0
2021-05-18,토마토,5키로상자,상,9157,-142,-1.5270459189160126,0,0
2021-05-19,토마토,5키로상자,상,9551,394,4.302719231189254,0,0
2021-05-20,토마토,5키로상자,상,9201,-350,-3.664537744738771,0,0
2021-05-21,토마토,5키로상자,상,9425,224,2.434517987175307,0,0
2021-05-22,토마토,5키로상자,상,9296,-129,-1.3687002652519895,0,0
2021-05-23,토마토,5키로상자,상,0,0,0.0,0,1
2021-05-24,토마토,5키로상자,상,8828,8828,0.0,0,0
2021-05-25,토마토,5키로상자,상,8339,-489,-5.539193475305845,0,0
2021-05-26,토마토,5키로상자,상,8316,-23,-0.2758124475356757,0,0
2021-05-27,토마토,5키로상자,상,8307,-9,-0.1082251082251082,0,0
2021-05-28,토마토,5키로상자,상,8517,210,2.527988443481401,0,0
2021-05-29,토마토,5키로상자,상,8678,161,1.8903369731125983,0,0
2021-05-30,토마토,5키로상자,상,0,0,0.0,0,1
2021-05-31,토마토,5키로상자,상,9279,9279,0.0,0,0
2021-06-01,토마토,5키로상자,상,8849,-430,-4.634120056040522,0,0
2021-06-02,토마토,5키로상자,상,9149,9149,0.0,0,0
2021-06-03,토마토,5키로상자,상,8905,8905,0.0,0,0
2021-06-04,토마토,5키로상자,상,10779,10779,0.0,0,0
2021-06-05,토마토,5키로상자,상,10049,10049,0.0,0,0
2021-06-06,,,,0,0,0.0,0,1
2021-06-07,토마토,5키로상자,상,9825,9825,0.0,0,0
2021-06-08,토마토,5키로상자,상,8752,8752,0.0,0,0
2021-06-09,토마토,5키로상자,상,8974,8974,0.0,0,0
2021-06-10,토마토,5키로상자,상,8102,8102,0.0,0,0
2021-06-11,토마토,5키로상자,상,8336,234,2.8881757590718338,0,0
2021-06-12,토마토,5키로상자,상,8215,-121,-1.451535508637236,0,0
2021-06-13,토마토,5키로상자,상,0,0,0.0,0,1
2021-06-14,토마토,5키로상자,상,8971,8971,0.0,0,0
2021-06-15,토마토,5키로상자,상,8235,-736,-8.204213577081708,0,0
2021-06-16,토마토,5키로상자,상,8765,530,6.435944140862174,0,0
2021-06-17,토마토,5키로상자,상,9478,713,8.134626354820309,0,0
2021-06-18,토마토,5키로상자,상,9028,-450,-4.747837096433847,0,0
2021-06-19,토마토,5키로상자,상,8720,-308,-3.4116083296411164,0,0
2021-06-20,토마토,5키로상자,상,0,0,0.0,0,1
2021-06-21,토마토,5키로상자,상,7931,7931,0.0,0,0
2021-06-22,토마토,5키로상자,상,7994,63,0.7943512797881729,0,0
2021-06-23,토마토,5키로상자,상,8100,106,1.325994495871904,0,0
2021-06-24,토마토,5키로상자,상,8188,88,1.0864197530864197,0,0
2021-06-25,토마토,5키로상자,상,9257,1069,13.055691255495846,0,0
2021-06-26,토마토,5키로상자,상,9775,518,5.595765366749487,0,0
2021-06-27,토마토,5키로상자,상,0,0,0.0,0,1
2021-06-28,토마토,5키로상자,상,10176,10176,0.0,0,0
2021-06-29,토마토,5키로상자,상,9426,-750,-7.370283018867925,0,0
2021-06-30,토마토,5키로상자,상,10187,761,8.073413961383407,0,0
2021-07-01,토마토,5키로상자,상,12366,2179,21.39000687150289,0,0
2021-07-02,토마토,5키로상자,상,16135,16135,0.0,0,0
2021-07-03,토마토,5키로상자,상,21507,21507,0.0,0,0
2021-07-04,,,,0,0,0.0,0,1
2021-07-05,토마토,5키로상자,상,28097,28097,0.0,0,0
2021-07-06,토마토,5키로상자,상,21897,21897,0.0,0,0
2021-07-07,토마토,5키로상자,상,15277,15277,0.0,0,0
2021-07-08,토마토,5키로상자,상,13442,13442,0.0,0,0
2021-07-09,토마토,5키로상자,상,13015,13015,0.0,0,0
2021-07-10,토마토,5키로상자,상,10214,10214,0.0,0,0
2021-07-11,토마토,5키로상자,상,0,0,0.0,0,1
2021-07-12,토마토,5키로상자,상,10006,10006,0.0,0,0
2021-07-13,토마토,5키로상자,상,9505,-501,-5.006995802518489,0,0
2021-07-14,토마토,5키로상자,상,9984,479,5.0394529195160445,0,0
2021-07-15,토마토,5키로상자,상,10286,302,3.024839743589744,0,0
2021-07-16,토마토,5키로상자,상,10862,576,5.599844448765312,0,0
2021-07-17,토마토,5키로상자,상,10186,-676,-6.223531577978273,0,0
2021-07-18,토마토,5키로상자,상,0,0,0.0,0,1
2021-07-19,토마토,5키로상자,상,9903,9903,0.0,0,0
2021-07-20,토마토,5키로상자,상,9134,-769,-7.765323639301222,0,0
2021-07-21,토마토,5키로상자,상,8281,-853,-9.338734398948985,0,0
2021-07-22,토마토,5키로상자,상,7576,-705,-8.513464557420601,0,0
2021-07-23,토마토,5키로상자,상,8317,741,9.78088701161563,0,0
2021-07-24,토마토,5키로상자,상,10675,2358,28.35156907538776,0,0
2021-07-25,토마토,5키로상자,상,0,0,0.0,0,1
2021-07-26,토마토,5키로상자,상,10060,10060,0.0,0,0
2021-07-27,토마토,5키로상자,상,11869,1809,17.98210735586481,0,0
2021-07-28,토마토,5키로상자,상,11469,-400,-3.370123852051563,0,0
2021-07-29,토마토,5키로상자,상,13395,1926,16.793094428459327,0,0
2021-07-30,토마토,5키로상자,상,11732,-1663,-12.415080253826057,0,0
2021-07-31,토마토,5키로상자,상,8755,-2977,-25.37504261847937,0,0
2021-08-01,토마토,5키로상자,상,0,0,0.0,0,1
2021-08-02,토마토,5키로상자,상,7389,7389,0.0,0,0
2021-08-03,토마토,5키로상자,상,6688,6688,0.0,0,0
2021-08-04,토마토,5키로상자,상,6478,6478,0.0,0,0
2021-08-05,토마토,5키로상자,상,7421,7421,0.0,0,0
2021-08-06,토마토,5키로상자,상,6297,6297,0.0,0,0
2021-08-07,,,,0,0,0.0,0,0
2021-08-08,,,,0,0,0.0,0,1
2021-08-09,토마토,5키로상자,상,5199,5199,0.0,0,0
2021-08-10,토마토,5키로상자,상,5868,5868,0.0,0,0
2021-08-11,토마토,5키로상자,상,6891,1023,17.43353783231084,0,0
2021-08-12,토마토,5키로상자,상,8480,1589,23.059062545349008,0,0
2021-08-13,토마토,5키로상자,상,8498,18,0.2122641509433962,0,0
2021-08-14,토마토,5키로상자,상,7985,-513,-6.03671452106378,0,0
2021-08-15,토마토,5키로상자,상,0,0,0.0,0,1
2021-08-16,토마토,5키로상자,상,8163,8163,0.0,0,0
2021-08-17,토마토,5키로상자,상,9601,1438,17.616072522356976,0,0
2021-08-18,토마토,5키로상자,상,11510,1909,19.88334548484533,0,0
2021-08-19,토마토,5키로상자,상,13018,1508,13.10165073848827,0,0
2021-08-20,토마토,5키로상자,상,14367,1349,10.362574896297437,0,0
2021-08-21,토마토,5키로상자,상,12782,-1585,-11.03222663047261,0,0
2021-08-22,토마토,5키로상자,상,0,0,0.0,0,1
2021-08-23,토마토,5키로상자,상,13088,13088,0.0,0,0
2021-08-24,토마토,5키로상자,상,15912,2824,21.577017114914423,0,0
2021-08-25,토마토,5키로상자,상,23645,7733,48.59854198089492,0,0
2021-08-26,토마토,5키로상자,상,27211,3566,15.081412560795094,0,0
2021-08-27,토마토,5키로상자,상,28543,1332,4.895079195913418,0,0
2021-08-28,토마토,5키로상자,상,22194,-6349,-22.243632414252183,0,0
2021-08-29,토마토,5키로상자,상,0,0,0.0,0,1
2021-08-30,토마토,5키로상자,상,15777,15777,0.0,0,0
2021-08-31,토마토,5키로상자,상,12862,-2915,-18.47626291436902,0,0
2021-09-01,토마토,5키로상자,상,13016,154,1.197325454828176,0,0
2021-09-02,토마토,5키로상자,상,12276,12276,0.0,0,0
2021-09-03,토마토,5키로상자,상,13820,13820,0.0,0,0
2021-09-04,토마토,5키로상자,상,11009,11009,0.0,0,0
2021-09-05,,,,0,0,0.0,0,1
2021-09-06,토마토,5키로상자,상,11832,11832,0.0,0,0
2021-09-07,토마토,5키로상자,상,10761,10761,0.0,0,0
2021-09-08,토마토,5키로상자,상,9783,9783,0.0,0,0
2021-09-09,토마토,5키로상자,상,11038,11038,0.0,0,0
2021-09-10,토마토,5키로상자,상,10564,10564,0.0,0,0
2021-09-11,토마토,5키로상자,상,11286,722,6.83453237410072,0,0
2021-09-12,토마토,5키로상자,상,0,0,0.0,0,1
2021-09-13,토마토,5키로상자,상,10512,10512,0.0,0,0
2021-09-14,토마토,5키로상자,상,11837,1325,12.604642313546425,0,0
2021-09-15,토마토,5키로상자,상,11718,-119,-1.0053222945002958,0,0
2021-09-16,토마토,5키로상자,상,20218,8500,72.53797576378221,0,0
2021-09-17,토마토,5키로상자,상,27796,7578,37.48145217133248,0,0
2021-09-18,토마토,5키로상자,상,15663,-12133,-43.65016549143761,0,0
2021-09-19,토마토,5키로상자,상,0,0,0.0,0,1
2021-09-20,토마토,5키로상자,상,0,0,0.0,0,0
2021-09-21,,,,0,0,0.0,0,0
2021-09-22,토마토,5키로상자,상,0,0,0.0,0,0
2021-09-23,토마토,5키로상자,상,0,0,0.0,0,0
2021-09-24,토마토,5키로상자,상,12840,12840,0.0,0,0
2021-09-25,토마토,5키로상자,상,11343,-1497,-11.658878504672897,0,0
2021-09-26,토마토,5키로상자,상,0,0,0.0,0,1
2021-09-27,토마토,5키로상자,상,14802,14802,0.0,0,0
2021-09-28,토마토,5키로상자,상,15108,306,2.067288204296717,0,0
2021-09-29,토마토,5키로상자,상,15666,558,3.6934074662430505,0,0
2021-09-30,토마토,5키로상자,상,15504,-162,-1.0340865568747606,0,0
2021-10-01,토마토,5키로상자,상,14912,-592,-3.818369453044376,0,0
2021-10-02,토마토,5키로상자,상,15448,15448,0.0,0,0
2021-10-03,,,,0,0,0.0,0,1
2021-10-04,토마토,5키로상자,상,15251,15251,0.0,0,0
2021-10-05,토마토,5키로상자,상,15582,15582,0.0,0,0
2021-10-06,토마토,5키로상자,상,15791,15791,0.0,0,0
2021-10-07,토마토,5키로상자,상,17320,17320,0.0,0,0
2021-10-08,토마토,5키로상자,상,15487,15487,0.0,0,0
2021-10-09,토마토,5키로상자,상,14224,14224,0.0,0,0
2021-10-10,,,,0,0,0.0,0,1
2021-10-11,토마토,5키로상자,상,13360,13360,0.0,0,0
2021-10-12,토마토,5키로상자,상,13659,299,2.2380239520958085,0,0
2021-10-13,토마토,5키로상자,상,14006,347,2.5404495204626985,0,0
2021-10-14,토마토,5키로상자,상,17717,3711,26.495787519634444,0,0
2021-10-15,토마토,5키로상자,상,18068,351,1.981148049895581,0,0
2021-10-16,토마토,5키로상자,상,13724,-4344,-24.04250608811158,0,0
2021-10-17,토마토,5키로상자,상,0,0,0.0,0,1
2021-10-18,토마토,5키로상자,상,14020,14020,0.0,0,0
2021-10-19,토마토,5키로상자,상,12888,-1132,-8.074179743223965,0,0
2021-10-20,토마토,5키로상자,상,13674,786,6.098696461824953,0,0
2021-10-21,토마토,5키로상자,상,14433,759,5.550680122860904,0,0
2021-10-22,토마토,5키로상자,상,15813,1380,9.561421741841611,0,0
2021-10-23,토마토,5키로상자,상,16602,789,4.989565547334472,0,0
2021-10-24,토마토,5키로상자,상,0,0,0.0,0,1
2021-10-25,토마토,5키로상자,상,17871,17871,0.0,0,0
2021-10-26,토마토,5키로상자,상,17059,-812,-4.5436741088915005,0,0
2021-10-27,토마토,5키로상자,상,18608,1549,9.08025089395627,0,0
2021-10-28,토마토,5키로상자,상,27771,9163,49.24226139294928,0,0
2021-10-29,토마토,5키로상자,상,22823,-4948,-17.817147383961686,0,0
2021-10-30,토마토,5키로상자,상,18565,-4258,-18.656618323620908,0,0
2021-10-31,토마토,5키로상자,상,0,0,0.0,0,1
2021-11-01,토마토,5키로상자,상,17268,17268,0.0,0,0
2021-11-02,토마토,5키로상자,상,16120,16120,0.0,0,0
2021-11-03,토마토,5키로상자,상,15198,15198,0.0,0,0
2021-11-04,토마토,5키로상자,상,16490,16490,0.0,0,0
2021-11-05,토마토,5키로상자,상,15546,15546,0.0,0,0
2021-11-06,토마토,5키로상자,상,14858,14858,0.0,0,0
2021-11-07,,,,0,0,0.0,0,1
2021-11-08,토마토,5키로상자,상,14562,14562,0.0,0,0
2021-11-09,토마토,5키로상자,상,13850,13850,0.0,0,0
2021-11-10,토마토,5키로상자,상,12783,12783,0.0,0,0
2021-11-11,토마토,5키로상자,상,14281,1498,11.718688883673629,0,0
2021-11-12,토마토,5키로상자,상,14426,145,1.015335060569988,0,0
2021-11-13,토마토,5키로상자,상,14310,-116,-0.8041037016497989,0,0
2021-11-14,토마토,5키로상자,상,0,0,0.0,0,1
2021-11-15,토마토,5키로상자,상,15165,15165,0.0,0,0
2021-11-16,토마토,5키로상자,상,15051,-114,-0.751730959446093,0,0
2021-11-17,토마토,5키로상자,상,15391,340,2.258986113879476,0,0
2021-11-18,토마토,5키로상자,상,15918,527,3.424079007212007,0,0
2021-11-19,토마토,5키로상자,상,16333,415,2.607111446161578,0,0
2021-11-20,토마토,5키로상자,상,14419,-1914,-11.718606502173513,0,0
2021-11-21,토마토,5키로상자,상,0,0,0.0,0,1
2021-11-22,토마토,5키로상자,상,13555,13555,0.0,0,0
2021-11-23,토마토,5키로상자,상,13785,230,1.6967908520841015,0,0
2021-11-24,토마토,5키로상자,상,12275,-1510,-10.953935437069278,0,0
2021-11-25,토마토,5키로상자,상,13004,729,5.938900203665988,0,0
2021-11-26,토마토,5키로상자,상,14395,1391,10.696708705013842,0,0
2021-11-27,토마토,5키로상자,상,12621,-1774,-12.323723515109412,0,0
2021-11-28,토마토,5키로상자,상,0,0,0.0,0,1
2021-11-29,토마토,5키로상자,상,13533,13533,0.0,0,0
2021-11-30,토마토,5키로상자,상,13092,-441,-3.258700953225449,0,0
2021-12-01,토마토,5키로상자,상,12206,-886,-6.767491597922396,0,0
2021-12-02,토마토,5키로상자,상,13000,13000,0.0,0,0
2021-12-03,토마토,5키로상자,상,13222,13222,0.0,0,0
2021-12-04,토마토,5키로상자,상,12429,12429,0.0,0,0
2021-12-05,,,,0,0,0.0,0,1
2021-12-06,토마토,5키로상자,상,13472,13472,0.0,0,0
2021-12-07,토마토,5키로상자,상,14309,14309,0.0,0,0
2021-12-08,토마토,5키로상자,상,14000,14000,0.0,0,0
2021-12-09,토마토,5키로상자,상,14415,14415,0.0,0,0
2021-12-10,토마토,5키로상자,상,15391,15391,0.0,0,0
2021-12-11,토마토,5키로상자,상,15075,-316,-2.053147943603405,0,0
2021-12-12,토마토,5키로상자,상,0,0,0.0,0,1
2021-12-13,토마토,5키로상자,상,17000,17000,0.0,0,0
2021-12-14,토마토,5키로상자,상,16690,-310,-1.8235294117647056,0,0
2021-12-15,토마토,5키로상자,상,16402,-288,-1.725584182144997,0,0
2021-12-16,토마토,5키로상자,상,18524,2122,12.937446652847214,0,0
2021-12-17,토마토,5키로상자,상,19666,1142,6.164975167350464,0,0
2021-12-18,토마토,5키로상자,상,20640,974,4.952710261364792,0,0
2021-12-19,토마토,5키로상자,상,0,0,0.0,0,1
2021-12-20,토마토,5키로상자,상,21318,21318,0.0,0,0
2021-12-21,토마토,5키로상자,상,20228,-1090,-5.113050004690871,0,0
2021-12-22,토마토,5키로상자,상,20159,-69,-0.3411113308285545,0,0
2021-12-23,토마토,5키로상자,상,24133,3974,19.71327942854308,0,0
2021-12-24,토마토,5키로상자,상,21600,-2533,-10.496001325985166,0,0
2021-12-25,토마토,5키로상자,상,19007,-2593,-12.00462962962963,0,0
2021-12-26,토마토,5키로상자,상,0,0,0.0,0,1
2021-12-27,토마토,5키로상자,상,20654,20654,0.0,0,0
2021-12-28,토마토,5키로상자,상,19478,-1176,-5.693812336593396,0,0
2021-12-29,토마토,5키로상자,상,18028,-1450,-7.444296128966013,0,0
2021-12-30,토마토,5키로상자,상,17327,-701,-3.888395828710895,0,0
2021-12-31,토마토,5키로상자,상,15721,-1606,-9.268771281814509,0,0
2022-01-01,토마토,5키로상자,상,0,0,0.0,0,0
2022-01-02,,,,0,0,0.0,0,1
2022-01-03,토마토,5키로상자,상,16572,16572,0.0,0,0
2022-01-04,토마토,5키로상자,상,15658,15658,0.0,0,0
2022-01-05,토마토,5키로상자,상,14477,14477,0.0,0,0
2022-01-06,토마토,5키로상자,상,15487,15487,0.0,0,0
2022-01-07,토마토,5키로상자,상,15725,15725,0.0,0,0
2022-01-08,토마토,5키로상자,상,13222,13222,0.0,0,0
2022-01-09,,,,0,0,0.0,0,1
2022-01-10,토마토,5키로상자,상,14326,14326,0.0,0,0
2022-01-11,토마토,5키로상자,상,14033,-293,-2.045232444506492,0,0
2022-01-12,토마토,5키로상자,상,12733,-1300,-9.263878001852776,0,0
2022-01-13,토마토,5키로상자,상,13816,1083,8.505458258069583,0,0
2022-01-14,토마토,5키로상자,상,14977,1161,8.403300521134916,0,0
2022-01-15,토마토,5키로상자,상,16648,1671,11.157107564932897,0,0
2022-01-16,토마토,5키로상자,상,0,0,0.0,0,1
2022-01-17,토마토,5키로상자,상,16104,16104,0.0,0,0
2022-01-18,토마토,5키로상자,상,16713,609,3.78166915052161,0,0
2022-01-19,토마토,5키로상자,상,16552,-161,-0.9633219649374738,0,0
2022-01-20,토마토,5키로상자,상,16343,-209,-1.262687288545191,0,0
2022-01-21,토마토,5키로상자,상,16647,304,1.8601236003181791,0,0
2022-01-22,토마토,5키로상자,상,17028,381,2.2887006667868084,0,0
2022-01-23,토마토,5키로상자,상,0,0,0.0,0,1
2022-01-24,토마토,5키로상자,상,18585,18585,0.0,0,0
2022-01-25,토마토,5키로상자,상,20946,2361,12.703793381759484,0,0
2022-01-26,토마토,5키로상자,상,24164,3218,15.363315191444668,0,0
2022-01-27,토마토,5키로상자,상,27565,3401,14.074656513822214,0,0
2022-01-28,토마토,5키로상자,상,31448,3883,14.086704153818246,0,0
2022-01-29,토마토,5키로상자,상,25276,-6172,-19.626049351310098,0,0
2022-01-30,토마토,5키로상자,상,0,0,0.0,0,1
2022-01-31,토마토,5키로상자,상,0,0,0.0,0,0
2022-02-01,,,,0,0,0.0,0,0
2022-02-02,,,,0,0,0.0,0,0
2022-02-03,,,,0,0,0.0,0,0
2022-02-04,토마토,5키로상자,상,16118,16118,0.0,0,0
2022-02-05,토마토,5키로상자,상,14079,14079,0.0,0,0
2022-02-06,,,,0,0,0.0,0,1
2022-02-07,토마토,5키로상자,상,15343,15343,0.0,0,0
2022-02-08,토마토,5키로상자,상,14926,14926,0.0,0,0
2022-02-09,토마토,5키로상자,상,14992,14992,0.0,0,0
2022-02-10,토마토,5키로상자,상,16071,16071,0.0,0,0
2022-02-11,토마토,5키로상자,상,16401,330,2.053388090349076,0,0
2022-02-12,토마토,5키로상자,상,16831,430,2.6217913541857203,0,0
2022-02-13,토마토,5키로상자,상,0,0,0.0,0,1
2022-02-14,토마토,5키로상자,상,17971,17971,0.0,0,0
2022-02-15,토마토,5키로상자,상,18672,701,3.900728952200768,0,0
2022-02-16,토마토,5키로상자,상,17382,-1290,-6.908740359897172,0,0
2022-02-17,토마토,5키로상자,상,16510,-872,-5.016683925900357,0,0
2022-02-18,토마토,5키로상자,상,15749,-761,-4.609327680193822,0,0
2022-02-19,토마토,5키로상자,상,15788,39,0.2476347704616166,0,0
2022-02-20,토마토,5키로상자,상,0,0,0.0,0,1
2022-02-21,토마토,5키로상자,상,16278,16278,0.0,0,0
2022-02-22,토마토,5키로상자,상,16738,460,2.8258999877134783,0,0
2022-02-23,토마토,5키로상자,상,15854,-884,-5.281395626717648,0,0
2022-02-24,토마토,5키로상자,상,15846,-8,-0.050460451621042,0,0
2022-02-25,토마토,5키로상자,상,16588,742,4.682569733686735,0,0
2022-02-26,토마토,5키로상자,상,16018,-570,-3.4362189534603327,0,0
2022-02-27,토마토,5키로상자,상,0,0,0.0,0,1
2022-02-28,토마토,5키로상자,상,15880,15880,0.0,0,0
2022-03-01,토마토,5키로상자,상,15079,-801,-5.044080604534005,0,0
2022-03-02,토마토,5키로상자,상,16027,16027,0.0,0,0
2022-03-03,토마토,5키로상자,상,16333,16333,0.0,0,0
2022-03-04,토마토,5키로상자,상,16745,16745,0.0,0,0
2022-03-05,토마토,5키로상자,상,16467,16467,0.0,0,0
2022-03-06,,,,0,0,0.0,0,1
2022-03-07,토마토,5키로상자,상,17188,17188,0.0,0,0
2022-03-08,토마토,5키로상자,상,16089,16089,0.0,0,0
2022-03-09,토마토,5키로상자,상,15589,15589,0.0,0,0
2022-03-10,토마토,5키로상자,상,15623,15623,0.0,0,0
2022-03-11,토마토,5키로상자,상,15507,-116,-0.7424950393650387,0,0
2022-03-12,토마토,5키로상자,상,14965,-542,-3.49519571806281,0,0
2022-03-13,토마토,5키로상자,상,0,0,0.0,0,1
2022-03-14,토마토,5키로상자,상,14796,14796,0.0,0,0
2022-03-15,토마토,5키로상자,상,14032,-764,-5.163557718302244,0,0
2022-03-16,토마토,5키로상자,상,14294,262,1.8671607753705817,0,0
2022-03-17,토마토,5키로상자,상,14657,363,2.539527074296908,0,0
2022-03-18,토마토,5키로상자,상,13771,-886,-6.044893225080167,0,0
2022-03-19,토마토,5키로상자,상,12983,-788,-5.722169777067751,0,0
2022-03-20,토마토,5키로상자,상,0,0,0.0,0,1
2022-03-21,토마토,5키로상자,상,13415,13415,0.0,0,0
2022-03-22,토마토,5키로상자,상,13265,-150,-1.1181513231457323,0,0
2022-03-23,토마토,5키로상자,상,13645,380,2.8646814926498303,0,0
2022-03-24,토마토,5키로상자,상,13429,-216,-1.58299743495786,0,0
2022-03-25,토마토,5키로상자,상,14155,726,5.406210440092337,0,0
2022-03-26,토마토,5키로상자,상,13211,-944,-6.669021547156481,0,0
2022-03-27,토마토,5키로상자,상,0,0,0.0,0,1
2022-03-28,토마토,5키로상자,상,13872,13872,0.0,0,0
2022-03-29,토마토,5키로상자,상,13309,-563,-4.058535178777394,0,0
2022-03-30,토마토,5키로상자,상,13487,178,1.337440829513863,0,0
2022-03-31,토마토,5키로상자,상,13495,8,0.0593163787350782,0,0
2022-04-01,토마토,5키로상자,상,13677,182,1.3486476472767692,0,0
2022-04-02,토마토,5키로상자,상,13196,13196,0.0,0,0
2022-04-03,,,,0,0,0.0,0,1
2022-04-04,토마토,5키로상자,상,13357,13357,0.0,0,0
2022-04-05,토마토,5키로상자,상,13193,13193,0.0,0,0
2022-04-06,토마토,5키로상자,상,12542,12542,0.0,0,0
2022-04-07,토마토,5키로상자,상,12392,12392,0.0,0,0
2022-04-08,토마토,5키로상자,상,12625,12625,0.0,0,0
2022-04-09,토마토,5키로상자,상,11402,11402,0.0,0,0
2022-04-10,,,,0,0,0.0,0,1
2022-04-11,토마토,5키로상자,상,11569,11569,0.0,0,0
2022-04-12,토마토,5키로상자,상,10193,-1376,-11.893854265710086,0,0
2022-04-13,토마토,5키로상자,상,10584,391,3.83596585892279,0,0
2022-04-14,토마토,5키로상자,상,9862,-722,-6.8216175359032505,0,0
2022-04-15,토마토,5키로상자,상,9828,-34,-0.3447576556479416,0,0
2022-04-16,토마토,5키로상자,상,8611,-1217,-12.382987382987382,0,0
2022-04-17,토마토,5키로상자,상,0,0,0.0,0,1
2022-04-18,토마토,5키로상자,상,9586,9586,0.0,0,0
2022-04-19,토마토,5키로상자,상,8456,-1130,-11.788024201961193,0,0
2022-04-20,토마토,5키로상자,상,8649,193,2.28240302743614,0,0
2022-04-21,토마토,5키로상자,상,8329,-320,-3.699849693606197,0,0
2022-04-22,토마토,5키로상자,상,8379,50,0.6003121623244086,0,0
2022-04-23,토마토,5키로상자,상,8423,44,0.5251223296336078,0,0
2022-04-24,토마토,5키로상자,상,0,0,0.0,0,1
2022-04-25,토마토,5키로상자,상,9293,9293,0.0,0,0
2022-04-26,토마토,5키로상자,상,8861,-432,-4.648660281932637,0,0
2022-04-27,토마토,5키로상자,상,9472,611,6.895384268141293,0,0
2022-04-28,토마토,5키로상자,상,9171,-301,-3.1777871621621623,0,0
2022-04-29,토마토,5키로상자,상,9949,778,8.483262457747246,0,0
2022-04-30,토마토,5키로상자,상,10242,293,2.945019599959795,0,0
2022-05-01,토마토,5키로상자,상,0,0,0.0,0,1
2022-05-02,토마토,5키로상자,상,10689,10689,0.0,0,0
2022-05-03,토마토,5키로상자,상,10583,10583,0.0,0,0
2022-05-04,토마토,5키로상자,상,10684,10684,0.0,0,0
2022-05-05,토마토,5키로상자,상,10042,10042,0.0,0,0
2022-05-06,토마토,5키로상자,상,10280,10280,0.0,0,0
2022-05-07,토마토,5키로상자,상,10499,10499,0.0,0,0
2022-05-08,,,,0,0,0.0,0,1
2022-05-09,토마토,5키로상자,상,10584,10584,0.0,0,0
2022-05-10,토마토,5키로상자,상,10510,10510,0.0,0,0
2022-05-11,토마토,5키로상자,상,11203,693,6.593720266412941,0,0
2022-05-12,토마토,5키로상자,상,11890,687,6.132285994822816,0,0
2022-05-13,토마토,5키로상자,상,11836,-54,-0.4541631623212783,0,0
2022-05-14,토마토,5키로상자,상,12540,704,5.947955390334572,0,0
2022-05-15,토마토,5키로상자,상,0,0,0.0,0,1
2022-05-16,토마토,5키로상자,상,11487,11487,0.0,0,0
2022-05-17,토마토,5키로상자,상,9941,-1546,-13.45869243492644,0,0
2022-05-18,토마토,5키로상자,상,9219,-722,-7.2628508198370385,0,0
2022-05-19,토마토,5키로상자,상,8299,-920,-9.979390389413169,0,0
2022-05-20,토마토,5키로상자,상,7423,-876,-10.555488613085917,0,0
2022-05-21,토마토,5키로상자,상,6858,-565,-7.611477839148592,0,0
2022-05-22,토마토,5키로상자,상,0,0,0.0,0,1
2022-05-23,토마토,5키로상자,상,7398,7398,0.0,0,0
2022-05-24,토마토,5키로상자,상,6833,-565,-7.637199243038658,0,0
2022-05-25,토마토,5키로상자,상,6554,-279,-4.0831260061466415,0,0
2022-05-26,토마토,5키로상자,상,6346,-208,-3.173634421727189,0,0
2022-05-27,토마토,5키로상자,상,6265,-81,-1.2763945792625275,0,0
2022-05-28,토마토,5키로상자,상,6997,732,11.683958499600958,0,0
2022-05-29,토마토,5키로상자,상,0,0,0.0,0,1
2022-05-30,토마토,5키로상자,상,7249,7249,0.0,0,0
2022-05-31,토마토,5키로상자,상,6927,-322,-4.4419919988964,0,0
2022-06-01,토마토,5키로상자,상,6967,40,0.57745055579616,0,0
2022-06-02,토마토,5키로상자,상,7457,7457,0.0,0,0
2022-06-03,토마토,5키로상자,상,7873,7873,0.0,0,0
2022-06-04,토마토,5키로상자,상,8246,8246,0.0,0,0
2022-06-05,,,,0,0,0.0,0,1
2022-06-06,토마토,5키로상자,상,8778,8778,0.0,0,0
2022-06-07,토마토,5키로상자,상,9259,9259,0.0,0,0
2022-06-08,토마토,5키로상자,상,9648,9648,0.0,0,0
2022-06-09,토마토,5키로상자,상,9134,9134,0.0,0,0
2022-06-10,토마토,5키로상자,상,8923,8923,0.0,0,0
2022-06-11,토마토,5키로상자,상,7896,-1027,-11.509581979154992,0,0
2022-06-12,토마토,5키로상자,상,0,0,0.0,0,1
2022-06-13,토마토,5키로상자,상,8437,8437,0.0,0,0
2022-06-14,토마토,5키로상자,상,7899,-538,-6.376674173284343,0,0
2022-06-15,토마토,5키로상자,상,8856,957,12.115457652867452,0,0
2022-06-16,토마토,5키로상자,상,9155,299,3.3762420957542907,0,0
2022-06-17,토마토,5키로상자,상,9899,744,8.126706717640634,0,0
2022-06-18,토마토,5키로상자,상,10108,209,2.111324376199616,0,0
2022-06-19,토마토,5키로상자,상,0,0,0.0,0,1
2022-06-20,토마토,5키로상자,상,9340,9340,0.0,0,0
2022-06-21,토마토,5키로상자,상,8855,-485,-5.192719486081371,0,0
2022-06-22,토마토,5키로상자,상,7613,-1242,-14.025974025974024,0,0
2022-06-23,토마토,5키로상자,상,7850,237,3.113096019965848,0,0
2022-06-24,토마토,5키로상자,상,8152,302,3.847133757961784,0,0
2022-06-25,토마토,5키로상자,상,7742,-410,-5.029440628066732,0,0
2022-06-26,토마토,5키로상자,상,0,0,0.0,0,1
2022-06-27,토마토,5키로상자,상,7200,7200,0.0,0,0
2022-06-28,토마토,5키로상자,상,5426,-1774,-24.63888888888889,0,0
2022-06-29,토마토,5키로상자,상,4938,-488,-8.993733873940288,0,0
2022-06-30,토마토,5키로상자,상,4881,-57,-1.1543134872417984,0,0
2022-07-01,토마토,5키로상자,상,4649,-232,-4.753124359762344,0,0
2022-07-02,토마토,5키로상자,상,6582,6582,0.0,0,0
2022-07-03,,,,0,0,0.0,0,1
2022-07-04,토마토,5키로상자,상,7939,7939,0.0,0,0
2022-07-05,토마토,5키로상자,상,7744,7744,0.0,0,0
2022-07-06,토마토,5키로상자,상,8421,8421,0.0,0,0
2022-07-07,토마토,5키로상자,상,8895,8895,0.0,0,0
2022-07-08,토마토,5키로상자,상,13669,13669,0.0,0,0
2022-07-09,토마토,5키로상자,상,16563,16563,0.0,0,0
2022-07-10,,,,0,0,0.0,0,1
2022-07-11,토마토,5키로상자,상,14881,14881,0.0,0,0
2022-07-12,토마토,5키로상자,상,16535,1654,11.114844432497817,0,0
2022-07-13,토마토,5키로상자,상,14723,-1812,-10.958572724523735,0,0
2022-07-14,토마토,5키로상자,상,16799,2076,14.100387149358149,0,0
2022-07-15,토마토,5키로상자,상,21818,5019,29.87677837966546,0,0
2022-07-16,토마토,5키로상자,상,20248,-1570,-7.195893299110826,0,0
2022-07-17,토마토,5키로상자,상,0,0,0.0,0,1
2022-07-18,토마토,5키로상자,상,18103,18103,0.0,0,0
2022-07-19,토마토,5키로상자,상,20729,2626,14.505883002817214,0,0
2022-07-20,토마토,5키로상자,상,24551,3822,18.43793718944474,0,0
2022-07-21,토마토,5키로상자,상,32248,7697,31.35106512972995,0,0
2022-07-22,토마토,5키로상자,상,40782,8534,26.463656660878197,0,0
2022-07-23,토마토,5키로상자,상,26727,-14055,-34.46373400029425,0,0
2022-07-24,토마토,5키로상자,상,0,0,0.0,0,1
2022-07-25,토마토,5키로상자,상,18772,18772,0.0,0,0
2022-07-26,토마토,5키로상자,상,17031,-1741,-9.274451310462393,0,0
2022-07-27,토마토,5키로상자,상,15790,-1241,-7.28671246550408,0,0
2022-07-28,토마토,5키로상자,상,17988,2198,13.920202659911338,0,0
2022-07-29,토마토,5키로상자,상,26881,8893,49.43851456526573,0,0
2022-07-30,토마토,5키로상자,상,22827,-4054,-15.081284178415984,0,0
2022-07-31,토마토,5키로상자,상,0,0,0.0,0,1
2022-08-01,토마토,5키로상자,상,20356,20356,0.0,0,0
2022-08-02,토마토,5키로상자,상,17045,17045,0.0,0,0
2022-08-03,토마토,5키로상자,상,14838,14838,0.0,0,0
2022-08-04,토마토,5키로상자,상,14070,14070,0.0,0,0
2022-08-05,토마토,5키로상자,상,15617,15617,0.0,0,0
2022-08-06,토마토,5키로상자,상,15617,15617,0.0,0,0
2022-08-07,,,,0,0,0.0,0,1
2022-08-08,토마토,5키로상자,상,14144,14144,0.0,0,0
2022-08-09,토마토,5키로상자,상,14431,14431,0.0,0,0
2022-08-10,토마토,5키로상자,상,14499,14499,0.0,0,0
2022-08-11,토마토,5키로상자,상,14850,351,2.4208566108007448,0,0
2022-08-12,토마토,5키로상자,상,14524,-326,-2.1952861952861955,0,0
2022-08-13,토마토,5키로상자,상,12752,-1772,-12.200495731203526,0,0
2022-08-14,토마토,5키로상자,상,0,0,0.0,0,1
2022-08-15,토마토,5키로상자,상,12094,12094,0.0,0,0
2022-08-16,토마토,5키로상자,상,10130,-1964,-16.239457582272202,0,0
2022-08-17,토마토,5키로상자,상,9449,-681,-6.722606120434353,0,0
2022-08-18,토마토,5키로상자,상,8782,-667,-7.058948036829295,0,0
2022-08-19,토마토,5키로상자,상,11544,2762,31.45069460259622,0,0
2022-08-20,토마토,5키로상자,상,12667,1123,9.727997227997228,0,0
2022-08-21,토마토,5키로상자,상,0,0,0.0,0,1
2022-08-22,토마토,5키로상자,상,12684,12684,0.0,0,0
2022-08-23,토마토,5키로상자,상,13094,410,3.2324187953327024,0,0
2022-08-24,토마토,5키로상자,상,14447,1353,10.332976936001222,0,0
2022-08-25,토마토,5키로상자,상,17440,2993,20.71710389700284,0,0
2022-08-26,토마토,5키로상자,상,25458,8018,45.97477064220183,0,0
2022-08-27,토마토,5키로상자,상,29995,4537,17.821509937936995,0,0
2022-08-28,토마토,5키로상자,상,0,0,0.0,0,1
2022-08-29,토마토,5키로상자,상,24736,24736,0.0,0,0
2022-08-30,토마토,5키로상자,상,23898,-838,-3.3877749029754205,0,0
2022-08-31,토마토,5키로상자,상,23032,-866,-3.6237342036990543,0,0
2022-09-01,토마토,5키로상자,상,23747,715,3.10437651962487,0,0
2022-09-02,토마토,5키로상자,상,26047,26047,0.0,0,0
2022-09-03,토마토,5키로상자,상,27962,27962,0.0,0,0
2022-09-04,,,,0,0,0.0,0,1
2022-09-05,토마토,5키로상자,상,26190,26190,0.0,0,0
2022-09-06,토마토,5키로상자,상,22586,22586,0.0,0,0
2022-09-07,토마토,5키로상자,상,22385,22385,0.0,0,0
2022-09-08,토마토,5키로상자,상,18705,18705,0.0,0,0
2022-09-09,토마토,5키로상자,상,9722,9722,0.0,0,0
2022-09-10,,,,0,0,0.0,0,0
2022-09-11,토마토,5키로상자,상,0,0,0.0,0,1
2022-09-12,토마토,5키로상자,상,0,0,0.0,0,0
2022-09-13,토마토,5키로상자,상,11264,11264,0.0,0,0
2022-09-14,토마토,5키로상자,상,12972,1708,15.163352272727272,0,0
2022-09-15,토마토,5키로상자,상,14616,1644,12.67345050878816,0,0
2022-09-16,토마토,5키로상자,상,16001,1385,9.475916803503011,0,0
2022-09-17,토마토,5키로상자,상,14816,-1185,-7.405787138303856,0,0
2022-09-18,토마토,5키로상자,상,0,0,0.0,0,1
2022-09-19,토마토,5키로상자,상,14396,14396,0.0,0,0
2022-09-20,토마토,5키로상자,상,15876,1480,10.280633509308142,0,0
2022-09-21,토마토,5키로상자,상,19449,3573,22.505668934240365,0,0
2022-09-22,토마토,5키로상자,상,22534,3085,15.86199804617204,0,0
2022-09-23,토마토,5키로상자,상,23624,1090,4.837134996006035,0,0
2022-09-24,토마토,5키로상자,상,19961,-3663,-15.505418218760584,0,0
2022-09-25,토마토,5키로상자,상,0,0,0.0,0,1
2022-09-26,토마토,5키로상자,상,19777,19777,0.0,0,0
2022-09-27,토마토,5키로상자,상,23414,3637,18.39004904687263,0,0
2022-09-28,토마토,5키로상자,상,28665,5251,22.426753224566497,0,0
2022-09-29,토마토,5키로상자,상,38902,10237,35.712541426827144,0,0
2022-09-30,토마토,5키로상자,상,42424,3522,9.053519099275102,0,0
2022-10-01,토마토,5키로상자,상,40743,-1681,-3.962379785027343,0,0
2022-10-02,,,,0,0,0.0,0,1
2022-10-03,토마토,5키로상자,상,36787,36787,0.0,0,0
2022-10-04,토마토,5키로상자,상,40544,40544,0.0,0,0
2022-10-05,토마토,5키로상자,상,36705,36705,0.0,0,0
2022-10-06,토마토,5키로상자,상,35440,35440,0.0,0,0
2022-10-07,토마토,5키로상자,상,33532,33532,0.0,0,0
2022-10-08,토마토,5키로상자,상,25124,25124,0.0,0,0
2022-10-09,,,,0,0,0.0,0,1
2022-10-10,토마토,5키로상자,상,18661,18661,0.0,0,0
2022-10-11,토마토,5키로상자,상,16279,-2382,-12.764589250308129,0,0
2022-10-12,토마토,5키로상자,상,16198,-81,-0.4975735610295472,0,0
2022-10-13,토마토,5키로상자,상,17536,1338,8.260279046795901,0,0
2022-10-14,토마토,5키로상자,상,18167,631,3.5983120437956204,0,0
2022-10-15,토마토,5키로상자,상,21357,3190,17.559310838333243,0,0
2022-10-16,토마토,5키로상자,상,0,0,0.0,0,1
2022-10-17,토마토,5키로상자,상,21620,21620,0.0,0,0
2022-10-18,토마토,5키로상자,상,23302,1682,7.779833487511563,0,0
2022-10-19,토마토,5키로상자,상,23372,70,0.3004033988498841,0,0
2022-10-20,토마토,5키로상자,상,21807,-1565,-6.696046551429061,0,0
2022-10-21,토마토,5키로상자,상,19485,-2322,-10.647957078002475,0,0
2022-10-22,토마토,5키로상자,상,16321,-3164,-16.23813189633051,0,0
2022-10-23,토마토,5키로상자,상,0,0,0.0,0,1
2022-10-24,토마토,5키로상자,상,15651,15651,0.0,0,0
2022-10-25,토마토,5키로상자,상,15656,5,0.0319468404574787,0,0
2022-10-26,토마토,5키로상자,상,15527,-129,-0.8239652529381707,0,0
2022-10-27,토마토,5키로상자,상,14995,-532,-3.426289688928962,0,0
2022-10-28,토마토,5키로상자,상,15661,666,4.441480493497832,0,0
2022-10-29,토마토,5키로상자,상,15723,62,0.3958878743375263,0,0
2022-10-30,토마토,5키로상자,상,0,0,0.0,0,1
2022-10-31,토마토,5키로상자,상,14478,14478,0.0,0,0
2022-11-01,토마토,5키로상자,상,14279,-199,-1.3744992402265506,0,0
2022-11-02,토마토,5키로상자,상,13082,13082,0.0,0,0
2022-11-03,토마토,5키로상자,상,13482,13482,0.0,0,0
2022-11-04,토마토,5키로상자,상,14257,14257,0.0,0,0
2022-11-05,토마토,5키로상자,상,14121,14121,0.0,0,0
2022-11-06,,,,0,0,0.0,0,1
2022-11-07,토마토,5키로상자,상,14579,14579,0.0,0,0
2022-11-08,토마토,5키로상자,상,13846,13846,0.0,0,0
2022-11-09,토마토,5키로상자,상,14076,14076,0.0,0,0
2022-11-10,토마토,5키로상자,상,15083,15083,0.0,0,0
2022-11-11,토마토,5키로상자,상,16355,1272,8.433335543326924,0,0
2022-11-12,토마토,5키로상자,상,15565,-790,-4.830327117089575,0,0
2022-11-13,토마토,5키로상자,상,0,0,0.0,0,1
2022-11-14,토마토,5키로상자,상,15097,15097,0.0,0,0
2022-11-15,토마토,5키로상자,상,15594,497,3.2920447771080346,0,0
2022-11-16,토마토,5키로상자,상,15953,359,2.302167500320636,0,0
2022-11-17,토마토,5키로상자,상,16028,75,0.4701310098414091,0,0
2022-11-18,토마토,5키로상자,상,15783,-245,-1.5285749937609183,0,0
2022-11-19,토마토,5키로상자,상,13710,-2073,-13.134385097890137,0,0
2022-11-20,토마토,5키로상자,상,0,0,0.0,0,1
2022-11-21,토마토,5키로상자,상,14153,14153,0.0,0,0
2022-11-22,토마토,5키로상자,상,11493,-2660,-18.794601851197623,0,0
2022-11-23,토마토,5키로상자,상,10315,-1178,-10.24971721917689,0,0
2022-11-24,토마토,5키로상자,상,9323,-992,-9.617062530295687,0,0
2022-11-25,토마토,5키로상자,상,8689,-634,-6.80038614179985,0,0
2022-11-26,토마토,5키로상자,상,7492,-1197,-13.77603866958223,0,0
2022-11-27,토마토,5키로상자,상,0,0,0.0,0,1
2022-11-28,토마토,5키로상자,상,8109,8109,0.0,0,0
2022-11-29,토마토,5키로상자,상,6739,-1370,-16.894808237760515,0,0
2022-11-30,토마토,5키로상자,상,8465,1726,25.612108621457192,0,0
2022-12-01,토마토,5키로상자,상,8407,-58,-0.6851742468989959,0,0
2022-12-02,토마토,5키로상자,상,6779,6779,0.0,0,0
2022-12-03,토마토,5키로상자,상,6297,6297,0.0,0,0
2022-12-04,,,,0,0,0.0,0,1
2022-12-05,토마토,5키로상자,상,7902,7902,0.0,0,0
2022-12-06,토마토,5키로상자,상,8499,8499,0.0,0,0
2022-12-07,토마토,5키로상자,상,9789,9789,0.0,0,0
2022-12-08,토마토,5키로상자,상,9727,9727,0.0,0,0
2022-12-09,토마토,5키로상자,상,9582,9582,0.0,0,0
2022-12-10,토마토,5키로상자,상,8643,8643,0.0,0,0
2022-12-11,토마토,5키로상자,상,0,0,0.0,0,1
2022-12-12,토마토,5키로상자,상,9129,9129,0.0,0,0
2022-12-13,토마토,5키로상자,상,8400,-729,-7.985540584949064,0,0
2022-12-14,토마토,5키로상자,상,8324,-76,-0.9047619047619048,0,0
2022-12-15,토마토,5키로상자,상,7941,-383,-4.601153291686689,0,0
2022-12-16,토마토,5키로상자,상,8618,677,8.525374637954917,0,0
2022-12-17,토마토,5키로상자,상,7550,-1068,-12.39266651195173,0,0
2022-12-18,토마토,5키로상자,상,0,0,0.0,0,1
2022-12-19,토마토,5키로상자,상,8902,8902,0.0,0,0
2022-12-20,토마토,5키로상자,상,7538,-1364,-15.322399460795328,0,0
2022-12-21,토마토,5키로상자,상,7487,-51,-0.6765720350225524,0,0
2022-12-22,토마토,5키로상자,상,7529,42,0.5609723520769333,0,0
2022-12-23,토마토,5키로상자,상,8098,569,7.557444547748705,0,0
2022-12-24,토마토,5키로상자,상,7382,-716,-8.841689306001483,0,0
2022-12-25,토마토,5키로상자,상,0,0,0.0,0,1
2022-12-26,토마토,5키로상자,상,8707,8707,0.0,0,0
2022-12-27,토마토,5키로상자,상,9269,562,6.454576777305617,0,0
2022-12-28,토마토,5키로상자,상,8506,-763,-8.231740209299817,0,0
2022-12-29,토마토,5키로상자,상,9714,1208,14.201739948271808,0,0
2022-12-30,토마토,5키로상자,상,10168,454,4.673666872555075,0,0
2022-12-31,토마토,5키로상자,상,8615,-1553,-15.273406766325728,0,0
2023-01-01,토마토,5키로상자,상,0,0,0.0,0,1
2023-01-02,,,,0,0,0.0,0,0
2023-01-03,토마토,5키로상자,상,8960,8960,0.0,0,0
2023-01-04,토마토,5키로상자,상,7802,7802,0.0,0,0
2023-01-05,토마토,5키로상자,상,8299,8299,0.0,0,0
2023-01-06,토마토,5키로상자,상,8356,8356,0.0,0,0
2023-01-07,토마토,5키로상자,상,8692,8692,0.0,0,0
2023-01-08,,,,0,0,0.0,0,1
2023-01-09,토마토,5키로상자,상,10087,10087,0.0,0,0
2023-01-10,토마토,5키로상자,상,10137,10137,0.0,0,0
2023-01-11,토마토,5키로상자,상,10299,162,1.598105948505475,0,0
2023-01-12,토마토,5키로상자,상,15584,5285,51.31566171472959,0,0
2023-01-13,토마토,5키로상자,상,13009,-2575,-16.52335728952772,0,0
2023-01-14,토마토,5키로상자,상,11507,-1502,-11.545852871089243,0,0
2023-01-15,토마토,5키로상자,상,0,0,0.0,0,1
2023-01-16,토마토,5키로상자,상,11899,11899,0.0,0,0
2023-01-17,토마토,5키로상자,상,12740,841,7.067820825279434,0,0
2023-01-18,토마토,5키로상자,상,12936,196,1.5384615384615383,0,0
2023-01-19,토마토,5키로상자,상,14306,1370,10.590599876314162,0,0
2023-01-20,토마토,5키로상자,상,13583,-723,-5.053823570529847,0,0
2023-01-21,토마토,5키로상자,상,9760,-3823,-28.145475962600308,0,0
2023-01-22,토마토,5키로상자,상,0,0,0.0,0,1
2023-01-23,토마토,5키로상자,상,0,0,0.0,0,0
2023-01-24,,,,0,0,0.0,0,0
2023-01-25,토마토,5키로상자,상,11713,11713,0.0,0,0
2023-01-26,토마토,5키로상자,상,9384,-2329,-19.88388969521045,0,0
2023-01-27,토마토,5키로상자,상,9654,270,2.877237851662404,0,0
2023-01-28,토마토,5키로상자,상,9861,207,2.144188937228092,0,0
2023-01-29,토마토,5키로상자,상,0,0,0.0,0,1
2023-01-30,토마토,5키로상자,상,10526,10526,0.0,0,0
2023-01-31,토마토,5키로상자,상,12088,1562,14.8394451833555,0,0
2023-02-01,토마토,5키로상자,상,12189,101,0.8355393778954334,0,0
2023-02-02,토마토,5키로상자,상,15747,15747,0.0,0,0
2023-02-03,토마토,5키로상자,상,14770,14770,0.0,0,0
2023-02-04,토마토,5키로상자,상,15582,15582,0.0,0,0
2023-02-05,,,,0,0,0.0,0,1
2023-02-06,토마토,5키로상자,상,16165,16165,0.0,0,0
2023-02-07,토마토,5키로상자,상,17029,17029,0.0,0,0
2023-02-08,토마토,5키로상자,상,16276,16276,0.0,0,0
2023-02-09,토마토,5키로상자,상,15555,15555,0.0,0,0
2023-02-10,토마토,5키로상자,상,14760,14760,0.0,0,0
2023-02-11,토마토,5키로상자,상,13526,-1234,-8.360433604336043,0,0
2023-02-12,토마토,5키로상자,상,0,0,0.0,0,1
2023-02-13,토마토,5키로상자,상,15441,15441,0.0,0,0
2023-02-14,토마토,5키로상자,상,15153,-288,-1.8651641733048376,0,0
2023-02-15,토마토,5키로상자,상,16268,1115,7.35827888866891,0,0
2023-02-16,토마토,5키로상자,상,17384,1116,6.860093434964347,0,0
2023-02-17,토마토,5키로상자,상,18794,1410,8.11090658076392,0,0
2023-02-18,토마토,5키로상자,상,20480,1686,8.970948174949452,0,0
2023-02-19,토마토,5키로상자,상,0,0,0.0,0,1
2023-02-20,토마토,5키로상자,상,21323,21323,0.0,0,0
2023-02-21,토마토,5키로상자,상,21878,555,2.60282324250809,0,0
2023-02-22,토마토,5키로상자,상,21779,-99,-0.4525093701435232,0,0
2023-02-23,토마토,5키로상자,상,22786,1007,4.623720097341476,0,0
2023-02-24,토마토,5키로상자,상,20582,-2204,-9.672605986131837,0,0
2023-02-25,토마토,5키로상자,상,20299,-283,-1.374987853464192,0,0
2023-02-26,토마토,5키로상자,상,0,0,0.0,0,1
2023-02-27,토마토,5키로상자,상,21669,21669,0.0,0,0
2023-02-28,토마토,5키로상자,상,19876,-1793,-8.274493516082883,0,0
2023-03-01,토마토,5키로상자,상,18528,-1348,-6.782048701952103,0,0
2023-03-02,토마토,5키로상자,상,19210,19210,0.0,0,0
2023-03-03,토마토,5키로상자,상,19036,19036,0.0,0,0
2023-03-04,토마토,5키로상자,상,17105,17105,0.0,0,0
2023-03-05,,,,0,0,0.0,0,1
2023-03-06,토마토,5키로상자,상,16885,16885,0.0,0,0
2023-03-07,토마토,5키로상자,상,14390,14390,0.0,0,0
2023-03-08,토마토,5키로상자,상,14020,14020,0.0,0,0
2023-03-09,토마토,5키로상자,상,13925,13925,0.0,0,0
2023-03-10,토마토,5키로상자,상,13110,13110,0.0,0,0
2023-03-11,토마토,5키로상자,상,11523,-1587,-12.105263157894736,0,0
2023-03-12,토마토,5키로상자,상,0,0,0.0,0,1
2023-03-13,토마토,5키로상자,상,12429,12429,0.0,0,0
2023-03-14,토마토,5키로상자,상,13920,1491,11.996138064204684,0,0
2023-03-15,토마토,5키로상자,상,13292,-628,-4.511494252873563,0,0
2023-03-16,토마토,5키로상자,상,16180,2888,21.727354799879627,0,0
2023-03-17,토마토,5키로상자,상,16081,-99,-0.6118665018541409,0,0
2023-03-18,토마토,5키로상자,상,16369,288,1.7909333996642,0,0
2023-03-19,토마토,5키로상자,상,0,0,0.0,0,1
2023-03-20,토마토,5키로상자,상,17655,17655,0.0,0,0
2023-03-21,토마토,5키로상자,상,16553,-1102,-6.241857830642878,0,0
2023-03-22,토마토,5키로상자,상,16770,217,1.3109406149942608,0,0
2023-03-23,토마토,5키로상자,상,17750,980,5.84376863446631,0,0
2023-03-24,토마토,5키로상자,상,16455,-1295,-7.295774647887324,0,0
2023-03-25,토마토,5키로상자,상,15894,-561,-3.4092980856882407,0,0
2023-03-26,토마토,5키로상자,상,0,0,0.0,0,1
2023-03-27,토마토,5키로상자,상,16560,16560,0.0,0,0
2023-03-28,토마토,5키로상자,상,17207,647,3.907004830917874,0,0
2023-03-29,토마토,5키로상자,상,16599,-608,-3.53344569070727,0,0
2023-03-30,토마토,5키로상자,상,17662,1063,6.404000240978372,0,0
2023-03-31,토마토,5키로상자,상,16554,-1108,-6.27335522590873,0,0
2023-04-01,토마토,5키로상자,상,15794,-760,-4.591035399299264,0,0
2023-04-02,,,,0,0,0.0,0,1
2023-04-03,토마토,5키로상자,상,14967,14967,0.0,0,0
2023-04-04,토마토,5키로상자,상,15212,15212,0.0,0,0
2023-04-05,토마토,5키로상자,상,13402,13402,0.0,0,0
2023-04-06,토마토,5키로상자,상,13952,13952,0.0,0,0
2023-04-07,토마토,5키로상자,상,13286,13286,0.0,0,0
2023-04-08,토마토,5키로상자,상,12160,12160,0.0,0,0
2023-04-09,,,,0,0,0.0,0,1
2023-04-10,토마토,5키로상자,상,12076,12076,0.0,0,0
2023-04-11,토마토,5키로상자,상,11543,-533,-4.413713150049685,0,0
2023-04-12,토마토,5키로상자,상,10810,-733,-6.350168933552802,0,0
2023-04-13,토마토,5키로상자,상,9603,-1207,-11.165587419056427,0,0
2023-04-14,토마토,5키로상자,상,10819,1216,12.662709569926063,0,0
2023-04-15,토마토,5키로상자,상,11019,200,1.8485996857380536,0,0
2023-04-16,토마토,5키로상자,상,0,0,0.0,0,1
2023-04-17,토마토,5키로상자,상,10460,10460,0.0,0,0
2023-04-18,토마토,5키로상자,상,10602,142,1.3575525812619502,0,0
2023-04-19,토마토,5키로상자,상,10735,133,1.254480286738351,0,0
2023-04-20,토마토,5키로상자,상,11199,464,4.32231020027946,0,0
2023-04-21,토마토,5키로상자,상,11336,137,1.2233235110277705,0,0
2023-04-22,토마토,5키로상자,상,11113,-223,-1.9671841919548343,0,0
2023-04-23,토마토,5키로상자,상,0,0,0.0,0,1
2023-04-24,토마토,5키로상자,상,10389,10389,0.0,0,0
2023-04-25,토마토,5키로상자,상,10339,-50,-0.481278275098662,0,0
2023-04-26,토마토,5키로상자,상,10337,-2,-0.0193442305832285,0,0
2023-04-27,토마토,5키로상자,상,10674,337,3.260133501015769,0,0
2023-04-28,토마토,5키로상자,상,10291,-383,-3.588158141277872,0,0
2023-04-29,토마토,5키로상자,상,9875,-416,-4.0423671168982604,0,0
2023-04-30,토마토,5키로상자,상,0,0,0.0,0,1
2023-05-01,토마토,5키로상자,상,9716,9716,0.0,0,0
2023-05-02,토마토,5키로상자,상,9624,9624,0.0,0,0
2023-05-03,토마토,5키로상자,상,9430,9430,0.0,0,0
2023-05-04,토마토,5키로상자,상,9753,9753,0.0,0,0
2023-05-05,토마토,5키로상자,상,9785,9785,0.0,0,0
2023-05-06,토마토,5키로상자,상,10430,10430,0.0,0,0
2023-05-07,,,,0,0,0.0,0,1
2023-05-08,토마토,5키로상자,상,10932,10932,0.0,0,0
2023-05-09,토마토,5키로상자,상,11457,11457,0.0,0,0
2023-05-10,토마토,5키로상자,상,11106,11106,0.0,0,0
2023-05-11,토마토,5키로상자,상,11501,395,3.5566360525841887,0,0
2023-05-12,토마토,5키로상자,상,11489,-12,-0.1043387531518998,0,0
2023-05-13,토마토,5키로상자,상,10825,-664,-5.779441204630516,0,0
2023-05-14,토마토,5키로상자,상,0,0,0.0,0,1
2023-05-15,토마토,5키로상자,상,11064,11064,0.0,0,0
2023-05-16,토마토,5키로상자,상,11537,473,4.275126536514823,0,0
2023-05-17,토마토,5키로상자,상,10580,-957,-8.295050706422813,0,0
2023-05-18,토마토,5키로상자,상,10425,-155,-1.4650283553875236,0,0
2023-05-19,토마토,5키로상자,상,10689,264,2.5323741007194247,0,0
2023-05-20,토마토,5키로상자,상,10548,-141,-1.3191131069323605,0,0
2023-05-21,토마토,5키로상자,상,0,0,0.0,0,1
2023-05-22,토마토,5키로상자,상,10165,10165,0.0,0,0
2023-05-23,토마토,5키로상자,상,10640,475,4.672897196261682,0,0
2023-05-24,토마토,5키로상자,상,9430,-1210,-11.37218045112782,0,0
2023-05-25,토마토,5키로상자,상,9284,-146,-1.5482502651113468,0,0
2023-05-26,토마토,5키로상자,상,8339,-945,-10.178802240413615,0,0
2023-05-27,토마토,5키로상자,상,7217,-1122,-13.454850701522965,0,0
2023-05-28,토마토,5키로상자,상,0,0,0.0,0,1
2023-05-29,토마토,5키로상자,상,6808,6808,0.0,0,0
2023-05-30,토마토,5키로상자,상,7185,377,5.537602820211516,0,0
2023-05-31,토마토,5키로상자,상,7274,89,1.2386917188587334,0,0
2023-06-01,토마토,5키로상자,상,9147,1873,25.749243882320595,0,0
2023-06-02,토마토,5키로상자,상,10841,10841,0.0,0,0
2023-06-03,토마토,5키로상자,상,14913,14913,0.0,0,0
2023-06-04,,,,0,0,0.0,0,1
2023-06-05,토마토,5키로상자,상,13131,13131,0.0,0,0
2023-06-06,토마토,5키로상자,상,11440,11440,0.0,0,0
2023-06-07,토마토,5키로상자,상,11087,11087,0.0,0,0
2023-06-08,토마토,5키로상자,상,11207,11207,0.0,0,0
2023-06-09,토마토,5키로상자,상,11013,11013,0.0,0,0
2023-06-10,토마토,5키로상자,상,11553,11553,0.0,0,0
2023-06-11,토마토,5키로상자,상,0,0,0.0,0,1
2023-06-12,토마토,5키로상자,상,11159,11159,0.0,0,0
2023-06-13,토마토,5키로상자,상,11365,206,1.846043552289632,0,0
2023-06-14,토마토,5키로상자,상,12546,1181,10.391553013638363,0,0
2023-06-15,토마토,5키로상자,상,13902,1356,10.808225729316115,0,0
2023-06-16,토마토,5키로상자,상,13483,-419,-3.013954826643648,0,0
2023-06-17,토마토,5키로상자,상,12661,-822,-6.096566046132167,0,0
2023-06-18,토마토,5키로상자,상,0,0,0.0,0,1
2023-06-19,토마토,5키로상자,상,10460,10460,0.0,0,0
2023-06-20,토마토,5키로상자,상,10153,-307,-2.934990439770554,0,0
2023-06-21,토마토,5키로상자,상,10632,479,4.717817393873732,0,0
2023-06-22,토마토,5키로상자,상,11935,1303,12.255455229495862,0,0
2023-06-23,토마토,5키로상자,상,11591,-344,-2.8822790113112693,0,0
2023-06-24,토마토,5키로상자,상,11092,-499,-4.305064274005694,0,0
2023-06-25,토마토,5키로상자,상,0,0,0.0,0,1
2023-06-26,토마토,5키로상자,상,9881,9881,0.0,0,0
2023-06-27,토마토,5키로상자,상,9727,-154,-1.558546705799008,0,0
2023-06-28,토마토,5키로상자,상,9800,73,0.7504883314485453,0,0
2023-06-29,토마토,5키로상자,상,9830,30,0.3061224489795918,0,0
2023-06-30,토마토,5키로상자,상,9193,-637,-6.4801627670396735,0,0
2023-07-01,토마토,5키로상자,상,9601,408,4.438159469161318,0,0
2023-07-02,,,,0,0,0.0,0,1
2023-07-03,토마토,5키로상자,상,9728,9728,0.0,0,0
2023-07-04,토마토,5키로상자,상,11755,11755,0.0,0,0
2023-07-05,토마토,5키로상자,상,13797,13797,0.0,0,0
2023-07-06,토마토,5키로상자,상,18891,18891,0.0,0,0
2023-07-07,토마토,5키로상자,상,20349,20349,0.0,0,0
2023-07-08,토마토,5키로상자,상,16697,16697,0.0,0,0
2023-07-09,,,,0,0,0.0,0,1
2023-07-10,토마토,5키로상자,상,14300,14300,0.0,0,0
2023-07-11,토마토,5키로상자,상,15080,780,5.454545454545454,0,0
2023-07-12,토마토,5키로상자,상,15783,703,4.661803713527851,0,0
2023-07-13,토마토,5키로상자,상,18010,2227,14.110118481910916,0,0
2023-07-14,토마토,5키로상자,상,19771,1761,9.77790116601888,0,0
2023-07-15,토마토,5키로상자,상,15872,-3899,-19.72080319660108,0,0
2023-07-16,토마토,5키로상자,상,0,0,0.0,0,1
2023-07-17,토마토,5키로상자,상,15760,15760,0.0,0,0
2023-07-18,토마토,5키로상자,상,12549,-3211,-20.374365482233504,0,0
2023-07-19,토마토,5키로상자,상,12127,-422,-3.3628177544027418,0,0
2023-07-20,토마토,5키로상자,상,12542,415,3.422115939638822,0,0
2023-07-21,토마토,5키로상자,상,12941,399,3.1813107957263598,0,0
2023-07-22,토마토,5키로상자,상,12401,-540,-4.17278417432965,0,0
2023-07-23,토마토,5키로상자,상,0,0,0.0,0,1
2023-07-24,토마토,5키로상자,상,12972,12972,0.0,0,0
2023-07-25,토마토,5키로상자,상,11589,-1383,-10.661424606845516,0,0
2023-07-26,토마토,5키로상자,상,12325,736,6.350849943912331,0,0
2023-07-27,토마토,5키로상자,상,11891,-434,-3.5212981744421903,0,0
2023-07-28,토마토,5키로상자,상,12339,448,3.7675552939197714,0,0
2023-07-29,토마토,5키로상자,상,11649,-690,-5.5920252856795525,0,0
2023-07-30,토마토,5키로상자,상,0,0,0.0,0,1
2023-07-31,토마토,5키로상자,상,11794,11794,0.0,0,0
2023-08-01,토마토,5키로상자,상,12454,660,5.596065796167543,0,0
2023-08-02,토마토,5키로상자,상,13493,13493,0.0,0,0
2023-08-03,토마토,5키로상자,상,15901,15901,0.0,0,0
2023-08-04,토마토,5키로상자,상,26304,26304,0.0,0,0
2023-08-05,,,,0,0,0.0,0,0
2023-08-06,,,,0,0,0.0,0,1
2023-08-07,토마토,5키로상자,상,16003,16003,0.0,0,0
2023-08-08,토마토,5키로상자,상,14895,14895,0.0,0,0
2023-08-09,토마토,5키로상자,상,15330,15330,0.0,0,0
2023-08-10,토마토,5키로상자,상,16371,16371,0.0,0,0
2023-08-11,토마토,5키로상자,상,17244,873,5.332600329851567,0,0
2023-08-12,토마토,5키로상자,상,14658,-2586,-14.996520528879612,0,0
2023-08-13,토마토,5키로상자,상,0,0,0.0,0,1
2023-08-14,토마토,5키로상자,상,15498,15498,0.0,0,0
2023-08-15,토마토,5키로상자,상,15076,-422,-2.7229319912246743,0,0
2023-08-16,토마토,5키로상자,상,14983,-93,-0.6168745025205624,0,0
2023-08-17,토마토,5키로상자,상,14723,-260,-1.7353000066742306,0,0
2023-08-18,토마토,5키로상자,상,18374,3651,24.79793520342321,0,0
2023-08-19,토마토,5키로상자,상,27927,9553,51.991945139871554,0,0
2023-08-20,토마토,5키로상자,상,0,0,0.0,0,1
2023-08-21,토마토,5키로상자,상,21275,21275,0.0,0,0
2023-08-22,토마토,5키로상자,상,23034,1759,8.26792009400705,0,0
2023-08-23,토마토,5키로상자,상,25241,2207,9.581488234783365,0,0
2023-08-24,토마토,5키로상자,상,28936,3695,14.638881185373004,0,0
2023-08-25,토마토,5키로상자,상,29013,77,0.266104506497097,0,0
2023-08-26,토마토,5키로상자,상,28660,-353,-1.2166959638782615,0,0
2023-08-27,토마토,5키로상자,상,0,0,0.0,0,1
2023-08-28,토마토,5키로상자,상,22958,22958,0.0,0,0
2023-08-29,토마토,5키로상자,상,26621,3663,15.955222580364142,0,0
2023-08-30,토마토,5키로상자,상,29415,2794,10.495473498365952,0,0
2023-08-31,토마토,5키로상자,상,34769,5354,18.201597824239336,0,0
2023-09-01,토마토,5키로상자,상,35437,668,1.9212516897236045,0,0
2023-09-02,토마토,5키로상자,상,33104,33104,0.0,0,0
2023-09-03,,,,0,0,0.0,0,1
2023-09-04,토마토,5키로상자,상,34173,34173,0.0,0,0
2023-09-05,토마토,5키로상자,상,31655,31655,0.0,0,0
2023-09-06,토마토,5키로상자,상,32220,32220,0.0,0,0
2023-09-07,토마토,5키로상자,상,33462,33462,0.0,0,0
2023-09-08,토마토,5키로상자,상,33374,33374,0.0,0,0
2023-09-09,토마토,5키로상자,상,30975,30975,0.0,0,0
2023-09-10,,,,0,0,0.0,0,1
2023-09-11,토마토,5키로상자,상,27599,27599,0.0,0,0
2023-09-12,토마토,5키로상자,상,26541,-1058,-3.8334722272546102,0,0
2023-09-13,토마토,5키로상자,상,25176,-1365,-5.14298632304736,0,0
2023-09-14,토마토,5키로상자,상,23685,-1491,-5.92230695900858,0,0
2023-09-15,토마토,5키로상자,상,22912,-773,-3.2636689888114843,0,0
2023-09-16,토마토,5키로상자,상,20348,-2564,-11.19064245810056,0,0
2023-09-17,토마토,5키로상자,상,0,0,0.0,0,1
2023-09-18,토마토,5키로상자,상,23674,23674,0.0,0,0
2023-09-19,토마토,5키로상자,상,21561,-2113,-8.925403396130777,0,0
2023-09-20,토마토,5키로상자,상,29307,7746,35.925977459301514,0,0
2023-09-21,토마토,5키로상자,상,31180,1873,6.390964615962057,0,0
2023-09-22,토마토,5키로상자,상,51093,19913,63.86465683130211,0,0
2023-09-23,토마토,5키로상자,상,51440,347,0.6791537001154757,0,0
2023-09-24,토마토,5키로상자,상,0,0,0.0,0,1
2023-09-25,토마토,5키로상자,상,37250,37250,0.0,0,0
2023-09-26,토마토,5키로상자,상,35507,-1743,-4.679194630872483,0,0
2023-09-27,토마토,5키로상자,상,23499,-12008,-33.818683639845666,0,0
2023-09-28,토마토,5키로상자,상,15174,-8325,-35.42703944848717,0,0
2023-09-29,토마토,5키로상자,상,0,0,0.0,0,0
2023-09-30,토마토,5키로상자,상,0,0,0.0,0,0
2023-10-01,토마토,5키로상자,상,0,0,0.0,0,1
2023-10-02,토마토,5키로상자,상,14893,14893,0.0,0,0
2023-10-03,토마토,5키로상자,상,15022,15022,0.0,0,0
2023-10-04,토마토,5키로상자,상,20787,20787,0.0,0,0
2023-10-05,토마토,5키로상자,상,23555,23555,0.0,0,0
2023-10-06,토마토,5키로상자,상,25626,25626,0.0,0,0
2023-10-07,토마토,5키로상자,상,27175,27175,0.0,0,0
2023-10-08,,,,0,0,0.0,0,1
2023-10-09,토마토,5키로상자,상,26144,26144,0.0,0,0
2023-10-10,토마토,5키로상자,상,29628,29628,0.0,0,0
2023-10-11,토마토,5키로상자,상,28647,-981,-3.311057108140948,0,0
2023-10-12,토마토,5키로상자,상,34132,5485,19.1468565643872,0,0
2023-10-13,토마토,5키로상자,상,43145,9013,26.40630493378648,0,0
2023-10-14,토마토,5키로상자,상,73583,30438,70.54815158187508,0,0
2023-10-15,토마토,5키로상자,상,0,0,0.0,0,1
2023-10-16,토마토,5키로상자,상,72425,72425,0.0,0,0
2023-10-17,토마토,5키로상자,상,59766,-12659,-17.47877114256127,0,0
2023-10-18,토마토,5키로상자,상,56185,-3581,-5.991700967105043,0,0
2023-10-19,토마토,5키로상자,상,50853,-5332,-9.49007742279968,0,0
2023-10-20,토마토,5키로상자,상,45080,-5773,-11.352329262777024,0,0
2023-10-21,토마토,5키로상자,상,38566,-6514,-14.449866903283052,0,0
2023-10-22,토마토,5키로상자,상,0,0,0.0,0,1
2023-10-23,토마토,5키로상자,상,32913,32913,0.0,0,0
2023-10-24,토마토,5키로상자,상,26308,-6605,-20.068058214079542,0,0
2023-10-25,토마토,5키로상자,상,26510,202,0.7678272768739547,0,0
2023-10-26,토마토,5키로상자,상,26468,-42,-0.1584307808374198,0,0
2023-10-27,토마토,5키로상자,상,24610,-1858,-7.019797491310261,0,0
2023-10-28,토마토,5키로상자,상,24602,-8,-0.032507110930516,0,0
2023-10-29,토마토,5키로상자,상,0,0,0.0,0,1
2023-10-30,토마토,5키로상자,상,23809,23809,0.0,0,0
2023-10-31,토마토,5키로상자,상,21940,-1869,-7.849972699399387,0,0
2023-11-01,토마토,5키로상자,상,20248,-1692,-7.711941659070192,0,0
2023-11-02,토마토,5키로상자,상,17321,17321,0.0,0,0
2023-11-03,토마토,5키로상자,상,15676,15676,0.0,0,0
2023-11-04,토마토,5키로상자,상,15676,15676,0.0,0,0
2023-11-05,,,,0,0,0.0,0,1
2023-11-06,토마토,5키로상자,상,14787,14787,0.0,0,0
2023-11-07,토마토,5키로상자,상,16475,16475,0.0,0,0
2023-11-08,토마토,5키로상자,상,18313,18313,0.0,0,0
2023-11-09,토마토,5키로상자,상,18016,18016,0.0,0,0
2023-11-10,토마토,5키로상자,상,21459,21459,0.0,0,0
2023-11-11,토마토,5키로상자,상,17279,-4180,-19.479006477468666,0,0
2023-11-12,토마토,5키로상자,상,0,0,0.0,0,1
2023-11-13,토마토,5키로상자,상,16910,16910,0.0,0,0
2023-11-14,토마토,5키로상자,상,15584,-1326,-7.841513897102306,0,0
2023-11-15,토마토,5키로상자,상,15106,-478,-3.0672484599589325,0,0
2023-11-16,토마토,5키로상자,상,14774,-332,-2.197802197802198,0,0
2023-11-17,토마토,5키로상자,상,15388,614,4.155949641261676,0,0
2023-11-18,토마토,5키로상자,상,15059,-329,-2.138029633480634,0,0
2023-11-19,토마토,5키로상자,상,0,0,0.0,0,1
2023-11-20,토마토,5키로상자,상,16288,16288,0.0,0,0
2023-11-21,토마토,5키로상자,상,16538,250,1.5348722986247545,0,0
2023-11-22,토마토,5키로상자,상,17665,1127,6.8146087797799,0,0
2023-11-23,토마토,5키로상자,상,17636,-29,-0.164166430795358,0,0
2023-11-24,토마토,5키로상자,상,17571,-65,-0.3685643002948514,0,0
2023-11-25,토마토,5키로상자,상,18847,1276,7.261965739001765,0,0
2023-11-26,토마토,5키로상자,상,0,0,0.0,0,1
2023-11-27,토마토,5키로상자,상,19500,19500,0.0,0,0
2023-11-28,토마토,5키로상자,상,19309,-191,-0.9794871794871796,0,0
2023-11-29,토마토,5키로상자,상,22220,2911,15.07587135532653,0,0
2023-11-30,토마토,5키로상자,상,26088,3868,17.407740774077407,0,0
2023-12-01,토마토,5키로상자,상,23235,-2853,-10.9360625574977,0,0
2023-12-02,토마토,5키로상자,상,23235,23235,0.0,0,0
2023-12-03,,,,0,0,0.0,0,1
2023-12-04,토마토,5키로상자,상,21271,21271,0.0,0,0
2023-12-05,토마토,5키로상자,상,19496,19496,0.0,0,0
2023-12-06,토마토,5키로상자,상,19246,19246,0.0,0,0
2023-12-07,토마토,5키로상자,상,18861,18861,0.0,0,0
2023-12-08,토마토,5키로상자,상,18110,18110,0.0,0,0
2023-12-09,토마토,5키로상자,상,16669,16669,0.0,0,0
2023-12-10,,,,0,0,0.0,0,1
2023-12-11,토마토,5키로상자,상,17414,17414,0.0,0,0
2023-12-12,토마토,5키로상자,상,17130,-284,-1.630871712415298,0,0
2023-12-13,토마토,5키로상자,상,17907,777,4.535901926444834,0,0
2023-12-14,토마토,5키로상자,상,18221,314,1.7535042162282906,0,0
2023-12-15,토마토,5키로상자,상,20372,2151,11.80506009549421,0,0
2023-12-16,토마토,5키로상자,상,19380,-992,-4.86942862752798,0,0
2023-12-17,토마토,5키로상자,상,0,0,0.0,0,1
2023-12-18,토마토,5키로상자,상,20911,20911,0.0,0,0
2023-12-19,토마토,5키로상자,상,20850,-61,-0.2917124958155994,0,0
2023-12-20,토마토,5키로상자,상,22252,1402,6.7242206235012,0,0
2023-12-21,토마토,5키로상자,상,22196,-56,-0.2516627718856732,0,0
2023-12-22,토마토,5키로상자,상,20529,-1667,-7.510362227428366,0,0
2023-12-23,토마토,5키로상자,상,21270,741,3.609527984801988,0,0
2023-12-24,토마토,5키로상자,상,0,0,0.0,0,1
2023-12-25,토마토,5키로상자,상,20323,20323,0.0,0,0
2023-12-26,토마토,5키로상자,상,19950,-373,-1.8353589529104957,0,0
2023-12-27,토마토,5키로상자,상,20908,958,4.802005012531328,0,0
2023-12-28,토마토,5키로상자,상,21790,882,4.21848096422422,0,0
2023-12-29,토마토,5키로상자,상,19760,-2030,-9.31620009178522,0,0
2023-12-30,토마토,5키로상자,상,19786,26,0.131578947368421,0,0
2023-12-31,토마토,5키로상자,상,0,0,0.0,0,1
2024-01-01,토마토,5키로상자,상,0,0,0.0,0,0
2024-01-02,,,,0,0,0.0,0,0
2024-01-03,토마토,5키로상자,상,17571,17571,0.0,0,0
2024-01-04,토마토,5키로상자,상,18046,18046,0.0,0,0
2024-01-05,토마토,5키로상자,상,17659,17659,0.0,0,0
2024-01-06,토마토,5키로상자,상,17579,17579,0.0,0,0
2024-01-07,,,,0,0,0.0,0,1
2024-01-08,토마토,5키로상자,상,18276,18276,0.0,0,0
2024-01-09,토마토,5키로상자,상,17950,17950,0.0,0,0
2024-01-10,토마토,5키로상자,상,18062,18062,0.0,0,0
2024-01-11,토마토,5키로상자,상,18318,256,1.4173402723950836,0,0
2024-01-12,토마토,5키로상자,상,19692,1374,7.500818866688504,0,0
2024-01-13,토마토,5키로상자,상,23139,3447,17.50457038391225,0,0
2024-01-14,토마토,5키로상자,상,0,0,0.0,0,1
2024-01-15,토마토,5키로상자,상,25598,25598,0.0,0,0
2024-01-16,토마토,5키로상자,상,26411,813,3.176029377295101,0,0
2024-01-17,토마토,5키로상자,상,27402,991,3.752224451932907,0,0
2024-01-18,토마토,5키로상자,상,28978,1576,5.7514050069338,0,0
2024-01-19,토마토,5키로상자,상,28000,-978,-3.374974118296638,0,0
2024-01-20,토마토,5키로상자,상,28489,489,1.7464285714285714,0,0
2024-01-21,토마토,5키로상자,상,0,0,0.0,0,1
2024-01-22,토마토,5키로상자,상,34565,34565,0.0,0,0
2024-01-23,토마토,5키로상자,상,33730,-835,-2.415738463763923,0,0
2024-01-24,토마토,5키로상자,상,31949,-1781,-5.280166024310703,0,0
2024-01-25,토마토,5키로상자,상,31285,-664,-2.0783123102444523,0,0
2024-01-26,토마토,5키로상자,상,32454,1169,3.7366149912098447,0,0
2024-01-27,토마토,5키로상자,상,31760,-694,-2.1384112898256,0,0
2024-01-28,토마토,5키로상자,상,0,0,0.0,0,1
2024-01-29,토마토,5키로상자,상,31090,31090,0.0,0,0
2024-01-30,토마토,5키로상자,상,28100,-2990,-9.61724027018334,0,0
2024-01-31,토마토,5키로상자,상,27996,-104,-0.3701067615658363,0,0
2024-02-01,토마토,5키로상자,상,28478,482,1.7216745249321332,0,0
2024-02-02,토마토,5키로상자,상,27612,27612,0.0,0,0
2024-02-03,토마토,5키로상자,상,27373,27373,0.0,0,0
2024-02-04,,,,0,0,0.0,0,1
2024-02-05,토마토,5키로상자,상,28572,28572,0.0,0,0
2024-02-06,토마토,5키로상자,상,27432,27432,0.0,0,0
2024-02-07,토마토,5키로상자,상,28132,28132,0.0,0,0
2024-02-08,토마토,5키로상자,상,26061,26061,0.0,0,0
2024-02-09,토마토,5키로상자,상,18105,18105,0.0,0,0
2024-02-10,,,,0,0,0.0,0,0
2024-02-11,토마토,5키로상자,상,0,0,0.0,0,1
2024-02-12,토마토,5키로상자,상,0,0,0.0,0,0
2024-02-13,토마토,5키로상자,상,19785,19785,0.0,0,0
2024-02-14,토마토,5키로상자,상,18904,-881,-4.452868334596917,0,0
2024-02-15,토마토,5키로상자,상,18083,-821,-4.3429961912822685,0,0
2024-02-16,토마토,5키로상자,상,23640,5557,30.73052037825582,0,0
2024-02-17,토마토,5키로상자,상,23564,-76,-0.3214890016920474,0,0
2024-02-18,토마토,5키로상자,상,0,0,0.0,0,1
2024-02-19,토마토,5키로상자,상,23194,23194,0.0,0,0
2024-02-20,토마토,5키로상자,상,23581,387,1.668534965939467,0,0
2024-02-21,토마토,5키로상자,상,26022,2441,10.351554217378398,0,0
2024-02-22,토마토,5키로상자,상,27398,1376,5.287833371762355,0,0
2024-02-23,토마토,5키로상자,상,28370,972,3.5477042119862765,0,0
2024-02-24,토마토,5키로상자,상,31478,3108,10.955234402537892,0,0
2024-02-25,토마토,5키로상자,상,0,0,0.0,0,1
2024-02-26,토마토,5키로상자,상,33964,33964,0.0,0,0
2024-02-27,토마토,5키로상자,상,32741,-1223,-3.60087151101166,0,0
2024-02-28,토마토,5키로상자,상,34472,1731,5.2869490852448,0,0
2024-02-29,토마토,5키로상자,상,36354,1882,5.459503365049896,0,0
2024-03-01,토마토,5키로상자,상,31191,-5163,-14.2020135335864,0,0
2024-03-02,토마토,5키로상자,상,31191,31191,0.0,0,0
2024-03-03,,,,0,0,0.0,0,1
2024-03-04,토마토,5키로상자,상,31789,31789,0.0,0,0
2024-03-05,토마토,5키로상자,상,29556,29556,0.0,0,0
2024-03-06,토마토,5키로상자,상,29688,29688,0.0,0,0
2024-03-07,토마토,5키로상자,상,29214,29214,0.0,0,0
2024-03-08,토마토,5키로상자,상,27618,27618,0.0,0,0
2024-03-09,토마토,5키로상자,상,27243,27243,0.0,0,0
2024-03-10,,,,0,0,0.0,0,1
2024-03-11,토마토,5키로상자,상,27875,27875,0.0,0,0
2024-03-12,토마토,5키로상자,상,27055,-820,-2.9417040358744395,0,0
2024-03-13,토마토,5키로상자,상,26722,-333,-1.2308260949916836,0,0
2024-03-14,토마토,5키로상자,상,26869,147,0.5501085248110171,0,0
2024-03-15,토마토,5키로상자,상,26915,46,0.1712010123190293,0,0
2024-03-16,토마토,5키로상자,상,26260,-655,-2.43358721902285,0,0
2024-03-17,토마토,5키로상자,상,0,0,0.0,0,1
2024-03-18,토마토,5키로상자,상,26424,26424,0.0,0,0
2024-03-19,토마토,5키로상자,상,26389,-35,-0.1324553436270057,0,0
2024-03-20,토마토,5키로상자,상,26730,341,1.2922050854522718,0,0
2024-03-21,토마토,5키로상자,상,27023,293,1.0961466517022072,0,0
2024-03-22,토마토,5키로상자,상,27533,510,1.88728120489953,0,0
2024-03-23,토마토,5키로상자,상,28035,502,1.8232666255039407,0,0
2024-03-24,토마토,5키로상자,상,0,0,0.0,0,1
2024-03-25,토마토,5키로상자,상,26692,26692,0.0,0,0
2024-03-26,토마토,5키로상자,상,27213,521,1.9518956990858685,0,0
2024-03-27,토마토,5키로상자,상,27024,-189,-0.6945210009921728,0,0
2024-03-28,토마토,5키로상자,상,27815,791,2.927027827116637,0,0
2024-03-29,토마토,5키로상자,상,27842,27,0.0970699262987596,0,0
2024-03-30,토마토,5키로상자,상,26603,-1239,-4.450111342575965,0,0
2024-03-31,토마토,5키로상자,상,0,0,0.0,0,1
2024-04-01,토마토,5키로상자,상,26466,26466,0.0,0,0
2024-04-02,토마토,5키로상자,상,26746,26746,0.0,0,0
2024-04-03,토마토,5키로상자,상,27267,27267,0.0,0,0
2024-04-04,토마토,5키로상자,상,28153,28153,0.0,0,0
2024-04-05,토마토,5키로상자,상,27496,27496,0.0,0,0
2024-04-06,토마토,5키로상자,상,28382,28382,0.0,0,0
2024-04-07,,,,0,0,0.0,0,1
2024-04-08,토마토,5키로상자,상,28596,28596,0.0,0,0
2024-04-09,토마토,5키로상자,상,28050,28050,0.0,0,0
2024-04-10,토마토,5키로상자,상,26830,26830,0.0,0,0
2024-04-11,토마토,5키로상자,상,24681,-2149,-8.009690644800596,0,0
2024-04-12,토마토,5키로상자,상,23738,-943,-3.8207528058020337,0,0
2024-04-13,토마토,5키로상자,상,20957,-2781,-11.715393040694243,0,0
2024-04-14,토마토,5키로상자,상,0,0,0.0,0,1
2024-04-15,토마토,5키로상자,상,17487,17487,0.0,0,0
2024-04-16,토마토,5키로상자,상,16094,-1393,-7.965917538743067,0,0
2024-04-17,토마토,5키로상자,상,15857,-237,-1.472598483907046,0,0
2024-04-18,토마토,5키로상자,상,17251,1394,8.79107018982153,0,0
2024-04-19,토마토,5키로상자,상,18438,1187,6.880760535621124,0,0
2024-04-20,토마토,5키로상자,상,22698,4260,23.10445818418484,0,0
2024-04-21,토마토,5키로상자,상,0,0,0.0,0,1
2024-04-22,토마토,5키로상자,상,20739,20739,0.0,0,0
2024-04-23,토마토,5키로상자,상,19366,-1373,-6.6203770673610105,0,0
2024-04-24,토마토,5키로상자,상,21791,2425,12.521945677992358,0,0
2024-04-25,토마토,5키로상자,상,20431,-1360,-6.241108714606948,0,0
2024-04-26,토마토,5키로상자,상,19576,-855,-4.1848171895648765,0,0
2024-04-27,토마토,5키로상자,상,16913,-2663,-13.60339190845934,0,0
2024-04-28,토마토,5키로상자,상,0,0,0.0,0,1
2024-04-29,토마토,5키로상자,상,15952,15952,0.0,0,0
2024-04-30,토마토,5키로상자,상,14335,-1617,-10.136659979939818,0,0
2024-05-01,토마토,5키로상자,상,15384,1049,7.317753749564004,0,0
2024-05-02,토마토,5키로상자,상,16503,16503,0.0,0,0
2024-05-03,토마토,5키로상자,상,18419,18419,0.0,0,0
2024-05-04,토마토,5키로상자,상,17672,17672,0.0,0,0
2024-05-05,,,,0,0,0.0,0,1
2024-05-06,토마토,5키로상자,상,14641,14641,0.0,0,0
2024-05-07,토마토,5키로상자,상,13050,13050,0.0,0,0
2024-05-08,토마토,5키로상자,상,13605,13605,0.0,0,0
2024-05-09,토마토,5키로상자,상,14613,14613,0.0,0,0
2024-05-10,토마토,5키로상자,상,14382,14382,0.0,0,0
2024-05-11,토마토,5키로상자,상,14692,310,2.1554721179251843,0,0
2024-05-12,토마토,5키로상자,상,0,0,0.0,0,1
2024-05-13,토마토,5키로상자,상,15090,15090,0.0,0,0
2024-05-14,토마토,5키로상자,상,14901,-189,-1.252485089463221,0,0
2024-05-15,토마토,5키로상자,상,17224,2323,15.58955774780216,0,0
2024-05-16,토마토,5키로상자,상,20556,3332,19.345099860659545,0,0
2024-05-17,토마토,5키로상자,상,22134,1578,7.676590776415646,0,0
2024-05-18,토마토,5키로상자,상,23138,1004,4.536007951567724,0,0
2024-05-19,토마토,5키로상자,상,0,0,0.0,0,1
2024-05-20,토마토,5키로상자,상,20240,20240,0.0,0,0
2024-05-21,토마토,5키로상자,상,17471,-2769,-13.68083003952569,0,0
2024-05-22,토마토,5키로상자,상,17288,-183,-1.0474500600995935,0,0
2024-05-23,토마토,5키로상자,상,18087,799,4.621702915316983,0,0
2024-05-24,토마토,5키로상자,상,17171,-916,-5.064410902858406,0,0
2024-05-25,토마토,5키로상자,상,14967,-2204,-12.835594898375168,0,0
2024-05-26,토마토,5키로상자,상,0,0,0.0,0,1
2024-05-27,토마토,5키로상자,상,14000,14000,0.0,0,0
2024-05-28,토마토,5키로상자,상,11440,-2560,-18.285714285714285,0,0
2024-05-29,토마토,5키로상자,상,9508,-1932,-16.888111888111887,0,0
2024-05-30,토마토,5키로상자,상,8598,-910,-9.570887673538072,0,0
2024-05-31,토마토,5키로상자,상,7665,-933,-10.851360781577112,0,0
2024-06-01,토마토,5키로상자,상,6586,-1079,-14.076973255055448,0,0
2024-06-02,,,,0,0,0.0,0,1
2024-06-03,토마토,5키로상자,상,8291,8291,0.0,0,0
2024-06-04,토마토,5키로상자,상,8360,8360,0.0,0,0
2024-06-05,토마토,5키로상자,상,9486,9486,0.0,0,0
2024-06-06,토마토,5키로상자,상,10631,10631,0.0,0,0
2024-06-07,토마토,5키로상자,상,11105,11105,0.0,0,0
2024-06-08,토마토,5키로상자,상,11563,11563,0.0,0,0
2024-06-09,,,,0,0,0.0,0,1
2024-06-10,토마토,5키로상자,상,11949,11949,0.0,0,0
2024-06-11,토마토,5키로상자,상,11430,-519,-4.3434597037409,0,0
2024-06-12,토마토,5키로상자,상,11228,-202,-1.7672790901137356,0,0
2024-06-13,토마토,5키로상자,상,10431,-797,-7.09832561453509,0,0
2024-06-14,토마토,5키로상자,상,10638,207,1.984469370146678,0,0
2024-06-15,토마토,5키로상자,상,10835,197,1.851851851851852,0,0
2024-06-16,토마토,5키로상자,상,0,0,0.0,0,1
2024-06-17,토마토,5키로상자,상,10142,10142,0.0,0,0
2024-06-18,토마토,5키로상자,상,9420,-722,-7.118911457306251,0,0
2024-06-19,토마토,5키로상자,상,9287,-133,-1.4118895966029723,0,0
2024-06-20,토마토,5키로상자,상,7623,-1664,-17.917519112738237,0,0
2024-06-21,토마토,5키로상자,상,8626,1003,13.157549521185883,0,0
2024-06-22,토마토,5키로상자,상,8002,-624,-7.233943890563413,0,0
2024-06-23,토마토,5키로상자,상,0,0,0.0,0,1
2024-06-24,토마토,5키로상자,상,8687,8687,0.0,0,0
2024-06-25,토마토,5키로상자,상,8474,-213,-2.4519396799815816,0,0
2024-06-26,토마토,5키로상자,상,7839,-635,-7.493509558649988,0,0
2024-06-27,토마토,5키로상자,상,7111,-728,-9.286898839137644,0,0
2024-06-28,토마토,5키로상자,상,6578,-533,-7.495429616087751,0,0
2024-06-29,토마토,5키로상자,상,7061,483,7.3426573426573425,0,0
2024-06-30,토마토,5키로상자,상,0,0,0.0,0,1
2024-07-01,토마토,5키로상자,상,7945,7945,0.0,0,0
2024-07-02,토마토,5키로상자,상,9168,9168,0.0,0,0
2024-07-03,토마토,5키로상자,상,10116,10116,0.0,0,0
2024-07-04,토마토,5키로상자,상,10901,10901,0.0,0,0
2024-07-05,토마토,5키로상자,상,12999,12999,0.0,0,0
2024-07-06,토마토,5키로상자,상,17163,17163,0.0,0,0
2024-07-07,,,,0,0,0.0,0,1
2024-07-08,토마토,5키로상자,상,14395,14395,0.0,0,0
2024-07-09,토마토,5키로상자,상,12637,12637,0.0,0,0
2024-07-10,토마토,5키로상자,상,11563,11563,0.0,0,0
2024-07-11,토마토,5키로상자,상,10807,-756,-6.538095649917841,0,0
2024-07-12,토마토,5키로상자,상,11392,585,5.413158138243731,0,0
2024-07-13,토마토,5키로상자,상,10589,-803,-7.048806179775282,0,0
2024-07-14,토마토,5키로상자,상,0,0,0.0,0,1
2024-07-15,토마토,5키로상자,상,11057,11057,0.0,0,0
2024-07-16,토마토,5키로상자,상,11115,58,0.5245545808085376,0,0
2024-07-17,토마토,5키로상자,상,10523,-592,-5.326135852451642,0,0
2024-07-18,토마토,5키로상자,상,10548,25,0.2375748360733631,0,0
2024-07-19,토마토,5키로상자,상,9802,-746,-7.072430792567311,0,0
2024-07-20,토마토,5키로상자,상,9395,-407,-4.152213833911446,0,0
2024-07-21,토마토,5키로상자,상,0,0,0.0,0,1
2024-07-22,토마토,5키로상자,상,10091,10091,0.0,0,0
2024-07-23,토마토,5키로상자,상,10770,679,6.728768209295412,0,0
2024-07-24,토마토,5키로상자,상,10697,-73,-0.6778087279480037,0,0
2024-07-25,토마토,5키로상자,상,11108,411,3.84219874731233,0,0
2024-07-26,토마토,5키로상자,상,11834,726,6.535830032409075,0,0
2024-07-27,토마토,5키로상자,상,11846,12,0.1014027378739226,0,0
2024-07-28,토마토,5키로상자,상,0,0,0.0,0,1
2024-07-29,토마토,5키로상자,상,12087,12087,0.0,0,0
2024-07-30,토마토,5키로상자,상,11180,-907,-7.503929841978986,0,0
2024-07-31,토마토,5키로상자,상,11494,314,2.808586762075134,0,0
2024-08-01,토마토,5키로상자,상,12051,557,4.846006612145467,0,0
2024-08-02,토마토,5키로상자,상,11256,11256,0.0,0,0
2024-08-03,,,,0,0,0.0,0,0
2024-08-04,,,,0,0,0.0,0,1
2024-08-05,토마토,5키로상자,상,10365,10365,0.0,0,0
2024-08-06,토마토,5키로상자,상,11723,11723,0.0,0,0
2024-08-07,토마토,5키로상자,상,13906,13906,0.0,0,0
2024-08-08,토마토,5키로상자,상,16149,16149,0.0,0,0
2024-08-09,토마토,5키로상자,상,14614,14614,0.0,0,0
2024-08-10,토마토,5키로상자,상,11161,11161,0.0,0,0
2024-08-11,토마토,5키로상자,상,0,0,0.0,0,1
2024-08-12,토마토,5키로상자,상,11177,11177,0.0,0,0
2024-08-13,토마토,5키로상자,상,12128,951,8.508544332110585,0,0
2024-08-14,토마토,5키로상자,상,16073,3945,32.52803430079156,0,0
2024-08-15,토마토,5키로상자,상,18593,2520,15.678466994338333,0,0
2024-08-16,토마토,5키로상자,상,26211,7618,40.97240897111816,0,0
2024-08-17,토마토,5키로상자,상,28187,1976,7.538819579565831,0,0
2024-08-18,토마토,5키로상자,상,0,0,0.0,0,1
2024-08-19,토마토,5키로상자,상,24672,24672,0.0,0,0
2024-08-20,토마토,5키로상자,상,21818,-2854,-11.567769130998704,0,0
2024-08-21,토마토,5키로상자,상,19655,-2163,-9.913832615271794,0,0
2024-08-22,토마토,5키로상자,상,20270,615,3.128974815568557,0,0
2024-08-23,토마토,5키로상자,상,19056,-1214,-5.989146521953626,0,0
2024-08-24,토마토,5키로상자,상,15084,-3972,-20.84382871536524,0,0
2024-08-25,토마토,5키로상자,상,0,0,0.0,0,1
2024-08-26,토마토,5키로상자,상,14036,14036,0.0,0,0
2024-08-27,토마토,5키로상자,상,11809,-2227,-15.866343687660304,0,0
2024-08-28,토마토,5키로상자,상,13746,1937,16.40274367008214,0,0
2024-08-29,토마토,5키로상자,상,17202,3456,25.141859450021823,0,0
2024-08-30,토마토,5키로상자,상,23760,6558,38.12347401464946,0,0
2024-08-31,토마토,5키로상자,상,25472,1712,7.205387205387205,0,0
2024-09-01,토마토,5키로상자,상,0,0,0.0,0,1
2024-09-02,토마토,5키로상자,상,25855,25855,0.0,0,0
2024-09-03,토마토,5키로상자,상,27481,27481,0.0,0,0
2024-09-04,토마토,5키로상자,상,30518,30518,0.0,0,0
2024-09-05,토마토,5키로상자,상,35929,35929,0.0,0,0
2024-09-06,토마토,5키로상자,상,32510,32510,0.0,0,0
2024-09-07,토마토,5키로상자,상,33978,33978,0.0,0,0
2024-09-08,,,,0,0,0.0,0,1
2024-09-09,토마토,5키로상자,상,37731,37731,0.0,0,0
2024-09-10,토마토,5키로상자,상,37508,37508,0.0,0,0
2024-09-11,토마토,5키로상자,상,40958,3450,9.198037751946252,0,0
2024-09-12,토마토,5키로상자,상,42786,1828,4.463108550222179,0,0
2024-09-13,토마토,5키로상자,상,44285,1499,3.5034824475295654,0,0
2024-09-14,토마토,5키로상자,상,37536,-6749,-15.23992322456814,0,0
2024-09-15,토마토,5키로상자,상,0,0,0.0,0,1
2024-09-16,토마토,5키로상자,상,23103,23103,0.0,0,0
2024-09-17,토마토,5키로상자,상,0,0,0.0,0,0
2024-09-18,,,,0,0,0.0,0,0
2024-09-19,토마토,5키로상자,상,0,0,0.0,0,0
2024-09-20,토마토,5키로상자,상,13408,13408,0.0,0,0
2024-09-21,토마토,5키로상자,상,15758,2350,17.526849642004773,0,0
2024-09-22,토마토,5키로상자,상,0,0,0.0,0,1
2024-09-23,토마토,5키로상자,상,19804,19804,0.0,0,0
2024-09-24,토마토,5키로상자,상,16855,-2949,-14.890931125025247,0,0
2024-09-25,토마토,5키로상자,상,19494,2639,15.65707505191338,0,0
2024-09-26,토마토,5키로상자,상,23617,4123,21.150097465886937,0,0
2024-09-27,토마토,5키로상자,상,22101,-1516,-6.419104882076471,0,0
2024-09-28,토마토,5키로상자,상,23501,1400,6.334554997511425,0,0
2024-09-29,토마토,5키로상자,상,0,0,0.0,0,1
2024-09-30,토마토,5키로상자,상,24942,24942,0.0,0,0
2024-10-01,토마토,5키로상자,상,29594,4652,18.651270948600757,0,0
2024-10-02,토마토,5키로상자,상,40424,40424,0.0,0,0
2024-10-03,토마토,5키로상자,상,55664,55664,0.0,0,0
2024-10-04,토마토,5키로상자,상,59119,59119,0.0,0,0
2024-10-05,토마토,5키로상자,상,60248,60248,0.0,0,0
2024-10-06,,,,0,0,0.0,0,1
2024-10-07,토마토,5키로상자,상,58509,58509,0.0,0,0
2024-10-08,토마토,5키로상자,상,55855,55855,0.0,0,0
2024-10-09,토마토,5키로상자,상,53700,53700,0.0,0,0
2024-10-10,토마토,5키로상자,상,59550,59550,0.0,0,0
2024-10-11,토마토,5키로상자,상,57123,-2427,-4.075566750629723,0,0
2024-10-12,토마토,5키로상자,상,62537,5414,9.477793533252806,0,0
2024-10-13,토마토,5키로상자,상,0,0,0.0,0,1
2024-10-14,토마토,5키로상자,상,57413,57413,0.0,0,0
2024-10-15,토마토,5키로상자,상,42461,-14952,-26.042882274049436,0,0
2024-10-16,토마토,5키로상자,상,39270,-3191,-7.515131532465086,0,0
2024-10-17,토마토,5키로상자,상,38284,-986,-2.51082251082251,0,0
2024-10-18,토마토,5키로상자,상,38000,-284,-0.7418242607877964,0,0
2024-10-19,토마토,5키로상자,상,31776,-6224,-16.378947368421052,0,0
2024-10-20,토마토,5키로상자,상,0,0,0.0,0,1
2024-10-21,토마토,5키로상자,상,31524,31524,0.0,0,0
2024-10-22,토마토,5키로상자,상,26415,-5109,-16.206699657403885,0,0
2024-10-23,토마토,5키로상자,상,25652,-763,-2.888510316108272,0,0
2024-10-24,토마토,5키로상자,상,23106,-2546,-9.92515203492905,0,0
2024-10-25,토마토,5키로상자,상,24870,1764,7.634380680342769,0,0
2024-10-26,토마토,5키로상자,상,20720,-4150,-16.68677121029353,0,0
2024-10-27,토마토,5키로상자,상,0,0,0.0,0,1
2024-10-28,토마토,5키로상자,상,23939,23939,0.0,0,0
2024-10-29,토마토,5키로상자,상,20790,-3149,-13.154267095534482,0,0
2024-10-30,토마토,5키로상자,상,21829,1039,4.997594997594998,0,0
2024-10-31,토마토,5키로상자,상,24839,3010,13.788996289339869,0,0
2024-11-01,토마토,5키로상자,상,27281,2442,9.831313659970208,0,0
2024-11-02,토마토,5키로상자,상,24257,24257,0.0,0,0
2024-11-03,,,,0,0,0.0,0,1
2024-11-04,토마토,5키로상자,상,24453,24453,0.0,0,0
2024-11-05,토마토,5키로상자,상,25728,25728,0.0,0,0
2024-11-06,토마토,5키로상자,상,25720,25720,0.0,0,0
2024-11-07,토마토,5키로상자,상,27827,27827,0.0,0,0
2024-11-08,토마토,5키로상자,상,28539,28539,0.0,0,0
2024-11-09,토마토,5키로상자,상,27632,27632,0.0,0,0
2024-11-10,,,,0,0,0.0,0,1
2024-11-11,토마토,5키로상자,상,30242,30242,0.0,0,0
2024-11-12,토마토,5키로상자,상,34442,4200,13.887970372329873,0,0
2024-11-13,토마토,5키로상자,상,37300,2858,8.298008245746473,0,0
2024-11-14,토마토,5키로상자,상,45995,8695,23.31099195710456,0,0
2024-11-15,토마토,5키로상자,상,38821,-7174,-15.597347537775846,0,0
2024-11-16,토마토,5키로상자,상,31545,-7276,-18.74243321913397,0,0
2024-11-17,토마토,5키로상자,상,0,0,0.0,0,1
2024-11-18,토마토,5키로상자,상,30694,30694,0.0,0,0
2024-11-19,토마토,5키로상자,상,32890,2196,7.154492734736431,0,0
2024-11-20,토마토,5키로상자,상,31429,-1461,-4.442079659470964,0,0
2024-11-21,토마토,5키로상자,상,31900,471,1.4986159279646187,0,0
2024-11-22,토마토,5키로상자,상,28881,-3019,-9.463949843260188,0,0
2024-11-23,토마토,5키로상자,상,23763,-5118,-17.720993040407187,0,0
2024-11-24,토마토,5키로상자,상,0,0,0.0,0,1
2024-11-25,토마토,5키로상자,상,24244,24244,0.0,0,0
2024-11-26,토마토,5키로상자,상,23553,-691,-2.850189737667052,0,0
2024-11-27,토마토,5키로상자,상,22420,-1133,-4.810427546384749,0,0
2024-11-28,토마토,5키로상자,상,22944,524,2.3371989295272075,0,0
2024-11-29,토마토,5키로상자,상,21072,-1872,-8.158995815899582,0,0
2024-11-30,토마토,5키로상자,상,20132,-940,-4.460895975702353,0,0
2024-12-01,토마토,5키로상자,상,0,0,0.0,0,1
2024-12-02,토마토,5키로상자,상,21967,21967,0.0,0,0
2024-12-03,토마토,5키로상자,상,25412,25412,0.0,0,0
2024-12-04,토마토,5키로상자,상,23378,23378,0.0,0,0
2024-12-05,토마토,5키로상자,상,23901,23901,0.0,0,0
2024-12-06,토마토,5키로상자,상,21729,21729,0.0,0,0
2024-12-07,토마토,5키로상자,상,19008,19008,0.0,0,0
2024-12-08,,,,0,0,0.0,0,1
2024-12-09,토마토,5키로상자,상,19529,19529,0.0,0,0
2024-12-10,토마토,5키로상자,상,19098,19098,0.0,0,0
2024-12-11,토마토,5키로상자,상,20330,1232,6.450937270918421,0,0
2024-12-12,토마토,5키로상자,상,20454,124,0.6099360550909985,0,0
2024-12-13,토마토,5키로상자,상,20122,-332,-1.6231543952283174,0,0
2024-12-14,토마토,5키로상자,상,19930,-192,-0.954179505019382,0,0
2024-12-15,토마토,5키로상자,상,0,0,0.0,0,1
2024-12-16,토마토,5키로상자,상,19514,19514,0.0,0,0
2024-12-17,토마토,5키로상자,상,18238,-1276,-6.538895152198422,0,0
2024-12-18,토마토,5키로상자,상,17207,-1031,-5.653032130716087,0,0
2024-12-19,토마토,5키로상자,상,19834,2627,15.267042482710524,0,0
2024-12-20,토마토,5키로상자,상,17353,-2481,-12.508823232832512,0,0
2024-12-21,토마토,5키로상자,상,17127,-226,-1.302368466547571,0,0
2024-12-22,토마토,5키로상자,상,0,0,0.0,0,1
2024-12-23,토마토,5키로상자,상,17749,17749,0.0,0,0
2024-12-24,토마토,5키로상자,상,17194,-555,-3.1269367288297936,0,0
2024-12-25,토마토,5키로상자,상,16983,-211,-1.2271722693963012,0,0
2024-12-26,토마토,5키로상자,상,18875,1892,11.140552317022903,0,0
2024-12-27,토마토,5키로상자,상,15662,-3213,-17.02251655629139,0,0
2024-12-28,토마토,5키로상자,상,14914,-748,-4.775890690844081,0,0
2024-12-29,토마토,5키로상자,상,0,0,0.0,0,1
2024-12-30,토마토,5키로상자,상,15120,15120,0.0,0,0
2024-12-31,토마토,5키로상자,상,13560,-1560,-10.317460317460316,0,0
2025-01-01,토마토,5키로상자,상,0,0,0.0,1,0
2025-01-02,토마토,5키로상자,상,13560,13560,0.0,0,0
2025-01-03,토마토,5키로상자,상,13786,13786,0.0,0,0
2025-01-04,토마토,5키로상자,상,12182,12182,0.0,0,0
2025-01-05,,,,0,0,0.0,0,1
2025-01-06,토마토,5키로상자,상,12442,12442,0.0,0,0
2025-01-07,토마토,5키로상자,상,12402,12402,0.0,0,0
2025-01-08,토마토,5키로상자,상,13800,13800,0.0,0,0
2025-01-09,토마토,5키로상자,상,15943,15943,0.0,0,0
2025-01-10,토마토,5키로상자,상,13529,13529,0.0,0,0
2025-01-11,토마토,5키로상자,상,13482,-47,-0.3474018774484441,0,0
2025-01-12,토마토,5키로상자,상,0,0,0.0,0,1
2025-01-13,토마토,5키로상자,상,14174,14174,0.0,0,0
2025-01-14,토마토,5키로상자,상,14749,575,4.056723578382955,0,0
2025-01-15,토마토,5키로상자,상,15132,383,2.596786222794766,0,0
2025-01-16,토마토,5키로상자,상,17534,2402,15.873645255088553,0,0
2025-01-17,토마토,5키로상자,상,17235,-299,-1.70525835519562,0,0
2025-01-18,토마토,5키로상자,상,18789,1554,9.016536118363796,0,0
2025-01-19,토마토,5키로상자,상,0,0,0.0,0,1
2025-01-20,토마토,5키로상자,상,16933,16933,0.0,0,0
2025-01-21,토마토,5키로상자,상,17176,243,1.4350676194413274,0,0
2025-01-22,토마토,5키로상자,상,15297,-1879,-10.939683278993945,0,0
2025-01-23,토마토,5키로상자,상,14576,-721,-4.713342485454664,0,0
2025-01-24,토마토,5키로상자,상,14011,-565,-3.8762349066959385,0,0
2025-01-25,토마토,5키로상자,상,13582,-429,-3.0618799514667048,0,0
2025-01-26,토마토,5키로상자,상,0,0,0.0,0,1
2025-01-27,토마토,5키로상자,상,12497,12497,0.0,0,0
2025-01-28,토마토,5키로상자,상,10907,-1590,-12.723053532847883,0,0
2025-01-29,토마토,5키로상자,상,0,0,0.0,0,0
2025-01-30,토마토,5키로상자,상,0,0,0.0,0,0
2025-01-31,토마토,5키로상자,상,0,0,0.0,0,0
2025-02-01,토마토,5키로상자,상,10626,10626,0.0,0,0
2025-02-02,,,,0,0,0.0,0,1
2025-02-03,토마토,5키로상자,상,13755,13755,0.0,0,0
2025-02-04,토마토,5키로상자,상,14828,14828,0.0,0,0
2025-02-05,토마토,5키로상자,상,15884,15884,0.0,0,0
2025-02-06,토마토,5키로상자,상,17506,17506,0.0,0,0
2025-02-07,토마토,5키로상자,상,17622,17622,0.0,0,0
2025-02-08,토마토,5키로상자,상,16876,16876,0.0,0,0
2025-02-09,,,,0,0,0.0,0,1
2025-02-10,토마토,5키로상자,상,18153,18153,0.0,0,0
2025-02-11,토마토,5키로상자,상,19931,1778,9.794524321048865,0,0
2025-02-12,토마토,5키로상자,상,0,0,0.0,0,0
2025-02-13,토마토,5키로상자,상,24474,24474,0.0,0,0
2025-02-14,토마토,5키로상자,상,24910,436,1.7814823894745444,0,0
2025-02-15,토마토,5키로상자,상,23937,-973,-3.90606182256122,0,0
2025-02-16,토마토,5키로상자,상,0,0,0.0,0,1
2025-02-17,토마토,5키로상자,상,22019,22019,0.0,0,0
2025-02-18,토마토,5키로상자,상,20493,-1526,-6.930378309641673,0,0
2025-02-19,토마토,5키로상자,상,19945,-548,-2.6740838335041235,0,0
2025-02-20,토마토,5키로상자,상,18673,-1272,-6.377538230132865,0,0
2025-02-21,토마토,5키로상자,상,17335,-1338,-7.165426016173083,0,0
2025-02-22,토마토,5키로상자,상,16851,-484,-2.7920392269974044,0,0
2025-02-23,토마토,5키로상자,상,0,0,0.0,0,1
2025-02-24,토마토,5키로상자,상,17324,17324,0.0,0,0
2025-02-25,토마토,5키로상자,상,17446,122,0.7042253521126761,0,0
2025-02-26,토마토,5키로상자,상,16644,-802,-4.597042301960335,0,0
2025-02-27,토마토,5키로상자,상,17331,687,4.12761355443403,0,0
2025-02-28,토마토,5키로상자,상,15883,-1448,-8.354970861462121,1,0
2025-03-01,토마토,5키로상자,상,17352,1469,9.248882452937105,1,0
2025-03-02,,,,0,0,0.0,0,1
2025-03-03,토마토,5키로상자,상,16959,16959,0.0,0,0
2025-03-04,토마토,5키로상자,상,17375,17375,0.0,0,0
2025-03-05,,,,0,0,0.0,0,0
2025-03-06,토마토,5키로상자,상,17104,17104,0.0,0,0
2025-03-07,토마토,5키로상자,상,17244,17244,0.0,0,0
2025-03-08,토마토,5키로상자,상,19090,19090,0.0,0,0
2025-03-09,,,,0,0,0.0,0,1
2025-03-10,토마토,5키로상자,상,18875,18875,0.0,0,0
2025-03-11,토마토,5키로상자,상,18005,-870,-4.609271523178808,0,0
2025-03-12,토마토,5키로상자,상,19231,1226,6.809219661205221,0,0
2025-03-13,토마토,5키로상자,상,18568,-663,-3.447558629296448,0,0
2025-03-14,토마토,5키로상자,상,17533,-1035,-5.574105988797932,0,0
2025-03-15,토마토,5키로상자,상,18722,1189,6.781497747105458,0,0
2025-03-16,토마토,5키로상자,상,0,0,0.0,0,1
2025-03-17,토마토,5키로상자,상,18194,18194,0.0,0,0
2025-03-18,토마토,5키로상자,상,17893,-301,-1.65439155765637,0,0
2025-03-19,토마토,5키로상자,상,17661,-232,-1.2965964343598055,0,0
2025-03-20,토마토,5키로상자,상,17140,-521,-2.950002831096767,0,0
2025-03-21,토마토,5키로상자,상,16767,-373,-2.176196032672112,0,0
2025-03-22,토마토,5키로상자,상,15907,-860,-5.129122681457625,0,0
2025-03-23,토마토,5키로상자,상,0,0,0.0,0,1
2025-03-24,토마토,5키로상자,상,15634,15634,0.0,0,0
2025-03-25,토마토,5키로상자,상,15447,-187,-1.1961110400409365,0,0
2025-03-26,토마토,5키로상자,상,14555,-892,-5.77458406163009,0,0
2025-03-27,토마토,5키로상자,상,15190,635,4.36276193747853,0,0
2025-03-28,토마토,5키로상자,상,14164,-1026,-6.754443712969059,0,0
2025-03-29,토마토,5키로상자,상,14248,84,0.5930528099406948,0,0
2025-03-30,토마토,5키로상자,상,0,0,0.0,0,1
2025-03-31,토마토,5키로상자,상,14598,14598,0.0,0,0
2025-04-01,토마토,5키로상자,상,13514,-1084,-7.425674749965749,0,0
2025-04-02,토마토,5키로상자,상,13724,13724,0.0,0,0
2025-04-03,토마토,5키로상자,상,14494,14494,0.0,0,0
2025-04-04,토마토,5키로상자,상,14138,14138,0.0,0,0
2025-04-05,토마토,5키로상자,상,13828,13828,0.0,0,0
2025-04-06,,,,0,0,0.0,0,1
2025-04-07,토마토,5키로상자,상,14240,14240,0.0,0,0
2025-04-08,토마토,5키로상자,상,14436,14436,0.0,0,0
2025-04-09,토마토,5키로상자,상,13722,13722,0.0,0,0
2025-04-10,토마토,5키로상자,상,14482,14482,0.0,0,0
2025-04-11,토마토,5키로상자,상,14226,-256,-1.7677116420383925,0,0
2025-04-12,토마토,5키로상자,상,13954,-272,-1.9119921270912417,0,0
2025-04-13,토마토,5키로상자,상,0,0,0.0,0,1
