year,month,day,intake,avg_price,gap,rate
2020,5,7,114,10003,0,HIGH
2020,5,7,16,13475,0,Special
2020,5,8,111,10359,356,HIGH
2020,5,8,16,12394,-1081,Special
2020,5,9,96,9437,-922,HIGH
2020,5,9,14,10504,-1890,Special
2020,5,11,142,9420,-17,HIGH
2020,5,11,20,11789,1285,Special
2020,5,12,113,10205,785,HIGH
2020,5,12,16,10700,-1089,Special
2020,5,13,119,10150,-55,HIGH
2020,5,13,17,11156,456,Special
2020,5,14,137,10213,63,HIGH
2020,5,14,20,11125,-31,Special
2020,5,15,161,9620,-593,HIGH
2020,5,15,23,10575,-550,Special
2020,5,16,101,8570,-1050,HIGH
2020,5,16,14,9116,-1459,Special
2020,5,18,142,8836,266,HIGH
2020,5,18,20,10198,1082,Special
2020,5,19,156,9566,730,HIGH
2020,5,19,22,10876,678,Special
2020,5,20,122,9719,153,HIGH
2020,5,20,17,10993,117,Special
2020,5,21,109,11446,1727,HIGH
2020,5,21,16,12800,1807,Special
2020,5,22,144,10027,-1419,HIGH
2020,5,22,21,12186,-614,Special
2020,5,23,93,10040,13,HIGH
2020,5,23,13,11257,-929,Special
2020,5,25,138,10407,367,HIGH
2020,5,25,20,12383,1126,Special
2020,5,26,159,10280,-127,HIGH
2020,5,26,23,12872,489,Special
2020,5,27,105,10592,312,HIGH
2020,5,27,15,12100,-772,Special
2020,5,28,129,10875,283,HIGH
2020,5,28,18,12044,-56,Special
2020,5,29,155,8941,-1934,HIGH
2020,5,29,22,10316,-1728,Special
2020,5,30,139,6940,-2001,HIGH
2020,5,30,20,8248,-2068,Special
2020,6,1,137,8352,1412,HIGH
2020,6,1,20,9143,895,Special
2020,6,2,173,7864,-488,HIGH
2020,6,2,25,9365,222,Special
2020,6,3,208,5901,-1963,HIGH
2020,6,3,30,7728,-1637,Special
2020,6,4,162,5173,-728,HIGH
2020,6,4,23,6940,-788,Special
2020,6,5,152,6309,1136,HIGH
2020,6,5,22,7650,710,Special
2020,6,6,117,5834,-475,HIGH
2020,6,6,17,7000,-650,Special
2020,6,8,131,7711,1877,HIGH
2020,6,8,19,8329,1329,Special
2020,6,9,114,8816,1105,HIGH
2020,6,9,16,9656,1327,Special
2020,6,10,132,8598,-218,HIGH
2020,6,10,19,9244,-412,Special
2020,6,11,160,6838,-1760,HIGH
2020,6,11,23,8219,-1025,Special
2020,6,12,100,8287,1449,HIGH
2020,6,12,14,9400,1181,Special
2020,6,13,164,5331,-2956,HIGH
2020,6,13,23,6682,-2718,Special
2020,6,15,85,11538,6207,HIGH
2020,6,15,12,12400,5718,Special
2020,6,16,142,9575,-1963,HIGH
2020,6,16,20,10825,-1575,Special
2020,6,17,164,8084,-1491,HIGH
2020,6,17,23,9403,-1422,Special
2020,6,18,168,6644,-1440,HIGH
2020,6,18,24,8010,-1393,Special
2020,6,19,171,5577,-1067,HIGH
2020,6,19,24,7286,-724,Special
2020,6,20,144,5521,-56,HIGH
2020,6,20,20,6931,-355,Special
2020,6,22,121,9328,3807,HIGH
2020,6,22,17,11017,4086,Special
2020,6,23,171,5844,-3484,HIGH
2020,6,23,24,7967,-3050,Special
2020,6,24,140,9545,3701,HIGH
2020,6,24,20,10966,2999,Special
2020,6,25,169,8785,-760,HIGH
2020,6,25,24,10300,-666,Special
2020,6,26,100,6662,-2123,HIGH
2020,6,26,14,7454,-2846,Special
2020,6,27,91,7293,631,HIGH
2020,6,27,13,9064,1610,Special
2020,6,29,217,6344,-949,HIGH
2020,6,29,31,7841,-1223,Special
2020,6,30,183,7064,720,HIGH
2020,6,30,26,8692,851,Special
2020,7,1,84,7968,904,HIGH
2020,7,1,12,9442,750,Special
2020,7,2,181,5627,-2341,HIGH
2020,7,2,26,7676,-1766,Special
2020,7,3,140,6025,398,HIGH
2020,7,3,20,7926,250,Special
2020,7,4,104,8443,2418,HIGH
2020,7,4,15,9800,1874,Special
2020,7,6,201,6819,-1624,HIGH
2020,7,6,29,8816,-984,Special
2020,7,7,174,7721,902,HIGH
2020,7,7,25,9321,505,Special
2020,7,8,140,9472,1751,HIGH
2020,7,8,20,10521,1200,Special
2020,7,9,139,9354,-118,HIGH
2020,7,9,20,10625,104,Special
2020,7,10,125,9648,294,HIGH
2020,7,10,18,10547,-78,Special
2020,7,11,51,14321,4673,HIGH
2020,7,11,7,15400,4853,Special
2020,7,13,203,9946,-4375,HIGH
2020,7,13,29,11514,-3886,Special
2020,7,14,101,10419,473,HIGH
2020,7,14,14,12418,904,Special
2020,7,15,123,11830,1411,HIGH
2020,7,15,18,13490,1072,Special
2020,7,16,176,10149,-1681,HIGH
2020,7,16,25,12770,-720,Special
2020,7,17,128,10012,-137,HIGH
2020,7,17,18,11860,-910,Special
2020,7,18,118,9265,-747,HIGH
2020,7,18,17,11235,-625,Special
2020,7,20,116,13943,4678,HIGH
2020,7,20,17,16554,5319,Special
2020,7,21,118,15898,1955,HIGH
2020,7,21,17,17799,1245,Special
2020,7,22,169,10149,-5749,HIGH
2020,7,22,24,12492,-5307,Special
2020,7,23,126,10225,76,HIGH
2020,7,23,18,12869,377,Special
2020,7,24,131,13307,3082,HIGH
2020,7,24,19,16242,3373,Special
2020,7,25,78,13388,81,HIGH
2020,7,25,11,15581,-661,Special
2020,7,27,218,9636,-3752,HIGH
2020,7,27,31,12766,-2815,Special
2020,7,28,174,10520,884,HIGH
2020,7,28,25,13273,507,Special
2020,7,29,135,10512,-8,HIGH
2020,7,29,19,12461,-812,Special
2020,7,30,112,11432,920,HIGH
2020,7,30,16,13356,895,Special
2020,7,31,119,15331,3899,HIGH
2020,7,31,17,16260,2904,Special
2020,8,3,179,12378,-2953,HIGH
2020,8,3,26,14588,-1672,Special
2020,8,4,115,11589,-789,HIGH
2020,8,4,16,15655,1067,Special
2020,8,5,155,11911,322,HIGH
2020,8,5,22,14465,-1190,Special
2020,8,6,149,11004,-907,HIGH
2020,8,6,21,13637,-828,Special
2020,8,7,103,14016,3012,HIGH
2020,8,7,15,17537,3900,Special
2020,8,8,162,13169,-847,HIGH
2020,8,8,23,17020,-517,Special
2020,8,10,216,12304,-865,HIGH
2020,8,10,31,17333,313,Special
2020,8,11,155,15499,3195,HIGH
2020,8,11,22,18982,1649,Special
2020,8,12,159,14744,-755,HIGH
2020,8,12,23,19234,252,Special
2020,8,13,147,16148,1404,HIGH
2020,8,13,21,21310,2076,Special
2020,8,14,138,16960,812,HIGH
2020,8,14,20,21648,338,Special
2020,8,15,128,16909,-51,HIGH
2020,8,15,18,22375,727,Special
2020,8,17,118,21613,4704,HIGH
2020,8,17,17,25446,3071,Special
2020,8,18,113,18256,-3357,HIGH
2020,8,18,16,24366,-1080,Special
2020,8,19,157,15857,-2399,HIGH
2020,8,19,22,23569,-797,Special
2020,8,20,133,17953,2096,HIGH
2020,8,20,19,23902,333,Special
2020,8,21,148,15390,-2563,HIGH
2020,8,21,21,23414,-488,Special
2020,8,22,94,18277,2887,HIGH
2020,8,22,13,24085,671,Special
2020,8,24,147,21538,3261,HIGH
2020,8,24,21,30301,6216,Special
2020,8,25,161,19340,-2198,HIGH
2020,8,25,23,25441,-4860,Special
2020,8,26,142,17650,-1690,HIGH
2020,8,26,20,24828,-613,Special
2020,8,27,116,21565,3915,HIGH
2020,8,27,17,29290,4462,Special
2020,8,28,121,21647,82,HIGH
2020,8,28,17,30226,936,Special
2020,8,29,120,17533,-4114,HIGH
2020,8,29,17,24149,-6077,Special
2020,8,31,246,14626,-2907,HIGH
2020,8,31,35,19016,-5133,Special
2020,9,1,199,12637,-1989,HIGH
2020,9,1,28,17629,-1387,Special
2020,9,2,156,15842,3205,HIGH
2020,9,2,22,19618,1989,Special
2020,9,3,90,24797,8955,HIGH
2020,9,3,13,26220,6602,Special
2020,9,4,137,17438,-7359,HIGH
2020,9,4,20,24600,-1620,Special
2020,9,5,154,16649,-789,HIGH
2020,9,5,22,21372,-3228,Special
2020,9,7,155,22090,5441,HIGH
2020,9,7,22,26000,4628,Special
2020,9,8,105,25900,3810,HIGH
2020,9,8,15,28713,2713,Special
2020,9,9,172,21144,-4756,HIGH
2020,9,9,25,25712,-3001,Special
2020,9,10,162,21610,466,HIGH
2020,9,10,23,25354,-358,Special
2020,9,11,161,22062,452,HIGH
2020,9,11,23,26848,1494,Special
2020,9,12,138,24079,2017,HIGH
2020,9,12,20,27963,1115,Special
2020,9,14,169,28889,4810,HIGH
2020,9,14,24,32293,4330,Special
2020,9,15,208,27773,-1116,HIGH
2020,9,15,30,32510,217,Special
2020,9,16,262,26632,-1141,HIGH
2020,9,16,38,33090,580,Special
2020,9,17,237,26957,325,HIGH
2020,9,17,34,32634,-456,Special
2020,9,18,265,24427,-2530,HIGH
2020,9,18,38,30217,-2417,Special
2020,9,19,205,25748,1321,HIGH
2020,9,19,29,31671,1454,Special
2020,9,21,349,24596,-1152,HIGH
2020,9,21,50,32272,601,Special
2020,9,22,264,25638,1042,HIGH
2020,9,22,38,30434,-1838,Special
2020,9,23,358,24802,-836,HIGH
2020,9,23,51,29764,-670,Special
2020,9,24,301,25277,475,HIGH
2020,9,24,43,30578,814,Special
2020,9,25,290,24978,-299,HIGH
2020,9,25,41,30136,-442,Special
2020,9,26,270,24574,-404,HIGH
2020,9,26,39,32731,2595,Special
2020,9,28,392,23954,-620,HIGH
2020,9,28,56,31713,-1018,Special
2020,9,29,355,24254,300,HIGH
2020,9,29,51,31987,274,Special
2020,9,30,52,21288,-2966,HIGH
2020,9,30,7,23995,-7992,Special
2020,10,5,300,21809,521,HIGH
2020,10,5,43,28143,4148,Special
2020,10,6,283,19259,-2550,HIGH
2020,10,6,40,24774,-3369,Special
2020,10,7,251,19681,422,HIGH
2020,10,7,36,25222,448,Special
2020,10,8,239,16759,-2922,HIGH
2020,10,8,34,24034,-1188,Special
2020,10,9,253,13586,-3173,HIGH
2020,10,9,36,18422,-5612,Special
2020,10,10,166,10813,-2773,HIGH
2020,10,10,24,14987,-3435,Special
2020,10,12,279,11539,726,HIGH
2020,10,12,40,14338,-649,Special
2020,10,13,270,8152,-3387,HIGH
2020,10,13,39,11373,-2965,Special
2020,10,14,243,7746,-406,HIGH
2020,10,14,35,11311,-62,Special
2020,10,15,209,8461,715,HIGH
2020,10,15,30,10806,-505,Special
2020,10,16,223,7613,-848,HIGH
2020,10,16,32,9327,-1479,Special
2020,10,17,209,7274,-339,HIGH
2020,10,17,30,8968,-359,Special
2020,10,19,274,7579,305,HIGH
2020,10,19,39,9334,366,Special
2020,10,20,269,7265,-314,HIGH
2020,10,20,38,8708,-626,Special
2020,10,21,239,6987,-278,HIGH
2020,10,21,34,8323,-385,Special
2020,10,22,285,6629,-358,HIGH
2020,10,22,41,8151,-172,Special
2020,10,23,288,6266,-363,HIGH
2020,10,23,41,7662,-489,Special
2020,10,24,200,5931,-335,HIGH
2020,10,24,28,7916,254,Special
2020,10,26,248,6472,541,HIGH
2020,10,26,35,7366,-550,Special
2020,10,27,204,6344,-128,HIGH
2020,10,27,29,7405,39,Special
2020,10,28,244,5587,-757,HIGH
2020,10,28,35,6733,-672,Special
2020,10,29,230,5498,-89,HIGH
2020,10,29,33,6711,-22,Special
2020,10,30,239,5319,-179,HIGH
2020,10,30,34,6712,1,Special
2020,10,31,212,4969,-350,HIGH
2020,10,31,30,6055,-657,Special
2020,11,2,228,5646,677,HIGH
2020,11,2,33,6599,544,Special
2020,11,3,238,5659,13,HIGH
2020,11,3,34,6744,145,Special
2020,11,4,218,5419,-240,HIGH
2020,11,4,31,6635,-109,Special
2020,11,5,172,6096,677,HIGH
2020,11,5,25,7347,712,Special
2020,11,6,267,6262,166,HIGH
2020,11,6,38,7702,355,Special
2020,11,7,258,5160,-1102,HIGH
2020,11,7,37,6588,-1114,Special
2020,11,9,260,5676,516,HIGH
2020,11,9,37,7037,449,Special
2020,11,10,238,6140,464,HIGH
2020,11,10,34,7317,280,Special
2020,11,11,288,6131,-9,HIGH
2020,11,11,41,7474,157,Special
2020,11,12,293,6388,257,HIGH
2020,11,12,42,7616,142,Special
2020,11,13,318,7638,1250,HIGH
2020,11,13,46,8626,1010,Special
2020,11,14,400,6610,-1028,HIGH
2020,11,14,57,8275,-351,Special
2020,11,16,434,5698,-912,HIGH
2020,11,16,62,7271,-1004,Special
2020,11,17,409,5806,108,HIGH
2020,11,17,58,7563,292,Special
2020,11,18,379,6206,400,HIGH
2020,11,18,54,7363,-200,Special
2020,11,19,310,7491,1285,HIGH
2020,11,19,44,8730,1367,Special
2020,11,20,240,8101,610,HIGH
2020,11,20,34,10372,1642,Special
2020,11,21,499,6715,-1386,HIGH
2020,11,21,71,8209,-2163,Special
2020,11,23,500,6127,-588,HIGH
2020,11,23,72,7311,-898,Special
2020,11,24,383,5111,-1016,HIGH
2020,11,24,55,6440,-871,Special
2020,11,25,355,5126,15,HIGH
2020,11,25,51,6035,-405,Special
2020,11,26,417,5589,463,HIGH
2020,11,26,60,6607,572,Special
2020,11,27,423,6333,744,HIGH
2020,11,27,60,7077,470,Special
2020,11,28,349,5525,-808,HIGH
2020,11,28,50,6505,-572,Special
2020,11,30,307,3807,-1718,HIGH
2020,11,30,44,4846,-1659,Special
2020,12,1,207,3149,-658,HIGH
2020,12,1,30,4348,-498,Special
2020,12,2,184,3295,146,HIGH
2020,12,2,26,4009,-339,Special
2020,12,3,147,5184,1889,HIGH
2020,12,3,21,5897,1888,Special
2020,12,4,255,5192,8,HIGH
2020,12,4,36,6211,314,Special
2020,12,5,232,4687,-505,HIGH
2020,12,5,33,5477,-734,Special
2020,12,7,208,4153,-534,HIGH
2020,12,7,30,4896,-581,Special
2020,12,8,137,3986,-167,HIGH
2020,12,8,20,4690,-206,Special
2020,12,9,167,2722,-1264,HIGH
2020,12,9,24,3529,-1161,Special
2020,12,10,97,3652,930,HIGH
2020,12,10,14,4126,597,Special
2020,12,11,150,3770,118,HIGH
2020,12,11,22,4559,433,Special
2020,12,12,110,4078,308,HIGH
2020,12,12,16,4500,-59,Special
2020,12,14,32,4537,459,HIGH
2020,12,14,5,5213,713,Special
2020,12,15,99,3755,-782,HIGH
2020,12,15,14,4277,-936,Special
2020,12,16,44,3439,-316,HIGH
2020,12,16,6,3600,-677,Special
2020,12,17,35,3314,-125,HIGH
2020,12,17,5,3700,100,Special
2020,12,18,52,3570,256,HIGH
2020,12,18,8,3800,100,Special
2020,12,19,76,3794,224,HIGH
2020,12,19,11,4500,700,Special
2020,12,21,146,3738,-56,HIGH
2020,12,21,21,4216,-284,Special
2020,12,22,104,3248,-490,HIGH
2020,12,22,15,3793,-423,Special
2020,12,23,137,2995,-253,HIGH
2020,12,23,20,3543,-250,Special
2020,12,24,75,3418,423,HIGH
2020,12,24,11,3683,140,Special
2020,12,25,96,3178,-240,HIGH
2020,12,25,14,3562,-121,Special
2020,12,26,39,3369,191,HIGH
2020,12,26,6,3700,138,Special
2020,12,28,99,3748,379,HIGH
2020,12,28,14,3956,256,Special
2020,12,29,96,3873,125,HIGH
2020,12,29,14,4300,344,Special
2020,12,30,190,3551,-322,HIGH
2020,12,30,27,4381,81,Special
2020,12,31,35,2610,-941,HIGH
2020,12,31,5,2800,-1581,Special
2021,1,4,104,4063,1453,HIGH
2021,1,4,15,4619,1819,Special
2021,1,5,129,3892,-171,HIGH
2021,1,5,18,4545,-74,Special
2021,1,6,145,3663,-229,HIGH
2021,1,6,21,4091,-454,Special
2021,1,7,55,3707,44,HIGH
2021,1,7,8,4400,309,Special
2021,1,8,34,2283,-1424,HIGH
2021,1,8,5,3000,-1400,Special
2021,1,9,2,2283,0,HIGH
2021,1,9,0,3000,0,Special
2021,1,11,44,4675,2392,HIGH
2021,1,11,6,5200,2200,Special
2021,1,12,98,4230,-445,HIGH
2021,1,12,14,4663,-537,Special
2021,1,13,36,5117,887,HIGH
2021,1,13,5,5500,837,Special
2021,1,14,106,4605,-512,HIGH
2021,1,14,15,5100,-400,Special
2021,1,15,84,5057,452,HIGH
2021,1,15,12,5500,400,Special
2021,1,16,82,5025,-32,HIGH
2021,1,16,12,5400,-100,Special
2021,1,18,125,5201,176,HIGH
2021,1,18,18,5868,468,Special
2021,1,19,88,5527,326,HIGH
2021,1,19,12,6000,132,Special
2021,1,20,107,4704,-823,HIGH
2021,1,20,15,5258,-742,Special
2021,1,21,92,4168,-536,HIGH
2021,1,21,13,4870,-388,Special
2021,1,22,116,4080,-88,HIGH
2021,1,22,17,5149,279,Special
2021,1,23,51,4852,772,HIGH
2021,1,23,7,5100,-49,Special
2021,1,25,77,5792,940,HIGH
2021,1,25,11,6682,1582,Special
2021,1,26,132,5967,175,HIGH
2021,1,26,19,7200,518,Special
2021,1,27,79,6924,957,HIGH
2021,1,27,11,8100,900,Special
2021,1,28,154,6846,-78,HIGH
2021,1,28,22,7716,-384,Special
2021,1,29,150,6131,-715,HIGH
2021,1,29,22,7859,143,Special
2021,1,30,46,6012,-119,HIGH
2021,1,30,7,7500,-359,Special
2021,2,1,144,6813,801,HIGH
2021,2,1,21,8157,657,Special
2021,2,2,130,5120,-1693,HIGH
2021,2,2,18,7594,-563,Special
2021,2,3,126,6038,918,HIGH
2021,2,3,18,7944,350,Special
2021,2,4,121,5925,-113,HIGH
2021,2,4,17,8735,791,Special
2021,2,5,103,6123,198,HIGH
2021,2,5,15,7700,-1035,Special
2021,2,6,76,5969,-154,HIGH
2021,2,6,11,7689,-11,Special
2021,2,8,147,6675,706,HIGH
2021,2,8,21,8129,440,Special
2021,2,9,90,7444,769,HIGH
2021,2,9,13,8200,71,Special
2021,2,10,108,6569,-875,HIGH
2021,2,10,15,8155,-45,Special
2021,2,11,7,6569,0,HIGH
2021,2,11,1,8155,0,Special
2021,2,15,79,6922,353,HIGH
2021,2,15,11,8742,587,Special
2021,2,16,77,7700,778,HIGH
2021,2,16,11,9528,786,Special
2021,2,17,73,8483,783,HIGH
2021,2,17,10,10088,560,Special
2021,2,18,42,9394,911,HIGH
2021,2,18,6,10300,212,Special
2021,2,19,56,10337,943,HIGH
2021,2,19,8,10800,500,Special
2021,2,20,73,9539,-798,HIGH
2021,2,20,10,10569,-231,Special
2021,2,22,156,8555,-984,HIGH
2021,2,22,22,10636,67,Special
2021,2,23,102,8954,399,HIGH
2021,2,23,14,11359,723,Special
2021,2,24,131,8835,-119,HIGH
2021,2,24,19,11174,-185,Special
2021,2,25,114,8799,-36,HIGH
2021,2,25,16,10700,-474,Special
2021,2,26,94,9526,727,HIGH
2021,2,26,13,11200,500,Special
2021,2,27,71,8697,-829,HIGH
2021,2,27,10,10183,-1017,Special
2021,3,1,116,9096,399,HIGH
2021,3,1,17,10880,697,Special
2021,3,2,125,7961,-1135,HIGH
2021,3,2,18,10524,-356,Special
2021,3,3,60,9403,1442,HIGH
2021,3,3,9,10197,-327,Special
2021,3,4,80,9182,-221,HIGH
2021,3,4,12,10070,-127,Special
2021,3,5,79,8879,-303,HIGH
2021,3,5,11,10963,893,Special
2021,3,6,27,10200,1321,HIGH
2021,3,6,4,10800,-163,Special
2021,3,8,182,9504,-696,HIGH
2021,3,8,26,11143,343,Special
2021,3,9,106,9569,65,HIGH
2021,3,9,15,11170,27,Special
2021,3,10,91,10004,435,HIGH
2021,3,10,13,10763,-407,Special
2021,3,11,112,8900,-1104,HIGH
2021,3,11,16,10502,-261,Special
2021,3,12,118,9655,755,HIGH
2021,3,12,17,10873,371,Special
2021,3,13,16,9655,0,HIGH
2021,3,13,2,10873,0,Special
2021,3,15,136,9737,82,HIGH
2021,3,15,20,11478,605,Special
2021,3,16,105,9497,-240,HIGH
2021,3,16,15,10774,-704,Special
2021,3,17,107,9404,-93,HIGH
2021,3,17,15,10814,40,Special
2021,3,18,100,8558,-846,HIGH
2021,3,18,14,9400,-1414,Special
2021,3,19,52,8653,95,HIGH
2021,3,19,7,9800,400,Special
2021,3,20,25,10049,1396,HIGH
2021,3,20,4,10500,700,Special
2021,3,22,153,9878,-171,HIGH
2021,3,22,22,10946,446,Special
2021,3,23,119,8740,-1138,HIGH
2021,3,23,17,10632,-314,Special
2021,3,24,97,9938,1198,HIGH
2021,3,24,14,11260,628,Special
2021,3,25,116,8979,-959,HIGH
2021,3,25,17,10939,-321,Special
2021,3,26,86,9682,703,HIGH
2021,3,26,12,11336,397,Special
2021,3,27,45,8992,-690,HIGH
2021,3,27,6,11600,264,Special
2021,3,29,148,9774,782,HIGH
2021,3,29,21,11596,-4,Special
2021,3,30,112,9028,-746,HIGH
2021,3,30,16,10887,-709,Special
2021,3,31,86,9522,494,HIGH
2021,3,31,12,10484,-403,Special
2021,4,1,102,9725,203,HIGH
2021,4,1,15,11311,827,Special
2021,4,2,98,9750,25,HIGH
2021,4,2,14,11044,-267,Special
2021,4,3,47,10132,382,HIGH
2021,4,3,7,10700,-344,Special
2021,4,5,158,9681,-451,HIGH
2021,4,5,22,10949,249,Special
2021,4,6,117,9776,95,HIGH
2021,4,6,17,11596,647,Special
2021,4,7,117,8844,-932,HIGH
2021,4,7,17,11251,-345,Special
2021,4,8,81,8422,-422,HIGH
2021,4,8,12,11070,-181,Special
2021,4,9,95,9537,1115,HIGH
2021,4,9,14,12004,934,Special
2021,4,10,64,10230,693,HIGH
2021,4,10,9,11494,-510,Special
2021,4,12,180,8920,-1310,HIGH
2021,4,12,26,10875,-619,Special
2021,4,13,81,10269,1349,HIGH
2021,4,13,12,11443,568,Special
2021,4,14,154,8827,-1442,HIGH
2021,4,14,22,11006,-437,Special
2021,4,15,131,8239,-588,HIGH
2021,4,15,19,10862,-144,Special
2021,4,16,106,9132,893,HIGH
2021,4,16,15,11426,564,Special
2021,4,17,32,9573,441,HIGH
2021,4,17,5,11500,74,Special
2021,4,19,140,10075,502,HIGH
2021,4,19,20,11761,261,Special
2021,4,20,131,8707,-1368,HIGH
2021,4,20,19,11013,-748,Special
2021,4,21,102,9136,429,HIGH
2021,4,21,14,10459,-554,Special
2021,4,22,75,9047,-89,HIGH
2021,4,22,11,10581,122,Special
2021,4,23,99,9252,205,HIGH
2021,4,23,14,11528,947,Special
2021,4,24,69,9576,324,HIGH
2021,4,24,10,11698,170,Special
2021,4,26,132,9381,-195,HIGH
2021,4,26,19,12119,421,Special
2021,4,27,115,9561,180,HIGH
2021,4,27,16,11714,-405,Special
2021,4,28,120,9383,-178,HIGH
2021,4,28,17,12100,386,Special
2021,4,29,147,7767,-1616,HIGH
2021,4,29,21,11672,-428,Special
2021,4,30,116,7868,101,HIGH
2021,4,30,17,12053,381,Special
2021,5,1,76,6816,-1052,HIGH
2021,5,1,11,10970,-1083,Special
2021,5,3,140,7342,526,HIGH
2021,5,3,20,11776,806,Special
2021,5,4,145,6606,-736,HIGH
2021,5,4,21,9595,-2181,Special
2021,5,5,134,6010,-596,HIGH
2021,5,5,19,10815,1220,Special
2021,5,6,115,5967,-43,HIGH
2021,5,6,16,10500,-315,Special
2021,5,7,102,6546,579,HIGH
2021,5,7,15,10880,380,Special
2021,5,8,75,6713,167,HIGH
2021,5,8,11,7399,-3481,Special
2021,5,10,185,6057,-656,HIGH
2021,5,10,26,9497,2098,Special
2021,5,11,175,5138,-919,HIGH
2021,5,11,25,9113,-384,Special
2021,5,12,154,4308,-830,HIGH
2021,5,12,22,6570,-2543,Special
2021,5,13,124,3409,-899,HIGH
2021,5,13,18,5040,-1530,Special
2021,5,14,146,3456,47,HIGH
2021,5,14,21,3896,-1144,Special
2021,5,15,74,4976,1520,HIGH
2021,5,15,10,5665,1769,Special
2021,5,17,109,5819,843,HIGH
2021,5,17,16,6253,588,Special
2021,5,18,149,4109,-1710,HIGH
2021,5,18,21,5073,-1180,Special
2021,5,19,99,4606,497,HIGH
2021,5,19,14,5000,-73,Special
2021,5,20,104,5497,891,HIGH
2021,5,20,15,5958,958,Special
2021,5,21,90,7185,1688,HIGH
2021,5,21,13,7800,1842,Special
2021,5,22,117,5079,-2106,HIGH
2021,5,22,17,6300,-1500,Special
2021,5,24,165,5420,341,HIGH
2021,5,24,24,6071,-229,Special
2021,5,25,139,5121,-299,HIGH
2021,5,25,20,6174,103,Special
2021,5,26,119,4564,-557,HIGH
2021,5,26,17,5835,-339,Special
2021,5,27,103,5786,1222,HIGH
2021,5,27,15,6359,524,Special
2021,5,28,107,6294,508,HIGH
2021,5,28,15,7066,707,Special
2021,5,29,106,5079,-1215,HIGH
2021,5,29,15,5753,-1313,Special
2021,5,31,130,6887,1808,HIGH
2021,5,31,18,7789,2036,Special
2021,6,1,164,6075,-812,HIGH
2021,6,1,23,7057,-732,Special
2021,6,2,119,5634,-441,HIGH
2021,6,2,17,6797,-260,Special
2021,6,3,117,6383,749,HIGH
2021,6,3,17,7482,685,Special
2021,6,4,83,7782,1399,HIGH
2021,6,4,12,8517,1035,Special
2021,6,5,130,4918,-2864,HIGH
2021,6,5,19,6533,-1984,Special
2021,6,7,126,7320,2402,HIGH
2021,6,7,18,7984,1451,Special
2021,6,8,119,5559,-1761,HIGH
2021,6,8,17,6721,-1263,Special
2021,6,9,140,5392,-167,HIGH
2021,6,9,20,6052,-669,Special
2021,6,10,80,6968,1576,HIGH
2021,6,10,12,7474,1422,Special
2021,6,11,130,5963,-1005,HIGH
2021,6,11,19,6736,-738,Special
2021,6,12,44,7248,1285,HIGH
2021,6,12,6,7800,1064,Special
2021,6,14,212,5005,-2243,HIGH
2021,6,14,30,5788,-2012,Special
2021,6,15,142,5343,338,HIGH
2021,6,15,20,6082,294,Special
2021,6,16,194,4293,-1050,HIGH
2021,6,16,28,5359,-723,Special
2021,6,17,135,4484,191,HIGH
2021,6,17,19,5542,183,Special
2021,6,18,121,5315,831,HIGH
2021,6,18,17,5998,456,Special
2021,6,19,93,5696,381,HIGH
2021,6,19,13,6165,167,Special
2021,6,21,159,6041,345,HIGH
2021,6,21,23,6770,605,Special
2021,6,22,149,5494,-547,HIGH
2021,6,22,21,7090,320,Special
2021,6,23,154,4851,-643,HIGH
2021,6,23,22,5891,-1199,Special
2021,6,24,168,4963,112,HIGH
2021,6,24,24,6043,152,Special
2021,6,25,148,4147,-816,HIGH
2021,6,25,21,5318,-725,Special
2021,6,26,110,4963,816,HIGH
2021,6,26,16,6200,882,Special
2021,6,28,173,5541,578,HIGH
2021,6,28,25,6500,300,Special
2021,6,29,179,5528,-13,HIGH
2021,6,29,26,6713,213,Special
2021,6,30,177,4714,-814,HIGH
2021,6,30,25,5856,-857,Special
2021,7,1,181,4342,-372,HIGH
2021,7,1,26,5705,-151,Special
2021,7,2,217,3902,-440,HIGH
2021,7,2,31,5373,-332,Special
2021,7,3,180,4430,528,HIGH
2021,7,3,26,5758,385,Special
2021,7,5,124,8278,3848,HIGH
2021,7,5,18,9244,3486,Special
2021,7,6,257,3952,-4326,HIGH
2021,7,6,37,5496,-3748,Special
2021,7,7,203,4673,721,HIGH
2021,7,7,29,6086,590,Special
2021,7,8,172,4289,-384,HIGH
2021,7,8,24,5973,-113,Special
2021,7,9,167,4089,-200,HIGH
2021,7,9,24,6034,61,Special
2021,7,10,122,4090,1,HIGH
2021,7,10,17,5448,-586,Special
2021,7,12,149,4672,582,HIGH
2021,7,12,21,7109,1661,Special
2021,7,13,174,3194,-1478,HIGH
2021,7,13,25,4945,-2164,Special
2021,7,14,210,3624,430,HIGH
2021,7,14,30,4028,-917,Special
2021,7,15,122,3505,-119,HIGH
2021,7,15,17,4300,272,Special
2021,7,16,117,4404,899,HIGH
2021,7,16,17,5639,1339,Special
2021,7,17,64,7279,2875,HIGH
2021,7,17,9,8200,2561,Special
2021,7,19,161,5039,-2240,HIGH
2021,7,19,23,6540,-1660,Special
2021,7,20,122,6541,1502,HIGH
2021,7,20,17,7100,560,Special
2021,7,21,154,3361,-3180,HIGH
2021,7,21,22,4930,-2170,Special
2021,7,22,126,4612,1251,HIGH
2021,7,22,18,5807,877,Special
2021,7,23,141,3801,-811,HIGH
2021,7,23,20,4847,-960,Special
2021,7,24,98,4295,494,HIGH
2021,7,24,14,5908,1061,Special
2021,7,26,119,7668,3373,HIGH
2021,7,26,17,8643,2735,Special
2021,7,27,111,7901,233,HIGH
2021,7,27,16,8907,264,Special
2021,7,28,105,8175,274,HIGH
2021,7,28,15,9586,679,Special
2021,7,29,96,8548,373,HIGH
2021,7,29,14,9672,86,Special
2021,7,30,99,8797,249,HIGH
2021,7,30,14,10457,785,Special
2021,7,31,79,11035,2238,HIGH
2021,7,31,11,12575,2118,Special
2021,8,2,140,9930,-1105,HIGH
2021,8,2,20,11459,-1116,Special
2021,8,3,93,12399,2469,HIGH
2021,8,3,13,13200,1741,Special
2021,8,4,142,9072,-3327,HIGH
2021,8,4,20,11336,-1864,Special
2021,8,5,110,9881,809,HIGH
2021,8,5,16,11902,566,Special
2021,8,6,139,10079,198,HIGH
2021,8,6,20,11531,-371,Special
2021,8,9,166,10889,810,HIGH
2021,8,9,24,12179,648,Special
2021,8,10,133,9740,-1149,HIGH
2021,8,10,19,11852,-327,Special
2021,8,11,176,7638,-2102,HIGH
2021,8,11,25,10087,-1765,Special
2021,8,12,161,6887,-751,HIGH
2021,8,12,23,8909,-1178,Special
2021,8,13,122,8231,1344,HIGH
2021,8,13,17,10944,2035,Special
2021,8,14,110,8420,189,HIGH
2021,8,14,16,9500,-1444,Special
2021,8,16,162,8586,166,HIGH
2021,8,16,23,10138,638,Special
2021,8,17,189,6649,-1937,HIGH
2021,8,17,27,8873,-1265,Special
2021,8,18,112,10555,3906,HIGH
2021,8,18,16,12903,4030,Special
2021,8,19,143,8554,-2001,HIGH
2021,8,19,20,10569,-2334,Special
2021,8,20,198,6703,-1851,HIGH
2021,8,20,28,9474,-1095,Special
2021,8,21,157,7690,987,HIGH
2021,8,21,22,10326,852,Special
2021,8,23,193,9029,1339,HIGH
2021,8,23,28,11258,932,Special
2021,8,24,187,9357,328,HIGH
2021,8,24,27,11843,585,Special
2021,8,25,68,12798,3441,HIGH
2021,8,25,10,15398,3555,Special
2021,8,26,183,8331,-4467,HIGH
2021,8,26,26,12335,-3063,Special
2021,8,27,193,9302,971,HIGH
2021,8,27,28,13425,1090,Special
2021,8,28,201,8087,-1215,HIGH
2021,8,28,29,13453,28,Special
2021,8,30,223,7796,-291,HIGH
2021,8,30,32,12468,-985,Special
2021,8,31,245,8671,875,HIGH
2021,8,31,35,11186,-1282,Special
2021,9,1,144,10941,2270,HIGH
2021,9,1,21,13912,2726,Special
2021,9,2,101,13979,3038,HIGH
2021,9,2,14,16622,2710,Special
2021,9,3,230,9578,-4401,HIGH
2021,9,3,33,13878,-2744,Special
2021,9,4,230,10254,676,HIGH
2021,9,4,33,13884,6,Special
2021,9,6,236,11338,1084,HIGH
2021,9,6,34,14780,896,Special
2021,9,7,250,12818,1480,HIGH
2021,9,7,36,15951,1171,Special
2021,9,8,158,11178,-1640,HIGH
2021,9,8,23,15680,-271,Special
2021,9,9,232,11823,645,HIGH
2021,9,9,33,15674,-6,Special
2021,9,10,253,12080,257,HIGH
2021,9,10,36,15596,-78,Special
2021,9,11,284,12866,786,HIGH
2021,9,11,40,16051,455,Special
2021,9,13,315,13396,530,HIGH
2021,9,13,45,16157,106,Special
2021,9,14,295,14096,700,HIGH
2021,9,14,42,17265,1108,Special
2021,9,15,265,12890,-1206,HIGH
2021,9,15,38,16956,-309,Special
2021,9,16,266,13106,216,HIGH
2021,9,16,38,17351,395,Special
2021,9,17,262,12154,-952,HIGH
2021,9,17,37,16425,-926,Special
2021,9,18,118,17849,5695,HIGH
2021,9,18,17,25302,8877,Special
2021,9,24,293,10473,-7376,HIGH
2021,9,24,42,16017,-9285,Special
2021,9,25,243,10277,-196,HIGH
2021,9,25,35,15688,-329,Special
2021,9,27,236,9345,-932,HIGH
2021,9,27,34,13597,-2091,Special
2021,9,28,232,7653,-1692,HIGH
2021,9,28,33,11164,-2433,Special
2021,9,29,168,7645,-8,HIGH
2021,9,29,24,11682,518,Special
2021,9,30,89,9456,1811,HIGH
2021,9,30,13,12227,545,Special
2021,10,1,171,9194,-262,HIGH
2021,10,1,24,12331,104,Special
2021,10,2,200,7351,-1843,HIGH
2021,10,2,28,10894,-1437,Special
2021,10,4,288,6463,-888,HIGH
2021,10,4,41,8620,-2274,Special
2021,10,5,194,7478,1015,HIGH
2021,10,5,28,9209,589,Special
2021,10,6,226,6058,-1420,HIGH
2021,10,6,32,9435,226,Special
2021,10,7,220,5608,-450,HIGH
2021,10,7,31,7937,-1498,Special
2021,10,8,251,3802,-1806,HIGH
2021,10,8,36,5652,-2285,Special
2021,10,9,144,4856,1054,HIGH
2021,10,9,20,5686,34,Special
2021,10,11,224,4332,-524,HIGH
2021,10,11,32,6280,594,Special
2021,10,12,217,3943,-389,HIGH
2021,10,12,31,6053,-227,Special
2021,10,13,174,4148,205,HIGH
2021,10,13,25,5854,-199,Special
2021,10,14,247,3356,-792,HIGH
2021,10,14,35,5148,-706,Special
2021,10,15,177,4149,793,HIGH
2021,10,15,25,5821,673,Special
2021,10,16,151,4851,702,HIGH
2021,10,16,22,6375,554,Special
2021,10,18,159,6506,1655,HIGH
2021,10,18,23,7371,996,Special
2021,10,19,200,6045,-461,HIGH
2021,10,19,28,6937,-434,Special
2021,10,20,232,5021,-1024,HIGH
2021,10,20,33,6689,-248,Special
2021,10,21,231,4664,-357,HIGH
2021,10,21,33,6948,259,Special
2021,10,22,184,6466,1802,HIGH
2021,10,22,26,8247,1299,Special
2021,10,23,161,7456,990,HIGH
2021,10,23,23,9105,858,Special
2021,10,25,248,6574,-882,HIGH
2021,10,25,35,8489,-616,Special
2021,10,26,262,5982,-592,HIGH
2021,10,26,38,8320,-169,Special
2021,10,27,211,6155,173,HIGH
2021,10,27,30,7973,-347,Special
2021,10,28,239,6435,280,HIGH
2021,10,28,34,7959,-14,Special
2021,10,29,231,7002,567,HIGH
2021,10,29,33,8311,352,Special
2021,10,30,227,7457,455,HIGH
2021,10,30,32,8913,602,Special
2021,11,1,244,7622,165,HIGH
2021,11,1,35,9027,114,Special
2021,11,2,253,7502,-120,HIGH
2021,11,2,36,9201,174,Special
2021,11,3,204,8655,1153,HIGH
2021,11,3,29,10038,837,Special
2021,11,4,276,8786,131,HIGH
2021,11,4,39,10456,418,Special
2021,11,5,238,11185,2399,HIGH
2021,11,5,34,12486,2030,Special
2021,11,6,357,10921,-264,HIGH
2021,11,6,51,12865,379,Special
2021,11,8,439,10257,-664,HIGH
2021,11,8,63,12664,-201,Special
2021,11,9,288,9834,-423,HIGH
2021,11,9,41,12674,10,Special
2021,11,10,300,10693,859,HIGH
2021,11,10,43,12661,-13,Special
2021,11,11,324,12181,1488,HIGH
2021,11,11,46,13906,1245,Special
2021,11,12,487,12513,332,HIGH
2021,11,12,70,14540,634,Special
2021,11,13,412,12810,297,HIGH
2021,11,13,59,14255,-285,Special
2021,11,15,553,10020,-2790,HIGH
2021,11,15,79,12693,-1562,Special
2021,11,16,408,7797,-2223,HIGH
2021,11,16,58,10147,-2546,Special
2021,11,17,444,8257,460,HIGH
2021,11,17,63,10473,326,Special
2021,11,18,407,10806,2549,HIGH
2021,11,18,58,13082,2609,Special
2021,11,19,517,10758,-48,HIGH
2021,11,19,74,12852,-230,Special
2021,11,20,453,10500,-258,HIGH
2021,11,20,65,12602,-250,Special
2021,11,22,410,9639,-861,HIGH
2021,11,22,59,12026,-576,Special
2021,11,23,306,8775,-864,HIGH
2021,11,23,44,10447,-1579,Special
2021,11,24,203,10136,1361,HIGH
2021,11,24,29,11699,1252,Special
2021,11,25,392,9161,-975,HIGH
2021,11,25,56,10931,-768,Special
2021,11,26,398,9244,83,HIGH
2021,11,26,57,10638,-293,Special
2021,11,27,347,9097,-147,HIGH
2021,11,27,50,11047,409,Special
2021,11,29,290,9736,639,HIGH
2021,11,29,41,11651,604,Special
2021,11,30,271,8398,-1338,HIGH
2021,11,30,39,10195,-1456,Special
2021,12,1,188,8465,67,HIGH
2021,12,1,27,10002,-193,Special
2021,12,2,138,9597,1132,HIGH
2021,12,2,20,11490,1488,Special
2021,12,3,239,8626,-971,HIGH
2021,12,3,34,10235,-1255,Special
2021,12,4,236,8277,-349,HIGH
2021,12,4,34,9796,-439,Special
2021,12,6,197,7952,-325,HIGH
2021,12,6,28,9388,-408,Special
2021,12,7,148,8292,340,HIGH
2021,12,7,21,9515,127,Special
2021,12,8,124,8256,-36,HIGH
2021,12,8,18,9339,-176,Special
2021,12,9,178,7847,-409,HIGH
2021,12,9,26,8962,-377,Special
2021,12,10,180,7224,-623,HIGH
2021,12,10,26,8158,-804,Special
2021,12,11,143,7360,136,HIGH
2021,12,11,20,8000,-158,Special
2021,12,13,91,8497,1137,HIGH
2021,12,13,13,9465,1465,Special
2021,12,14,118,7879,-618,HIGH
2021,12,14,17,8550,-915,Special
2021,12,15,119,7580,-299,HIGH
2021,12,15,17,8300,-250,Special
2021,12,16,115,7188,-392,HIGH
2021,12,16,16,7892,-408,Special
2021,12,17,90,7471,283,HIGH
2021,12,17,13,8000,108,Special
2021,12,18,46,7771,300,HIGH
2021,12,18,7,8000,0,Special
2021,12,20,113,7593,-178,HIGH
2021,12,20,16,8099,99,Special
2021,12,21,127,7360,-233,HIGH
2021,12,21,18,7791,-308,Special
2021,12,22,127,6932,-428,HIGH
2021,12,22,18,7650,-141,Special
2021,12,23,86,7095,163,HIGH
2021,12,23,12,7729,79,Special
2021,12,24,74,7706,611,HIGH
2021,12,24,11,8000,271,Special
2021,12,25,57,7957,251,HIGH
2021,12,25,8,9096,1096,Special
2021,12,27,23,7957,0,HIGH
2021,12,27,3,9096,0,Special
2021,12,28,114,8113,156,HIGH
2021,12,28,16,9132,36,Special
2021,12,29,96,8332,219,HIGH
2021,12,29,14,9340,208,Special
2021,12,30,113,8641,309,HIGH
2021,12,30,16,9536,196,Special
2021,12,31,90,7539,-1102,HIGH
2021,12,31,13,8062,-1474,Special
2022,1,3,62,9051,1512,HIGH
2022,1,3,9,9581,1519,Special
2022,1,4,99,8410,-641,HIGH
2022,1,4,14,9121,-460,Special
2022,1,5,144,8168,-242,HIGH
2022,1,5,21,8943,-178,Special
2022,1,6,130,6689,-1479,HIGH
2022,1,6,19,7523,-1420,Special
2022,1,7,86,7129,440,HIGH
2022,1,7,12,7918,395,Special
2022,1,8,46,7719,590,HIGH
2022,1,8,7,8100,182,Special
2022,1,10,116,7403,-316,HIGH
2022,1,10,17,8041,-59,Special
2022,1,11,85,7463,60,HIGH
2022,1,11,12,7854,-187,Special
2022,1,12,78,7926,463,HIGH
2022,1,12,11,8680,826,Special
2022,1,13,88,7980,54,HIGH
2022,1,13,13,8537,-143,Special
2022,1,14,102,7513,-467,HIGH
2022,1,14,14,8800,263,Special
2022,1,15,71,8454,941,HIGH
2022,1,15,10,9661,861,Special
2022,1,17,203,7477,-977,HIGH
2022,1,17,29,8277,-1384,Special
2022,1,18,105,7199,-278,HIGH
2022,1,18,15,8055,-222,Special
2022,1,19,106,7744,545,HIGH
2022,1,19,15,8500,445,Special
2022,1,20,114,7468,-276,HIGH
2022,1,20,16,8251,-249,Special
2022,1,21,86,7426,-42,HIGH
2022,1,21,12,8135,-116,Special
2022,1,22,47,8643,1217,HIGH
2022,1,22,7,9200,1065,Special
2022,1,24,197,7640,-1003,HIGH
2022,1,24,28,8361,-839,Special
2022,1,25,138,7801,161,HIGH
2022,1,25,20,8495,134,Special
2022,1,26,181,7313,-488,HIGH
2022,1,26,26,7923,-572,Special
2022,1,27,121,7168,-145,HIGH
2022,1,27,17,7901,-22,Special
2022,1,28,121,7224,56,HIGH
2022,1,28,17,8305,404,Special
2022,1,29,65,8263,1039,HIGH
2022,1,29,9,9397,1092,Special
2022,2,4,138,8148,-115,HIGH
2022,2,4,20,9522,125,Special
2022,2,5,60,8612,464,HIGH
2022,2,5,9,9400,-122,Special
2022,2,7,128,7860,-752,HIGH
2022,2,7,18,8722,-678,Special
2022,2,8,75,8447,587,HIGH
2022,2,8,11,8900,178,Special
2022,2,9,73,8726,279,HIGH
2022,2,9,10,9285,385,Special
2022,2,10,127,8337,-389,HIGH
2022,2,10,18,9135,-150,Special
2022,2,11,104,8111,-226,HIGH
2022,2,11,15,9078,-57,Special
2022,2,12,61,8201,90,HIGH
2022,2,12,9,9175,97,Special
2022,2,14,111,8426,225,HIGH
2022,2,14,16,9467,292,Special
2022,2,15,105,8069,-357,HIGH
2022,2,15,15,9449,-18,Special
2022,2,16,93,8653,584,HIGH
2022,2,16,13,10196,747,Special
2022,2,17,94,8188,-465,HIGH
2022,2,17,13,9228,-968,Special
2022,2,18,85,8197,9,HIGH
2022,2,18,12,9314,86,Special
2022,2,19,49,9225,1028,HIGH
2022,2,19,7,10000,686,Special
2022,2,21,162,8279,-946,HIGH
2022,2,21,23,9142,-858,Special
2022,2,22,68,8800,521,HIGH
2022,2,22,10,9357,215,Special
2022,2,23,131,8373,-427,HIGH
2022,2,23,19,9128,-229,Special
2022,2,24,95,8511,138,HIGH
2022,2,24,14,9365,237,Special
2022,2,25,82,8904,393,HIGH
2022,2,25,12,9708,343,Special
2022,2,26,91,8995,91,HIGH
2022,2,26,13,9600,-108,Special
2022,2,28,136,8108,-887,HIGH
2022,2,28,19,9247,-353,Special
2022,3,1,81,8904,796,HIGH
2022,3,1,12,10143,896,Special
2022,3,2,65,9195,291,HIGH
2022,3,2,9,10682,539,Special
2022,3,3,148,8738,-457,HIGH
2022,3,3,21,9932,-750,Special
2022,3,4,111,8985,247,HIGH
2022,3,4,16,9820,-112,Special
2022,3,5,103,8461,-524,HIGH
2022,3,5,15,9155,-665,Special
2022,3,7,141,7755,-706,HIGH
2022,3,7,20,8892,-263,Special
2022,3,8,113,8236,481,HIGH
2022,3,8,16,9103,211,Special
2022,3,9,126,8280,44,HIGH
2022,3,9,18,9315,212,Special
2022,3,10,70,8979,699,HIGH
2022,3,10,10,9980,665,Special
2022,3,11,85,9513,534,HIGH
2022,3,11,12,10273,293,Special
2022,3,12,90,9450,-63,HIGH
2022,3,12,13,10263,-10,Special
2022,3,14,112,9671,221,HIGH
2022,3,14,16,10800,537,Special
2022,3,15,113,8702,-969,HIGH
2022,3,15,16,10619,-181,Special
2022,3,16,102,8881,179,HIGH
2022,3,16,15,10092,-527,Special
2022,3,17,95,9032,151,HIGH
2022,3,17,14,10763,671,Special
2022,3,18,117,9298,266,HIGH
2022,3,18,17,10550,-213,Special
2022,3,19,80,8863,-435,HIGH
2022,3,19,11,10642,92,Special
2022,3,21,100,9688,825,HIGH
2022,3,21,14,11355,713,Special
2022,3,22,98,9377,-311,HIGH
2022,3,22,14,11034,-321,Special
2022,3,23,135,9301,-76,HIGH
2022,3,23,19,10809,-225,Special
2022,3,24,103,9078,-223,HIGH
2022,3,24,15,10463,-346,Special
2022,3,25,97,9500,422,HIGH
2022,3,25,14,11068,605,Special
2022,3,26,77,9707,207,HIGH
2022,3,26,11,11089,21,Special
2022,3,28,124,9746,39,HIGH
2022,3,28,18,11257,168,Special
2022,3,29,108,9951,205,HIGH
2022,3,29,15,10963,-294,Special
2022,3,30,98,10443,492,HIGH
2022,3,30,14,11785,822,Special
2022,3,31,102,10248,-195,HIGH
2022,3,31,14,11556,-229,Special
2022,4,1,108,10009,-239,HIGH
2022,4,1,15,12019,463,Special
2022,4,2,72,10826,817,HIGH
2022,4,2,10,11793,-226,Special
2022,4,4,128,10719,-107,HIGH
2022,4,4,18,11911,118,Special
2022,4,5,126,10827,108,HIGH
2022,4,5,18,12032,121,Special
2022,4,6,167,9848,-979,HIGH
2022,4,6,24,11624,-408,Special
2022,4,7,106,10675,827,HIGH
2022,4,7,15,11820,196,Special
2022,4,8,133,10029,-646,HIGH
2022,4,8,19,11608,-212,Special
2022,4,9,81,9588,-441,HIGH
2022,4,9,12,11487,-121,Special
2022,4,11,135,10286,698,HIGH
2022,4,11,19,12060,573,Special
2022,4,12,150,10054,-232,HIGH
2022,4,12,21,11800,-260,Special
2022,4,13,135,10236,182,HIGH
2022,4,13,19,11561,-239,Special
2022,4,14,135,9816,-420,HIGH
2022,4,14,19,11375,-186,Special
2022,4,15,90,10826,1010,HIGH
2022,4,15,13,11600,225,Special
2022,4,16,73,10554,-272,HIGH
2022,4,16,10,11300,-300,Special
2022,4,18,159,10300,-254,HIGH
2022,4,18,23,11973,673,Special
2022,4,19,109,10780,480,HIGH
2022,4,19,16,12400,427,Special
2022,4,20,123,11013,233,HIGH
2022,4,20,18,12229,-171,Special
2022,4,21,151,10571,-442,HIGH
2022,4,21,22,12189,-40,Special
2022,4,22,130,10680,109,HIGH
2022,4,22,18,12087,-102,Special
2022,4,23,73,10566,-114,HIGH
2022,4,23,10,11800,-287,Special
2022,4,25,141,11003,437,HIGH
2022,4,25,20,12079,279,Special
2022,4,26,139,10262,-741,HIGH
2022,4,26,20,12188,109,Special
2022,4,27,123,10937,675,HIGH
2022,4,27,18,12679,491,Special
2022,4,28,155,9747,-1190,HIGH
2022,4,28,22,12012,-667,Special
2022,4,29,118,10171,424,HIGH
2022,4,29,17,11783,-229,Special
2022,4,30,80,10381,210,HIGH
2022,4,30,11,11786,3,Special
2022,5,2,140,10346,-35,HIGH
2022,5,2,20,12268,482,Special
2022,5,3,144,9905,-441,HIGH
2022,5,3,20,12114,-154,Special
2022,5,4,151,8638,-1267,HIGH
2022,5,4,22,11502,-612,Special
2022,5,5,105,10175,1537,HIGH
2022,5,5,15,12056,554,Special
2022,5,6,112,10824,649,HIGH
2022,5,6,16,13499,1443,Special
2022,5,7,103,10098,-726,HIGH
2022,5,7,15,12915,-584,Special
2022,5,9,144,9183,-915,HIGH
2022,5,9,21,12208,-707,Special
2022,5,10,155,9374,191,HIGH
2022,5,10,22,12323,115,Special
2022,5,11,135,8921,-453,HIGH
2022,5,11,19,11644,-679,Special
2022,5,12,113,8647,-274,HIGH
2022,5,12,16,12321,677,Special
2022,5,13,113,8991,344,HIGH
2022,5,13,16,12019,-302,Special
2022,5,14,79,9581,590,HIGH
2022,5,14,11,12600,581,Special
2022,5,16,192,8539,-1042,HIGH
2022,5,16,27,12132,-468,Special
2022,5,17,157,8330,-209,HIGH
2022,5,17,22,11223,-909,Special
2022,5,18,126,9016,686,HIGH
2022,5,18,18,12499,1276,Special
2022,5,19,137,8634,-382,HIGH
2022,5,19,20,9424,-3075,Special
2022,5,20,157,8255,-379,HIGH
2022,5,20,22,9585,161,Special
2022,5,21,131,6973,-1282,HIGH
2022,5,21,19,8936,-649,Special
2022,5,23,187,7183,210,HIGH
2022,5,23,27,9361,425,Special
2022,5,24,139,7840,657,HIGH
2022,5,24,20,8980,-381,Special
2022,5,25,119,7525,-315,HIGH
2022,5,25,17,8636,-344,Special
2022,5,26,133,7278,-247,HIGH
2022,5,26,19,8587,-49,Special
2022,5,27,111,7640,362,HIGH
2022,5,27,16,9151,564,Special
2022,5,28,97,7533,-107,HIGH
2022,5,28,14,9000,-151,Special
2022,5,30,149,7879,346,HIGH
2022,5,30,21,9012,12,Special
2022,5,31,109,9392,1513,HIGH
2022,5,31,16,11255,2243,Special
2022,6,1,146,8665,-727,HIGH
2022,6,1,21,10658,-597,Special
2022,6,2,112,8889,224,HIGH
2022,6,2,16,11157,499,Special
2022,6,3,114,9735,846,HIGH
2022,6,3,16,11300,143,Special
2022,6,4,107,10704,969,HIGH
2022,6,4,15,11364,64,Special
2022,6,6,167,8992,-1712,HIGH
2022,6,6,24,10201,-1163,Special
2022,6,7,85,9315,323,HIGH
2022,6,7,12,10970,769,Special
2022,6,8,165,8924,-391,HIGH
2022,6,8,24,10306,-664,Special
2022,6,9,173,7796,-1128,HIGH
2022,6,9,25,9144,-1162,Special
2022,6,10,155,7094,-702,HIGH
2022,6,10,22,8645,-499,Special
2022,6,11,125,6041,-1053,HIGH
2022,6,11,18,7831,-814,Special
2022,6,13,120,8264,2223,HIGH
2022,6,13,17,9449,1618,Special
2022,6,14,138,9377,1113,HIGH
2022,6,14,20,10318,869,Special
2022,6,15,161,8336,-1041,HIGH
2022,6,15,23,9246,-1072,Special
2022,6,16,109,8692,356,HIGH
2022,6,16,16,9674,428,Special
2022,6,17,163,7558,-1134,HIGH
2022,6,17,23,8307,-1367,Special
2022,6,18,142,6999,-559,HIGH
2022,6,18,20,8082,-225,Special
2022,6,20,135,8837,1838,HIGH
2022,6,20,19,10379,2297,Special
2022,6,21,173,8962,125,HIGH
2022,6,21,25,10219,-160,Special
2022,6,22,162,9592,630,HIGH
2022,6,22,23,10870,651,Special
2022,6,23,150,9807,215,HIGH
2022,6,23,21,11308,438,Special
2022,6,24,192,9079,-728,HIGH
2022,6,24,28,10674,-634,Special
2022,6,25,96,9755,676,HIGH
2022,6,25,14,11062,388,Special
2022,6,27,229,7652,-2103,HIGH
2022,6,27,33,10211,-851,Special
2022,6,28,171,8053,401,HIGH
2022,6,28,24,9700,-511,Special
2022,6,29,166,7442,-611,HIGH
2022,6,29,24,9704,4,Special
2022,6,30,70,11243,3801,HIGH
2022,6,30,10,12771,3067,Special
2022,7,1,96,10018,-1225,HIGH
2022,7,1,14,11000,-1771,Special
2022,7,2,122,8986,-1032,HIGH
2022,7,2,17,10003,-997,Special
2022,7,4,182,8250,-736,HIGH
2022,7,4,26,10079,76,Special
2022,7,5,136,9924,1674,HIGH
2022,7,5,19,11000,921,Special
2022,7,6,144,9644,-280,HIGH
2022,7,6,21,11938,938,Special
2022,7,7,141,11840,2196,HIGH
2022,7,7,20,12848,910,Special
2022,7,8,148,8863,-2977,HIGH
2022,7,8,21,9768,-3080,Special
2022,7,9,91,11716,2853,HIGH
2022,7,9,13,14066,4298,Special
2022,7,11,197,10415,-1301,HIGH
2022,7,11,28,13554,-512,Special
2022,7,12,114,14218,3803,HIGH
2022,7,12,16,15961,2407,Special
2022,7,13,163,11238,-2980,HIGH
2022,7,13,23,13505,-2456,Special
2022,7,14,97,15539,4301,HIGH
2022,7,14,14,16562,3057,Special
2022,7,15,152,13552,-1987,HIGH
2022,7,15,22,16329,-233,Special
2022,7,16,133,15591,2039,HIGH
2022,7,16,19,17843,1514,Special
2022,7,18,156,18141,2550,HIGH
2022,7,18,22,21538,3695,Special
2022,7,19,148,16001,-2140,HIGH
2022,7,19,21,21321,-217,Special
2022,7,20,141,18227,2226,HIGH
2022,7,20,20,22587,1266,Special
2022,7,21,163,15963,-2264,HIGH
2022,7,21,23,20601,-1986,Special
2022,7,22,83,20930,4967,HIGH
2022,7,22,12,24446,3845,Special
2022,7,23,85,25015,4085,HIGH
2022,7,23,12,29079,4633,Special
2022,7,25,169,16617,-8398,HIGH
2022,7,25,24,24838,-4241,Special
2022,7,26,143,19868,3251,HIGH
2022,7,26,20,24978,140,Special
2022,7,27,153,15155,-4713,HIGH
2022,7,27,22,23687,-1291,Special
2022,7,28,121,15696,541,HIGH
2022,7,28,17,22681,-1006,Special
2022,7,29,155,14328,-1368,HIGH
2022,7,29,22,18752,-3929,Special
2022,7,30,142,12399,-1929,HIGH
2022,7,30,20,17728,-1024,Special
2022,8,1,162,15696,3297,HIGH
2022,8,1,23,20271,2543,Special
2022,8,2,157,15447,-249,HIGH
2022,8,2,22,20510,239,Special
2022,8,3,164,12257,-3190,HIGH
2022,8,3,23,19654,-856,Special
2022,8,4,145,13953,1696,HIGH
2022,8,4,21,19804,150,Special
2022,8,5,175,14913,960,HIGH
2022,8,5,25,19856,52,Special
2022,8,8,246,11763,-3150,HIGH
2022,8,8,35,18640,-1216,Special
2022,8,9,201,11259,-504,HIGH
2022,8,9,29,17516,-1124,Special
2022,8,10,98,16181,4922,HIGH
2022,8,10,14,20222,2706,Special
2022,8,11,183,15444,-737,HIGH
2022,8,11,26,19789,-433,Special
2022,8,12,157,11386,-4058,HIGH
2022,8,12,22,16687,-3102,Special
2022,8,13,160,13838,2452,HIGH
2022,8,13,23,19491,2804,Special
2022,8,15,244,11961,-1877,HIGH
2022,8,15,35,18502,-989,Special
2022,8,16,203,12558,597,HIGH
2022,8,16,29,17430,-1072,Special
2022,8,17,159,13892,1334,HIGH
2022,8,17,23,17979,549,Special
2022,8,18,217,11656,-2236,HIGH
2022,8,18,31,17170,-809,Special
2022,8,19,176,14426,2770,HIGH
2022,8,19,25,18862,1692,Special
2022,8,20,150,15467,1041,HIGH
2022,8,20,22,19015,153,Special
2022,8,22,248,13248,-2219,HIGH
2022,8,22,36,18300,-715,Special
2022,8,23,189,16832,3584,HIGH
2022,8,23,27,19914,1614,Special
2022,8,24,234,14280,-2552,HIGH
2022,8,24,34,19205,-709,Special
2022,8,25,253,14303,23,HIGH
2022,8,25,36,19710,505,Special
2022,8,26,232,16428,2125,HIGH
2022,8,26,33,21611,1901,Special
2022,8,27,231,15701,-727,HIGH
2022,8,27,33,22313,702,Special
2022,8,29,241,21083,5382,HIGH
2022,8,29,34,25416,3103,Special
2022,8,30,334,17402,-3681,HIGH
2022,8,30,48,25455,39,Special
2022,8,31,206,19184,1782,HIGH
2022,8,31,29,26766,1311,Special
2022,9,1,217,21728,2544,HIGH
2022,9,1,31,33182,6416,Special
2022,9,2,371,21070,-658,HIGH
2022,9,2,53,32536,-646,Special
2022,9,3,316,21018,-52,HIGH
2022,9,3,45,35303,2767,Special
2022,9,5,314,22853,1835,HIGH
2022,9,5,45,38936,3633,Special
2022,9,6,274,23337,484,HIGH
2022,9,6,39,39134,198,Special
2022,9,7,262,20587,-2750,HIGH
2022,9,7,38,42451,3317,Special
2022,9,8,286,22326,1739,HIGH
2022,9,8,41,38541,-3910,Special
2022,9,9,64,15294,-7032,HIGH
2022,9,9,9,24161,-14380,Special
2022,9,13,167,27438,12144,HIGH
2022,9,13,24,38619,14458,Special
2022,9,14,177,26905,-533,HIGH
2022,9,14,25,36672,-1947,Special
2022,9,15,187,24383,-2522,HIGH
2022,9,15,27,31229,-5443,Special
2022,9,16,194,26042,1659,HIGH
2022,9,16,28,32765,1536,Special
2022,9,17,145,27100,1058,HIGH
2022,9,17,21,36110,3345,Special
2022,9,19,165,29988,2888,HIGH
2022,9,19,24,37299,1189,Special
2022,9,20,135,30337,349,HIGH
2022,9,20,19,41793,4494,Special
2022,9,21,243,26170,-4167,HIGH
2022,9,21,35,35588,-6205,Special
2022,9,22,162,25602,-568,HIGH
2022,9,22,23,37589,2001,Special
2022,9,23,190,23635,-1967,HIGH
2022,9,23,27,32499,-5090,Special
2022,9,24,193,21941,-1694,HIGH
2022,9,24,28,29109,-3390,Special
2022,9,26,189,22773,832,HIGH
2022,9,26,27,30941,1832,Special
2022,9,27,224,19630,-3143,HIGH
2022,9,27,32,28258,-2683,Special
2022,9,28,176,19068,-562,HIGH
2022,9,28,25,25352,-2906,Special
2022,9,29,183,18705,-363,HIGH
2022,9,29,26,24730,-622,Special
2022,9,30,195,17335,-1370,HIGH
2022,9,30,28,23988,-742,Special
2022,10,1,149,16630,-705,HIGH
2022,10,1,21,23891,-97,Special
2022,10,3,123,24334,7704,HIGH
2022,10,3,18,27386,3495,Special
2022,10,4,91,23144,-1190,HIGH
2022,10,4,13,29198,1812,Special
2022,10,5,186,19842,-3302,HIGH
2022,10,5,27,25378,-3820,Special
2022,10,6,323,12647,-7195,HIGH
2022,10,6,46,17779,-7599,Special
2022,10,7,203,14644,1997,HIGH
2022,10,7,29,18426,647,Special
2022,10,8,225,12389,-2255,HIGH
2022,10,8,32,15199,-3227,Special
2022,10,10,225,13110,721,HIGH
2022,10,10,32,15989,790,Special
2022,10,11,155,11965,-1145,HIGH
2022,10,11,22,14323,-1666,Special
2022,10,12,233,10189,-1776,HIGH
2022,10,12,33,12574,-1749,Special
2022,10,13,208,10161,-28,HIGH
2022,10,13,30,12813,239,Special
2022,10,14,200,9354,-807,HIGH
2022,10,14,28,12018,-795,Special
2022,10,15,118,11166,1812,HIGH
2022,10,15,17,13200,1182,Special
2022,10,17,269,8111,-3055,HIGH
2022,10,17,38,10936,-2264,Special
2022,10,18,212,7844,-267,HIGH
2022,10,18,30,10200,-736,Special
2022,10,19,192,7982,138,HIGH
2022,10,19,28,9140,-1060,Special
2022,10,20,202,7862,-120,HIGH
2022,10,20,29,9091,-49,Special
2022,10,21,216,7534,-328,HIGH
2022,10,21,31,8958,-133,Special
2022,10,22,196,8362,828,HIGH
2022,10,22,28,10490,1532,Special
2022,10,24,279,8173,-189,HIGH
2022,10,24,40,9424,-1066,Special
2022,10,25,191,8035,-138,HIGH
2022,10,25,27,9415,-9,Special
2022,10,26,191,7837,-198,HIGH
2022,10,26,27,9091,-324,Special
2022,10,27,175,7644,-193,HIGH
2022,10,27,25,10135,1044,Special
2022,10,28,166,7393,-251,HIGH
2022,10,28,24,8996,-1139,Special
2022,10,29,188,6833,-560,HIGH
2022,10,29,27,7908,-1088,Special
2022,10,31,226,6599,-234,HIGH
2022,10,31,32,7852,-56,Special
2022,11,1,265,6027,-572,HIGH
2022,11,1,38,7416,-436,Special
2022,11,2,245,5509,-518,HIGH
2022,11,2,35,6950,-466,Special
2022,11,3,191,6179,670,HIGH
2022,11,3,27,7607,657,Special
2022,11,4,232,6165,-14,HIGH
2022,11,4,33,7638,31,Special
2022,11,5,187,6369,204,HIGH
2022,11,5,27,7952,314,Special
2022,11,7,300,6272,-97,HIGH
2022,11,7,43,7512,-440,Special
2022,11,8,331,5342,-930,HIGH
2022,11,8,47,7207,-305,Special
2022,11,9,287,5420,78,HIGH
2022,11,9,41,7360,153,Special
2022,11,10,299,5774,354,HIGH
2022,11,10,43,7184,-176,Special
2022,11,11,368,6243,469,HIGH
2022,11,11,53,7475,291,Special
2022,11,12,364,6519,276,HIGH
2022,11,12,52,8178,703,Special
2022,11,14,372,6042,-477,HIGH
2022,11,14,53,7705,-473,Special
2022,11,15,308,5151,-891,HIGH
2022,11,15,44,6902,-803,Special
2022,11,16,334,4886,-265,HIGH
2022,11,16,48,5838,-1064,Special
2022,11,17,354,5306,420,HIGH
2022,11,17,51,6655,817,Special
2022,11,18,376,6588,1282,HIGH
2022,11,18,54,7440,785,Special
2022,11,19,429,5715,-873,HIGH
2022,11,19,61,6858,-582,Special
2022,11,21,370,4618,-1097,HIGH
2022,11,21,53,6047,-811,Special
2022,11,22,243,3787,-831,HIGH
2022,11,22,35,5839,-208,Special
2022,11,23,319,4846,1059,HIGH
2022,11,23,46,6765,926,Special
2022,11,24,250,5171,325,HIGH
2022,11,24,36,6270,-495,Special
2022,11,25,354,5968,797,HIGH
2022,11,25,51,7553,1283,Special
2022,11,26,389,5945,-23,HIGH
2022,11,26,56,6907,-646,Special
2022,11,28,355,4759,-1186,HIGH
2022,11,28,51,5965,-942,Special
2022,11,29,223,4829,70,HIGH
2022,11,29,32,6448,483,Special
2022,11,30,160,5084,255,HIGH
2022,11,30,23,5740,-708,Special
2022,12,1,142,4540,-544,HIGH
2022,12,1,20,5624,-116,Special
2022,12,2,122,4967,427,HIGH
2022,12,2,17,5560,-64,Special
2022,12,3,183,5513,546,HIGH
2022,12,3,26,6039,479,Special
2022,12,5,255,4523,-990,HIGH
2022,12,5,36,5601,-438,Special
2022,12,6,152,3921,-602,HIGH
2022,12,6,22,5000,-601,Special
2022,12,7,120,3748,-173,HIGH
2022,12,7,17,4550,-450,Special
2022,12,8,127,4039,291,HIGH
2022,12,8,18,5173,623,Special
2022,12,9,141,4479,440,HIGH
2022,12,9,20,5426,253,Special
2022,12,10,135,4337,-142,HIGH
2022,12,10,19,5093,-333,Special
2022,12,12,152,4651,314,HIGH
2022,12,12,22,5116,23,Special
2022,12,13,132,4281,-370,HIGH
2022,12,13,19,4835,-281,Special
2022,12,14,138,3845,-436,HIGH
2022,12,14,20,4570,-265,Special
2022,12,15,67,3154,-691,HIGH
2022,12,15,10,3764,-806,Special
2022,12,16,59,3959,805,HIGH
2022,12,16,8,4500,736,Special
2022,12,17,54,4823,864,HIGH
2022,12,17,8,5300,800,Special
2022,12,19,47,6352,1529,HIGH
2022,12,19,7,7100,1800,Special
2022,12,20,111,4838,-1514,HIGH
2022,12,20,16,5869,-1231,Special
2022,12,21,98,5183,345,HIGH
2022,12,21,14,5680,-189,Special
2022,12,22,110,4711,-472,HIGH
2022,12,22,16,5748,68,Special
2022,12,23,69,4586,-125,HIGH
2022,12,23,10,5473,-275,Special
2022,12,24,29,4730,144,HIGH
2022,12,24,4,5800,327,Special
2022,12,26,66,6206,1476,HIGH
2022,12,26,9,9509,3709,Special
2022,12,27,117,5163,-1043,HIGH
2022,12,27,17,5800,-3709,Special
2022,12,28,104,4660,-503,HIGH
2022,12,28,15,5400,-400,Special
2022,12,29,126,4389,-271,HIGH
2022,12,29,18,5449,49,Special
2022,12,30,141,3717,-672,HIGH
2022,12,30,20,4326,-1123,Special
2022,12,31,56,3814,97,HIGH
2022,12,31,8,4500,174,Special
2023,1,3,120,4382,568,HIGH
2023,1,3,17,4800,300,Special
2023,1,4,95,4200,-182,HIGH
2023,1,4,14,4856,56,Special
2023,1,5,98,4199,-1,HIGH
2023,1,5,14,4690,-166,Special
2023,1,6,106,4120,-79,HIGH
2023,1,6,15,4700,10,Special
2023,1,7,71,3934,-186,HIGH
2023,1,7,10,4685,-15,Special
2023,1,9,149,3673,-261,HIGH
2023,1,9,21,4317,-368,Special
2023,1,10,69,3753,80,HIGH
2023,1,10,10,4094,-223,Special
2023,1,11,85,3889,136,HIGH
2023,1,11,12,4374,280,Special
2023,1,12,103,4094,205,HIGH
2023,1,12,15,4728,354,Special
2023,1,13,124,4240,146,HIGH
2023,1,13,18,4600,-128,Special
2023,1,14,43,4103,-137,HIGH
2023,1,14,6,4300,-300,Special
2023,1,16,134,4219,116,HIGH
2023,1,16,19,4535,235,Special
2023,1,17,136,3985,-234,HIGH
2023,1,17,20,4435,-100,Special
2023,1,18,98,4031,46,HIGH
2023,1,18,14,4500,65,Special
2023,1,19,108,3839,-192,HIGH
2023,1,19,15,4300,-200,Special
2023,1,20,69,3936,97,HIGH
2023,1,20,10,4288,-12,Special
2023,1,21,8,3936,0,HIGH
2023,1,21,1,4288,0,Special
2023,1,25,48,5014,1078,HIGH
2023,1,25,7,5200,912,Special
2023,1,26,15,5014,0,HIGH
2023,1,26,2,5200,0,Special
2023,1,27,66,5924,910,HIGH
2023,1,27,10,6678,1478,Special
2023,1,28,60,5913,-11,HIGH
2023,1,28,9,6400,-278,Special
2023,1,30,74,6347,434,HIGH
2023,1,30,11,6768,368,Special
2023,1,31,88,6388,41,HIGH
2023,1,31,12,7100,332,Special
2023,2,1,118,5321,-1067,HIGH
2023,2,1,17,6239,-861,Special
2023,2,2,115,4759,-562,HIGH
2023,2,2,16,5951,-288,Special
2023,2,3,120,4270,-489,HIGH
2023,2,3,17,5536,-415,Special
2023,2,4,90,4388,118,HIGH
2023,2,4,13,5505,-31,Special
2023,2,6,94,4768,380,HIGH
2023,2,6,13,5681,176,Special
2023,2,7,72,5049,281,HIGH
2023,2,7,10,5782,101,Special
2023,2,8,102,4714,-335,HIGH
2023,2,8,14,5524,-258,Special
2023,2,9,103,5039,325,HIGH
2023,2,9,15,5840,316,Special
2023,2,10,86,5376,337,HIGH
2023,2,10,12,6308,468,Special
2023,2,11,47,6315,939,HIGH
2023,2,11,7,6700,392,Special
2023,2,13,146,5520,-795,HIGH
2023,2,13,21,6529,-171,Special
2023,2,14,61,6182,662,HIGH
2023,2,14,9,6700,171,Special
2023,2,15,66,6994,812,HIGH
2023,2,15,9,7988,1288,Special
2023,2,16,131,6201,-793,HIGH
2023,2,16,19,7195,-793,Special
2023,2,17,108,5743,-458,HIGH
2023,2,17,15,6300,-895,Special
2023,2,18,66,5836,93,HIGH
2023,2,18,9,6700,400,Special
2023,2,20,106,6399,563,HIGH
2023,2,20,15,7460,760,Special
2023,2,21,125,5686,-713,HIGH
2023,2,21,18,6395,-1065,Special
2023,2,22,82,6020,334,HIGH
2023,2,22,12,6280,-115,Special
2023,2,23,89,5919,-101,HIGH
2023,2,23,13,6460,180,Special
2023,2,24,98,5550,-369,HIGH
2023,2,24,14,6535,75,Special
2023,2,25,60,6072,522,HIGH
2023,2,25,9,7100,565,Special
2023,2,27,107,6532,460,HIGH
2023,2,27,15,7500,400,Special
2023,2,28,108,6070,-462,HIGH
2023,2,28,15,6416,-1084,Special
2023,3,1,98,6167,97,HIGH
2023,3,1,14,7086,670,Special
2023,3,2,73,6963,796,HIGH
2023,3,2,10,7686,600,Special
2023,3,3,119,7037,74,HIGH
2023,3,3,17,7954,268,Special
2023,3,4,83,7351,314,HIGH
2023,3,4,12,8392,438,Special
2023,3,6,121,7334,-17,HIGH
2023,3,6,17,8833,441,Special
2023,3,7,77,8905,1571,HIGH
2023,3,7,11,10248,1415,Special
2023,3,8,118,7878,-1027,HIGH
2023,3,8,17,8999,-1249,Special
2023,3,9,151,6879,-999,HIGH
2023,3,9,22,8119,-880,Special
2023,3,10,106,6544,-335,HIGH
2023,3,10,15,7875,-244,Special
2023,3,11,38,7122,578,HIGH
2023,3,11,5,8600,725,Special
2023,3,13,106,7024,-98,HIGH
2023,3,13,15,8684,84,Special
2023,3,14,121,6673,-351,HIGH
2023,3,14,17,8369,-315,Special
2023,3,15,107,6691,18,HIGH
2023,3,15,15,8168,-201,Special
2023,3,16,113,6507,-184,HIGH
2023,3,16,16,8300,132,Special
2023,3,17,93,6892,385,HIGH
2023,3,17,13,8414,114,Special
2023,3,18,53,7707,815,HIGH
2023,3,18,8,8500,86,Special
2023,3,20,130,6617,-1090,HIGH
2023,3,20,18,7570,-930,Special
2023,3,21,88,6881,264,HIGH
2023,3,21,13,8199,629,Special
2023,3,22,97,7507,626,HIGH
2023,3,22,14,8420,221,Special
2023,3,23,114,6802,-705,HIGH
2023,3,23,16,8555,135,Special
2023,3,24,125,6812,10,HIGH
2023,3,24,18,8279,-276,Special
2023,3,25,62,5829,-983,HIGH
2023,3,25,9,8603,324,Special
2023,3,27,118,6986,1157,HIGH
2023,3,27,17,8953,350,Special
2023,3,28,105,7056,70,HIGH
2023,3,28,15,8556,-397,Special
2023,3,29,112,6471,-585,HIGH
2023,3,29,16,8031,-525,Special
2023,3,30,121,6098,-373,HIGH
2023,3,30,17,6978,-1053,Special
2023,3,31,84,6700,602,HIGH
2023,3,31,12,8695,1717,Special
2023,4,1,52,7619,919,HIGH
2023,4,1,8,9072,377,Special
2023,4,3,58,9082,1463,HIGH
2023,4,3,8,10903,1831,Special
2023,4,4,62,10055,973,HIGH
2023,4,4,9,11418,515,Special
2023,4,5,105,8842,-1213,HIGH
2023,4,5,15,11693,275,Special
2023,4,6,75,9689,847,HIGH
2023,4,6,11,12177,484,Special
2023,4,7,63,10624,935,HIGH
2023,4,7,9,13257,1080,Special
2023,4,8,89,9157,-1467,HIGH
2023,4,8,13,11616,-1641,Special
2023,4,10,152,8090,-1067,HIGH
2023,4,10,22,11457,-159,Special
2023,4,11,92,8510,420,HIGH
2023,4,11,13,11885,428,Special
2023,4,12,116,8830,320,HIGH
2023,4,12,17,12277,392,Special
2023,4,13,89,8426,-404,HIGH
2023,4,13,13,12046,-231,Special
2023,4,14,95,8273,-153,HIGH
2023,4,14,14,12025,-21,Special
2023,4,15,41,8805,532,HIGH
2023,4,15,6,13601,1576,Special
2023,4,17,119,8589,-216,HIGH
2023,4,17,17,10624,-2977,Special
2023,4,18,107,8262,-327,HIGH
2023,4,18,15,10769,145,Special
2023,4,19,115,7907,-355,HIGH
2023,4,19,16,10816,47,Special
2023,4,20,104,8210,303,HIGH
2023,4,20,15,10200,-616,Special
2023,4,21,89,8263,53,HIGH
2023,4,21,13,9754,-446,Special
2023,4,22,76,6882,-1381,HIGH
2023,4,22,11,9676,-78,Special
2023,4,24,104,7918,1036,HIGH
2023,4,24,15,10862,1186,Special
2023,4,25,82,8554,636,HIGH
2023,4,25,12,11778,916,Special
2023,4,26,78,9356,802,HIGH
2023,4,26,11,11932,154,Special
2023,4,27,84,10882,1526,HIGH
2023,4,27,12,12490,558,Special
2023,4,28,105,9198,-1684,HIGH
2023,4,28,15,11046,-1444,Special
2023,4,29,83,8753,-445,HIGH
2023,4,29,12,10852,-194,Special
2023,5,1,104,8557,-196,HIGH
2023,5,1,15,11379,527,Special
2023,5,2,89,9926,1369,HIGH
2023,5,2,13,12647,1268,Special
2023,5,3,91,11301,1375,HIGH
2023,5,3,13,12674,27,Special
2023,5,4,117,10297,-1004,HIGH
2023,5,4,17,12204,-470,Special
2023,5,5,115,9959,-338,HIGH
2023,5,5,16,13221,1017,Special
2023,5,6,44,15195,5236,HIGH
2023,5,6,6,17305,4084,Special
2023,5,8,181,8816,-6379,HIGH
2023,5,8,26,12331,-4974,Special
2023,5,9,149,8170,-646,HIGH
2023,5,9,21,11396,-935,Special
2023,5,10,125,7578,-592,HIGH
2023,5,10,18,11110,-286,Special
2023,5,11,125,7699,121,HIGH
2023,5,11,18,9901,-1209,Special
2023,5,12,127,7382,-317,HIGH
2023,5,12,18,8484,-1417,Special
2023,5,13,72,7332,-50,HIGH
2023,5,13,10,9750,1266,Special
2023,5,15,84,11695,4363,HIGH
2023,5,15,12,12863,3113,Special
2023,5,16,86,11627,-68,HIGH
2023,5,16,12,12571,-292,Special
2023,5,17,123,8881,-2746,HIGH
2023,5,17,18,13263,692,Special
2023,5,18,96,9244,363,HIGH
2023,5,18,14,10754,-2509,Special
2023,5,19,110,8860,-384,HIGH
2023,5,19,16,10864,110,Special
2023,5,20,84,9122,262,HIGH
2023,5,20,12,11105,241,Special
2023,5,22,182,6473,-2649,HIGH
2023,5,22,26,7497,-3608,Special
2023,5,23,139,6415,-58,HIGH
2023,5,23,20,7330,-167,Special
2023,5,24,138,5976,-439,HIGH
2023,5,24,20,7274,-56,Special
2023,5,25,156,5503,-473,HIGH
2023,5,25,22,6873,-401,Special
2023,5,26,118,6129,626,HIGH
2023,5,26,17,7356,483,Special
2023,5,27,73,8146,2017,HIGH
2023,5,27,10,10625,3269,Special
2023,5,29,97,10236,2090,HIGH
2023,5,29,14,12870,2245,Special
2023,5,30,125,6606,-3630,HIGH
2023,5,30,18,8139,-4731,Special
2023,5,31,90,8783,2177,HIGH
2023,5,31,13,11800,3661,Special
2023,6,1,102,10186,1403,HIGH
2023,6,1,14,11998,198,Special
2023,6,2,129,8002,-2184,HIGH
2023,6,2,18,9717,-2281,Special
2023,6,3,137,5846,-2156,HIGH
2023,6,3,20,8550,-1167,Special
2023,6,5,114,9082,3236,HIGH
2023,6,5,16,11261,2711,Special
2023,6,6,109,9666,584,HIGH
2023,6,6,16,12901,1640,Special
2023,6,7,117,7924,-1742,HIGH
2023,6,7,17,10448,-2453,Special
2023,6,8,103,8980,1056,HIGH
2023,6,8,15,10338,-110,Special
2023,6,9,101,8680,-300,HIGH
2023,6,9,14,10172,-166,Special
2023,6,10,75,9796,1116,HIGH
2023,6,10,11,11878,1706,Special
2023,6,12,115,8683,-1113,HIGH
2023,6,12,16,9770,-2108,Special
2023,6,13,136,6225,-2458,HIGH
2023,6,13,19,8866,-904,Special
2023,6,14,110,6334,109,HIGH
2023,6,14,16,7604,-1262,Special
2023,6,15,87,9604,3270,HIGH
2023,6,15,12,10937,3333,Special
2023,6,16,82,9774,170,HIGH
2023,6,16,12,10767,-170,Special
2023,6,17,107,7238,-2536,HIGH
2023,6,17,15,8639,-2128,Special
2023,6,19,129,7311,73,HIGH
2023,6,19,18,8502,-137,Special
2023,6,20,128,6831,-480,HIGH
2023,6,20,18,7576,-926,Special
2023,6,21,97,9906,3075,HIGH
2023,6,21,14,10636,3060,Special
2023,6,22,99,7157,-2749,HIGH
2023,6,22,14,8570,-2066,Special
2023,6,23,176,5174,-1983,HIGH
2023,6,23,25,6859,-1711,Special
2023,6,24,86,10032,4858,HIGH
2023,6,24,12,11239,4380,Special
2023,6,26,146,8717,-1315,HIGH
2023,6,26,21,10249,-990,Special
2023,6,27,98,11289,2572,HIGH
2023,6,27,14,13230,2981,Special
2023,6,28,178,6544,-4745,HIGH
2023,6,28,25,7598,-5632,Special
2023,6,29,167,6324,-220,HIGH
2023,6,29,24,7191,-407,Special
2023,6,30,114,7199,875,HIGH
2023,6,30,16,10399,3208,Special
2023,7,1,92,7671,472,HIGH
2023,7,1,13,9166,-1233,Special
2023,7,3,182,5392,-2279,HIGH
2023,7,3,26,6826,-2340,Special
2023,7,4,151,4769,-623,HIGH
2023,7,4,22,6412,-414,Special
2023,7,5,136,5934,1165,HIGH
2023,7,5,19,8039,1627,Special
2023,7,6,80,10165,4231,HIGH
2023,7,6,12,11336,3297,Special
2023,7,7,173,4403,-5762,HIGH
2023,7,7,25,6307,-5029,Special
2023,7,8,124,3233,-1170,HIGH
2023,7,8,18,5441,-866,Special
2023,7,10,128,8496,5263,HIGH
2023,7,10,18,11498,6057,Special
2023,7,11,141,6291,-2205,HIGH
2023,7,11,20,9287,-2211,Special
2023,7,12,158,5201,-1090,HIGH
2023,7,12,23,7703,-1584,Special
2023,7,13,89,8213,3012,HIGH
2023,7,13,13,9554,1851,Special
2023,7,14,89,7078,-1135,HIGH
2023,7,14,13,10730,1176,Special
2023,7,15,47,14811,7733,HIGH
2023,7,15,7,18320,7590,Special
2023,7,17,223,4326,-10485,HIGH
2023,7,17,32,6754,-11566,Special
2023,7,18,150,5099,773,HIGH
2023,7,18,21,6865,111,Special
2023,7,19,86,12456,7357,HIGH
2023,7,19,12,18405,11540,Special
2023,7,20,136,6202,-6254,HIGH
2023,7,20,20,7731,-10674,Special
2023,7,21,172,7095,893,HIGH
2023,7,21,25,9285,1554,Special
2023,7,22,115,8239,1144,HIGH
2023,7,22,16,10764,1479,Special
2023,7,24,131,11583,3344,HIGH
2023,7,24,19,13475,2711,Special
2023,7,25,146,6471,-5112,HIGH
2023,7,25,21,8676,-4799,Special
2023,7,26,145,7311,840,HIGH
2023,7,26,21,9331,655,Special
2023,7,27,104,9667,2356,HIGH
2023,7,27,15,11480,2149,Special
2023,7,28,85,13992,4325,HIGH
2023,7,28,12,15375,3895,Special
2023,7,29,84,12175,-1817,HIGH
2023,7,29,12,14852,-523,Special
2023,7,31,131,14246,2071,HIGH
2023,7,31,19,16278,1426,Special
2023,8,1,104,16695,2449,HIGH
2023,8,1,15,20223,3945,Special
2023,8,2,95,16504,-191,HIGH
2023,8,2,14,19364,-859,Special
2023,8,3,147,14797,-1707,HIGH
2023,8,3,21,19085,-279,Special
2023,8,4,129,18615,3818,HIGH
2023,8,4,18,23575,4490,Special
2023,8,7,202,14354,-4261,HIGH
2023,8,7,29,22557,-1018,Special
2023,8,8,198,11678,-2676,HIGH
2023,8,8,28,20507,-2050,Special
2023,8,9,124,17640,5962,HIGH
2023,8,9,18,27146,6639,Special
2023,8,10,140,20633,2993,HIGH
2023,8,10,20,32164,5018,Special
2023,8,11,139,9878,-10755,HIGH
2023,8,11,20,25582,-6582,Special
2023,8,12,190,7559,-2319,HIGH
2023,8,12,27,15967,-9615,Special
2023,8,14,184,11586,4027,HIGH
2023,8,14,26,15696,-271,Special
2023,8,15,167,11186,-400,HIGH
2023,8,15,24,17330,1634,Special
2023,8,16,184,8851,-2335,HIGH
2023,8,16,26,14745,-2585,Special
2023,8,17,172,10283,1432,HIGH
2023,8,17,25,15825,1080,Special
2023,8,18,136,15234,4951,HIGH
2023,8,18,19,20606,4781,Special
2023,8,19,122,16731,1497,HIGH
2023,8,19,17,23252,2646,Special
2023,8,21,194,15189,-1542,HIGH
2023,8,21,28,20136,-3116,Special
2023,8,22,193,12647,-2542,HIGH
2023,8,22,28,16681,-3455,Special
2023,8,23,188,12984,337,HIGH
2023,8,23,27,16485,-196,Special
2023,8,24,165,13714,730,HIGH
2023,8,24,24,17313,828,Special
2023,8,25,104,16660,2946,HIGH
2023,8,25,15,20085,2772,Special
2023,8,26,128,16343,-317,HIGH
2023,8,26,18,21114,1029,Special
2023,8,28,257,10405,-5938,HIGH
2023,8,28,37,13811,-7303,Special
2023,8,29,158,10229,-176,HIGH
2023,8,29,22,13117,-694,Special
2023,8,30,171,8953,-1276,HIGH
2023,8,30,24,11960,-1157,Special
2023,8,31,140,9083,130,HIGH
2023,8,31,20,13634,1674,Special
2023,9,1,171,9967,884,HIGH
2023,9,1,24,13965,331,Special
2023,9,2,193,10492,525,HIGH
2023,9,2,28,14516,551,Special
2023,9,4,201,12580,2088,HIGH
2023,9,4,29,16639,2123,Special
2023,9,5,188,11150,-1430,HIGH
2023,9,5,27,17920,1281,Special
2023,9,6,225,11613,463,HIGH
2023,9,6,32,16105,-1815,Special
2023,9,7,225,11540,-73,HIGH
2023,9,7,32,16233,128,Special
2023,9,8,239,10114,-1426,HIGH
2023,9,8,34,15090,-1143,Special
2023,9,9,175,13722,3608,HIGH
2023,9,9,25,17541,2451,Special
2023,9,11,215,15174,1452,HIGH
2023,9,11,31,19431,1890,Special
2023,9,12,247,12827,-2347,HIGH
2023,9,12,35,19307,-124,Special
2023,9,13,255,11576,-1251,HIGH
2023,9,13,36,17681,-1626,Special
2023,9,14,211,13372,1796,HIGH
2023,9,14,30,19021,1340,Special
2023,9,15,168,16326,2954,HIGH
2023,9,15,24,22045,3024,Special
2023,9,16,163,16966,640,HIGH
2023,9,16,23,22430,385,Special
2023,9,18,319,11759,-5207,HIGH
2023,9,18,46,22558,128,Special
2023,9,19,327,12318,559,HIGH
2023,9,19,47,24514,1956,Special
2023,9,20,324,13337,1019,HIGH
2023,9,20,46,27028,2514,Special
2023,9,21,229,12455,-882,HIGH
2023,9,21,33,26526,-502,Special
2023,9,22,208,15747,3292,HIGH
2023,9,22,30,29751,3225,Special
2023,9,23,331,12755,-2992,HIGH
2023,9,23,47,22763,-6988,Special
2023,9,25,374,13016,261,HIGH
2023,9,25,54,20218,-2545,Special
2023,9,26,329,14855,1839,HIGH
2023,9,26,47,24177,3959,Special
2023,9,27,232,15696,841,HIGH
2023,9,27,33,29496,5319,Special
2023,9,28,41,14715,-981,HIGH
2023,9,28,6,27688,-1808,Special
2023,10,2,174,17844,3129,HIGH
2023,10,2,25,27952,264,Special
2023,10,3,229,10322,-7522,HIGH
2023,10,3,33,18819,-9133,Special
2023,10,4,237,10557,235,HIGH
2023,10,4,34,17502,-1317,Special
2023,10,5,234,10682,125,HIGH
2023,10,5,33,17959,457,Special
2023,10,6,199,11904,1222,HIGH
2023,10,6,28,19302,1343,Special
2023,10,7,187,11722,-182,HIGH
2023,10,7,27,21157,1855,Special
2023,10,9,227,13811,2089,HIGH
2023,10,9,32,19571,-1586,Special
2023,10,10,208,13567,-244,HIGH
2023,10,10,30,19376,-195,Special
2023,10,11,196,13807,240,HIGH
2023,10,11,28,19440,64,Special
2023,10,12,170,14589,782,HIGH
2023,10,12,24,19553,113,Special
2023,10,13,199,14296,-293,HIGH
2023,10,13,28,19076,-477,Special
2023,10,14,192,12238,-2058,HIGH
2023,10,14,27,17647,-1429,Special
2023,10,16,327,9165,-3073,HIGH
2023,10,16,47,13448,-4199,Special
2023,10,17,218,9785,620,HIGH
2023,10,17,31,14373,925,Special
2023,10,18,200,9072,-713,HIGH
2023,10,18,28,13769,-604,Special
2023,10,19,173,9666,594,HIGH
2023,10,19,25,12718,-1051,Special
2023,10,20,126,12836,3170,HIGH
2023,10,20,18,17293,4575,Special
2023,10,21,152,9937,-2899,HIGH
2023,10,21,22,13680,-3613,Special
2023,10,23,187,10961,1024,HIGH
2023,10,23,27,15885,2205,Special
2023,10,24,218,9352,-1609,HIGH
2023,10,24,31,11858,-4027,Special
2023,10,25,208,8472,-880,HIGH
2023,10,25,30,11440,-418,Special
2023,10,26,204,8518,46,HIGH
2023,10,26,29,11413,-27,Special
2023,10,27,192,7805,-713,HIGH
2023,10,27,28,9850,-1563,Special
2023,10,28,199,6773,-1032,HIGH
2023,10,28,28,9360,-490,Special
2023,10,30,185,7391,618,HIGH
2023,10,30,26,9847,487,Special
2023,10,31,179,6790,-601,HIGH
2023,10,31,26,9020,-827,Special
2023,11,1,186,6490,-300,HIGH
2023,11,1,26,8359,-661,Special
2023,11,2,131,8482,1992,HIGH
2023,11,2,19,10289,1930,Special
2023,11,3,238,7374,-1108,HIGH
2023,11,3,34,8612,-1677,Special
2023,11,6,262,7143,-231,HIGH
2023,11,6,37,8129,-483,Special
2023,11,7,182,7477,334,HIGH
2023,11,7,26,8629,500,Special
2023,11,8,365,5711,-1766,HIGH
2023,11,8,52,6785,-1844,Special
2023,11,9,344,5712,1,HIGH
2023,11,9,49,6793,8,Special
2023,11,10,369,7152,1440,HIGH
2023,11,10,53,8165,1372,Special
2023,11,11,344,6018,-1134,HIGH
2023,11,11,49,7512,-653,Special
2023,11,13,374,5111,-907,HIGH
2023,11,13,54,6327,-1185,Special
2023,11,14,314,5485,374,HIGH
2023,11,14,45,6811,484,Special
2023,11,15,295,6105,620,HIGH
2023,11,15,42,7516,705,Special
2023,11,16,329,7400,1295,HIGH
2023,11,16,47,8111,595,Special
2023,11,17,340,9424,2024,HIGH
2023,11,17,49,10119,2008,Special
2023,11,18,351,9555,131,HIGH
2023,11,18,50,10671,552,Special
2023,11,20,475,6345,-3210,HIGH
2023,11,20,68,7644,-3027,Special
2023,11,21,422,5563,-782,HIGH
2023,11,21,60,6682,-962,Special
2023,11,22,359,6532,969,HIGH
2023,11,22,51,7499,817,Special
2023,11,23,461,6637,105,HIGH
2023,11,23,66,8616,1117,Special
2023,11,24,497,6042,-595,HIGH
2023,11,24,71,8404,-212,Special
2023,11,25,410,4085,-1957,HIGH
2023,11,25,59,6729,-1675,Special
2023,11,27,263,5152,1067,HIGH
2023,11,27,38,7879,1150,Special
2023,11,28,199,5218,66,HIGH
2023,11,28,28,7222,-657,Special
2023,11,29,196,5385,167,HIGH
2023,11,29,28,6341,-881,Special
2023,11,30,258,5725,340,HIGH
2023,11,30,37,7093,752,Special
2023,12,1,265,6541,816,HIGH
2023,12,1,38,8521,1428,Special
2023,12,2,12,6541,0,HIGH
2023,12,2,2,8521,0,Special
2023,12,4,296,5746,-795,HIGH
2023,12,4,42,7500,-1021,Special
2023,12,5,234,5721,-25,HIGH
2023,12,5,33,7714,214,Special
2023,12,6,189,5970,249,HIGH
2023,12,6,27,8363,649,Special
2023,12,7,192,5590,-380,HIGH
2023,12,7,27,6588,-1775,Special
2023,12,8,188,5546,-44,HIGH
2023,12,8,27,6243,-345,Special
2023,12,9,156,5403,-143,HIGH
2023,12,9,22,6008,-235,Special
2023,12,11,97,7007,1604,HIGH
2023,12,11,14,7459,1451,Special
2023,12,12,98,7037,30,HIGH
2023,12,12,14,7676,217,Special
2023,12,13,121,5376,-1661,HIGH
2023,12,13,17,5749,-1927,Special
2023,12,14,75,6818,1442,HIGH
2023,12,14,11,7415,1666,Special
2023,12,15,115,6177,-641,HIGH
2023,12,15,16,6686,-729,Special
2023,12,16,36,8459,2282,HIGH
2023,12,16,5,9211,2525,Special
2023,12,18,124,6918,-1541,HIGH
2023,12,18,18,7769,-1442,Special
2023,12,19,94,5952,-966,HIGH
2023,12,19,13,6209,-1560,Special
2023,12,20,45,8455,2503,HIGH
2023,12,20,6,8800,2591,Special
2023,12,21,132,6643,-1812,HIGH
2023,12,21,19,7353,-1447,Special
2023,12,22,101,6217,-426,HIGH
2023,12,22,14,6982,-371,Special
2023,12,23,43,6902,685,HIGH
2023,12,23,6,7805,823,Special
2023,12,25,121,6416,-486,HIGH
2023,12,25,17,7357,-448,Special
2023,12,26,94,6243,-173,HIGH
2023,12,26,13,6667,-690,Special
2023,12,27,93,6266,23,HIGH
2023,12,27,13,7040,373,Special
2023,12,28,152,5426,-840,HIGH
2023,12,28,22,6034,-1006,Special
2023,12,29,105,6695,1269,HIGH
2023,12,29,15,7062,1028,Special
2023,12,30,136,5627,-1068,HIGH
2023,12,30,20,6311,-751,Special
2024,1,3,145,6400,773,HIGH
2024,1,3,21,6962,651,Special
2024,1,4,141,5710,-690,HIGH
2024,1,4,20,6463,-499,Special
2024,1,5,133,5542,-168,HIGH
2024,1,5,19,6323,-140,Special
2024,1,6,111,5092,-450,HIGH
2024,1,6,16,5486,-837,Special
2024,1,8,77,6175,1083,HIGH
2024,1,8,11,6899,1413,Special
2024,1,9,78,6560,385,HIGH
2024,1,9,11,6800,-99,Special
2024,1,10,87,6138,-422,HIGH
2024,1,10,12,6659,-141,Special
2024,1,11,134,5398,-740,HIGH
2024,1,11,19,5766,-893,Special
2024,1,12,85,5605,207,HIGH
2024,1,12,12,6263,497,Special
2024,1,13,85,5488,-117,HIGH
2024,1,13,12,5826,-437,Special
2024,1,15,127,5372,-116,HIGH
2024,1,15,18,5790,-36,Special
2024,1,16,93,5281,-91,HIGH
2024,1,16,13,5538,-252,Special
2024,1,17,85,5336,55,HIGH
2024,1,17,12,5789,251,Special
2024,1,18,81,6172,836,HIGH
2024,1,18,12,6922,1133,Special
2024,1,19,73,7207,1035,HIGH
2024,1,19,10,8215,1293,Special
2024,1,20,73,7468,261,HIGH
2024,1,20,10,8520,305,Special
2024,1,22,139,7138,-330,HIGH
2024,1,22,20,7972,-548,Special
2024,1,23,148,5990,-1148,HIGH
2024,1,23,21,7140,-832,Special
2024,1,24,82,5414,-576,HIGH
2024,1,24,12,6332,-808,Special
2024,1,25,55,6580,1166,HIGH
2024,1,25,8,7894,1562,Special
2024,1,26,92,6632,52,HIGH
2024,1,26,13,7854,-40,Special
2024,1,27,76,7201,569,HIGH
2024,1,27,11,8338,484,Special
2024,1,29,146,6529,-672,HIGH
2024,1,29,21,7568,-770,Special
2024,1,30,117,6963,434,HIGH
2024,1,30,17,7955,387,Special
2024,1,31,146,7176,213,HIGH
2024,1,31,21,7659,-296,Special
2024,2,1,158,6531,-645,HIGH
2024,2,1,22,7306,-353,Special
2024,2,2,144,6569,38,HIGH
2024,2,2,21,7424,118,Special
2024,2,3,139,6156,-413,HIGH
2024,2,3,20,7820,396,Special
2024,2,5,155,6748,592,HIGH
2024,2,5,22,8693,873,Special
2024,2,6,121,7232,484,HIGH
2024,2,6,17,9878,1185,Special
2024,2,7,129,6849,-383,HIGH
2024,2,7,18,9021,-857,Special
2024,2,8,124,6661,-188,HIGH
2024,2,8,18,8131,-890,Special
2024,2,9,30,4355,-2306,HIGH
2024,2,9,4,5338,-2793,Special
2024,2,13,62,8519,4164,HIGH
2024,2,13,9,10798,5460,Special
2024,2,14,78,8308,-211,HIGH
2024,2,14,11,10581,-217,Special
2024,2,15,93,9112,804,HIGH
2024,2,15,13,11144,563,Special
2024,2,16,115,8389,-723,HIGH
2024,2,16,16,10131,-1013,Special
2024,2,17,62,8164,-225,HIGH
2024,2,17,9,9683,-448,Special
2024,2,19,133,9187,1023,HIGH
2024,2,19,19,10776,1093,Special
2024,2,20,111,8081,-1106,HIGH
2024,2,20,16,10466,-310,Special
2024,2,21,91,8637,556,HIGH
2024,2,21,13,10233,-233,Special
2024,2,22,96,8405,-232,HIGH
2024,2,22,14,10536,303,Special
2024,2,23,76,8687,282,HIGH
2024,2,23,11,10877,341,Special
2024,2,24,65,9319,632,HIGH
2024,2,24,9,11500,623,Special
2024,2,26,102,9055,-264,HIGH
2024,2,26,14,10976,-524,Special
2024,2,27,112,9167,112,HIGH
2024,2,27,16,10931,-45,Special
2024,2,28,122,8980,-187,HIGH
2024,2,28,17,10668,-263,Special
2024,2,29,127,9052,72,HIGH
2024,2,29,18,10415,-253,Special
2024,3,1,106,9532,480,HIGH
2024,3,1,15,11785,1370,Special
2024,3,4,135,10110,578,HIGH
2024,3,4,19,11963,178,Special
2024,3,5,122,10167,57,HIGH
2024,3,5,18,11962,-1,Special
2024,3,6,113,10293,126,HIGH
2024,3,6,16,12081,119,Special
2024,3,7,84,11317,1024,HIGH
2024,3,7,12,12623,542,Special
2024,3,8,128,10287,-1030,HIGH
2024,3,8,18,11753,-870,Special
2024,3,9,94,10765,478,HIGH
2024,3,9,14,11862,109,Special
2024,3,11,153,10479,-286,HIGH
2024,3,11,22,11754,-108,Special
2024,3,12,112,10134,-345,HIGH
2024,3,12,16,11850,96,Special
2024,3,13,92,11099,965,HIGH
2024,3,13,13,13020,1170,Special
2024,3,14,134,10576,-523,HIGH
2024,3,14,19,12442,-578,Special
2024,3,15,99,11421,845,HIGH
2024,3,15,14,13187,745,Special
2024,3,16,96,12058,637,HIGH
2024,3,16,14,13493,306,Special
2024,3,18,121,12148,90,HIGH
2024,3,18,17,13308,-185,Special
2024,3,19,136,11271,-877,HIGH
2024,3,19,19,12780,-528,Special
2024,3,20,127,11405,134,HIGH
2024,3,20,18,13027,247,Special
2024,3,21,138,10996,-409,HIGH
2024,3,21,20,13119,92,Special
2024,3,22,135,11331,335,HIGH
2024,3,22,19,13158,39,Special
2024,3,23,104,10789,-542,HIGH
2024,3,23,15,13029,-129,Special
2024,3,25,152,11410,621,HIGH
2024,3,25,22,13442,413,Special
2024,3,26,136,11305,-105,HIGH
2024,3,26,19,13117,-325,Special
2024,3,27,132,11479,174,HIGH
2024,3,27,19,13735,618,Special
2024,3,28,124,11348,-131,HIGH
2024,3,28,18,13785,50,Special
2024,3,29,103,12048,700,HIGH
2024,3,29,15,13848,63,Special
2024,3,30,83,12353,305,HIGH
2024,3,30,12,14390,542,Special
2024,4,1,146,12350,-3,HIGH
2024,4,1,21,14863,473,Special
2024,4,2,134,12472,122,HIGH
2024,4,2,19,14771,-92,Special
2024,4,3,126,13614,1142,HIGH
2024,4,3,18,15883,1112,Special
2024,4,4,126,13508,-106,HIGH
2024,4,4,18,14710,-1173,Special
2024,4,5,125,13162,-346,HIGH
2024,4,5,18,15620,910,Special
2024,4,6,97,13025,-137,HIGH
2024,4,6,14,15818,198,Special
2024,4,8,112,14522,1497,HIGH
2024,4,8,16,17535,1717,Special
2024,4,9,124,16122,1600,HIGH
2024,4,9,18,17798,263,Special
2024,4,10,128,15833,-289,HIGH
2024,4,10,18,17625,-173,Special
2024,4,11,125,15252,-581,HIGH
2024,4,11,18,18034,409,Special
2024,4,12,117,15450,198,HIGH
2024,4,12,17,18056,22,Special
2024,4,13,88,17126,1676,HIGH
2024,4,13,12,20036,1980,Special
2024,4,15,146,17378,252,HIGH
2024,4,15,21,21255,1219,Special
2024,4,16,141,16020,-1358,HIGH
2024,4,16,20,19829,-1426,Special
2024,4,17,129,16339,319,HIGH
2024,4,17,18,19247,-582,Special
2024,4,18,108,16355,16,HIGH
2024,4,18,16,19726,479,Special
2024,4,19,132,14787,-1568,HIGH
2024,4,19,19,17557,-2169,Special
2024,4,20,104,14259,-528,HIGH
2024,4,20,15,17619,62,Special
2024,4,22,118,15302,1043,HIGH
2024,4,22,17,18953,1334,Special
2024,4,23,131,14531,-771,HIGH
2024,4,23,19,19166,213,Special
2024,4,24,133,14542,11,HIGH
2024,4,24,19,17273,-1893,Special
2024,4,25,149,13787,-755,HIGH
2024,4,25,21,17380,107,Special
2024,4,26,132,14776,989,HIGH
2024,4,26,19,16657,-723,Special
2024,4,27,110,14261,-515,HIGH
2024,4,27,16,17314,657,Special
2024,4,29,144,13880,-381,HIGH
2024,4,29,21,17506,192,Special
2024,4,30,140,12483,-1397,HIGH
2024,4,30,20,17609,103,Special
2024,5,1,107,13688,1205,HIGH
2024,5,1,15,17952,343,Special
2024,5,2,113,15566,1878,HIGH
2024,5,2,16,19419,1467,Special
2024,5,3,141,14264,-1302,HIGH
2024,5,3,20,19042,-377,Special
2024,5,4,125,13585,-679,HIGH
2024,5,4,18,18009,-1033,Special
2024,5,6,150,12966,-619,HIGH
2024,5,6,21,16775,-1234,Special
2024,5,7,153,11904,-1062,HIGH
2024,5,7,22,14435,-2340,Special
2024,5,8,120,12133,229,HIGH
2024,5,8,17,14393,-42,Special
2024,5,9,143,11975,-158,HIGH
2024,5,9,20,14890,497,Special
2024,5,10,117,13539,1564,HIGH
2024,5,10,17,17598,2708,Special
2024,5,11,74,13824,285,HIGH
2024,5,11,10,17126,-472,Special
2024,5,13,160,13776,-48,HIGH
2024,5,13,23,16625,-501,Special
2024,5,14,160,13012,-764,HIGH
2024,5,14,23,16213,-412,Special
2024,5,15,156,12229,-783,HIGH
2024,5,15,22,15200,-1013,Special
2024,5,16,144,10641,-1588,HIGH
2024,5,16,21,13990,-1210,Special
2024,5,17,152,10520,-121,HIGH
2024,5,17,22,13995,5,Special
2024,5,18,99,10448,-72,HIGH
2024,5,18,14,14005,10,Special
2024,5,20,232,6143,-4305,HIGH
2024,5,20,33,12192,-1813,Special
2024,5,21,172,5923,-220,HIGH
2024,5,21,25,8136,-4056,Special
2024,5,22,136,5981,58,HIGH
2024,5,22,20,7452,-684,Special
2024,5,23,148,5953,-28,HIGH
2024,5,23,21,7313,-139,Special
2024,5,24,117,6905,952,HIGH
2024,5,24,17,8196,883,Special
2024,5,25,118,6153,-752,HIGH
2024,5,25,17,7273,-923,Special
2024,5,27,165,6312,159,HIGH
2024,5,27,24,7765,492,Special
2024,5,28,120,6730,418,HIGH
2024,5,28,17,7707,-58,Special
2024,5,29,107,7732,1002,HIGH
2024,5,29,15,9003,1296,Special
2024,5,30,119,7510,-222,HIGH
2024,5,30,17,7886,-1117,Special
2024,5,31,158,6435,-1075,HIGH
2024,5,31,23,7501,-385,Special
2024,6,1,110,6168,-267,HIGH
2024,6,1,16,7364,-137,Special
2024,6,3,144,6656,488,HIGH
2024,6,3,20,7657,293,Special
2024,6,4,172,6028,-628,HIGH
2024,6,4,25,7079,-578,Special
2024,6,5,143,6056,28,HIGH
2024,6,5,20,6953,-126,Special
2024,6,6,111,6663,607,HIGH
2024,6,6,16,7283,330,Special
2024,6,7,108,7270,607,HIGH
2024,6,7,16,7950,667,Special
2024,6,8,96,6936,-334,HIGH
2024,6,8,14,7797,-153,Special
2024,6,10,127,7159,223,HIGH
2024,6,10,18,7842,45,Special
2024,6,11,188,5794,-1365,HIGH
2024,6,11,27,6678,-1164,Special
2024,6,12,115,7031,1237,HIGH
2024,6,12,16,8389,1711,Special
2024,6,13,121,7553,522,HIGH
2024,6,13,17,8767,378,Special
2024,6,14,108,8020,467,HIGH
2024,6,14,16,9012,245,Special
2024,6,15,150,5617,-2403,HIGH
2024,6,15,21,6474,-2538,Special
2024,6,17,134,7108,1491,HIGH
2024,6,17,19,7847,1373,Special
2024,6,18,180,5936,-1172,HIGH
2024,6,18,26,6850,-997,Special
2024,6,19,159,6137,201,HIGH
2024,6,19,23,7114,264,Special
2024,6,20,183,5631,-506,HIGH
2024,6,20,26,6674,-440,Special
2024,6,21,118,6947,1316,HIGH
2024,6,21,17,7672,998,Special
2024,6,22,111,7328,381,HIGH
2024,6,22,16,8522,850,Special
2024,6,24,146,6982,-346,HIGH
2024,6,24,21,7964,-558,Special
2024,6,25,141,7253,271,HIGH
2024,6,25,20,8518,554,Special
2024,6,26,172,6614,-639,HIGH
2024,6,26,25,7484,-1034,Special
2024,6,27,163,6915,301,HIGH
2024,6,27,23,7830,346,Special
2024,6,28,132,8633,1718,HIGH
2024,6,28,19,9291,1461,Special
2024,6,29,136,9344,711,HIGH
2024,6,29,19,10264,973,Special
2024,7,1,138,10058,714,HIGH
2024,7,1,20,11279,1015,Special
2024,7,2,162,9470,-588,HIGH
2024,7,2,23,10761,-518,Special
2024,7,3,200,8037,-1433,HIGH
2024,7,3,29,10805,44,Special
2024,7,4,121,9949,1912,HIGH
2024,7,4,17,11340,535,Special
2024,7,5,226,7492,-2457,HIGH
2024,7,5,32,9734,-1606,Special
2024,7,6,131,8669,1177,HIGH
2024,7,6,19,10618,884,Special
2024,7,8,158,8557,-112,HIGH
2024,7,8,23,10549,-69,Special
2024,7,9,109,10221,1664,HIGH
2024,7,9,16,13152,2603,Special
2024,7,10,175,8578,-1643,HIGH
2024,7,10,25,11290,-1862,Special
2024,7,11,101,12150,3572,HIGH
2024,7,11,14,14337,3047,Special
2024,7,12,154,10642,-1508,HIGH
2024,7,12,22,12781,-1556,Special
2024,7,13,150,9751,-891,HIGH
2024,7,13,21,12781,0,Special
2024,7,15,182,9394,-357,HIGH
2024,7,15,26,11089,-1692,Special
2024,7,16,191,8330,-1064,HIGH
2024,7,16,27,10729,-360,Special
2024,7,17,126,11181,2851,HIGH
2024,7,17,18,12618,1889,Special
2024,7,18,119,10717,-464,HIGH
2024,7,18,17,12861,243,Special
2024,7,19,114,13641,2924,HIGH
2024,7,19,16,16819,3958,Special
2024,7,20,128,12380,-1261,HIGH
2024,7,20,18,14044,-2775,Special
2024,7,22,178,11984,-396,HIGH
2024,7,22,25,14502,458,Special
2024,7,23,175,11757,-227,HIGH
2024,7,23,25,15353,851,Special
2024,7,24,133,12700,943,HIGH
2024,7,24,19,16541,1188,Special
2024,7,25,200,9658,-3042,HIGH
2024,7,25,29,13672,-2869,Special
2024,7,26,172,10032,374,HIGH
2024,7,26,25,13723,51,Special
2024,7,27,111,13421,3389,HIGH
2024,7,27,16,17435,3712,Special
2024,7,29,177,11911,-1510,HIGH
2024,7,29,25,16032,-1403,Special
2024,7,30,203,10864,-1047,HIGH
2024,7,30,29,13945,-2087,Special
2024,7,31,149,11547,683,HIGH
2024,7,31,21,14541,596,Special
2024,8,1,142,12791,1244,HIGH
2024,8,1,20,17568,3027,Special
2024,8,2,152,14172,1381,HIGH
2024,8,2,22,17511,-57,Special
2024,8,5,188,12988,-1184,HIGH
2024,8,5,27,17693,182,Special
2024,8,6,170,12430,-558,HIGH
2024,8,6,24,16241,-1452,Special
2024,8,7,131,16855,4425,HIGH
2024,8,7,19,20607,4366,Special
2024,8,8,133,17435,580,HIGH
2024,8,8,19,21142,535,Special
2024,8,9,156,17708,273,HIGH
2024,8,9,22,23960,2818,Special
2024,8,10,149,17825,117,HIGH
2024,8,10,21,24888,928,Special
2024,8,12,194,16866,-959,HIGH
2024,8,12,28,25173,285,Special
2024,8,13,169,16265,-601,HIGH
2024,8,13,24,21951,-3222,Special
2024,8,14,130,19262,2997,HIGH
2024,8,14,18,27687,5736,Special
2024,8,15,152,17259,-2003,HIGH
2024,8,15,22,24410,-3277,Special
2024,8,16,128,18359,1100,HIGH
2024,8,16,18,27136,2726,Special
2024,8,17,126,18176,-183,HIGH
2024,8,17,18,29430,2294,Special
2024,8,19,200,15890,-2286,HIGH
2024,8,19,29,21488,-7942,Special
2024,8,20,163,15875,-15,HIGH
2024,8,20,23,19205,-2283,Special
2024,8,21,162,16156,281,HIGH
2024,8,21,23,19900,695,Special
2024,8,22,144,17161,1005,HIGH
2024,8,22,21,24550,4650,Special
2024,8,23,179,18371,1210,HIGH
2024,8,23,26,24100,-450,Special
2024,8,24,162,19505,1134,HIGH
2024,8,24,23,25110,1010,Special
2024,8,26,274,17616,-1889,HIGH
2024,8,26,39,21862,-3248,Special
2024,8,27,232,15783,-1833,HIGH
2024,8,27,33,20244,-1618,Special
2024,8,28,178,19714,3931,HIGH
2024,8,28,25,23377,3133,Special
2024,8,29,200,18212,-1502,HIGH
2024,8,29,29,22518,-859,Special
2024,8,30,157,20115,1903,HIGH
2024,8,30,22,24690,2172,Special
2024,8,31,153,21388,1273,HIGH
2024,8,31,22,25473,783,Special
2024,9,2,224,20901,-487,HIGH
2024,9,2,32,26842,1369,Special
2024,9,3,250,20771,-130,HIGH
2024,9,3,36,27555,713,Special
2024,9,4,223,25007,4236,HIGH
2024,9,4,32,29682,2127,Special
2024,9,5,238,25733,726,HIGH
2024,9,5,34,31657,1975,Special
2024,9,6,266,22691,-3042,HIGH
2024,9,6,38,30851,-806,Special
2024,9,7,225,20785,-1906,HIGH
2024,9,7,32,29610,-1241,Special
2024,9,9,330,20724,-61,HIGH
2024,9,9,47,33433,3823,Special
2024,9,10,365,21359,635,HIGH
2024,9,10,52,37880,4447,Special
2024,9,11,296,23295,1936,HIGH
2024,9,11,42,39299,1419,Special
2024,9,12,274,24291,996,HIGH
2024,9,12,39,42422,3123,Special
2024,9,13,171,26069,1778,HIGH
2024,9,13,24,45335,2913,Special
2024,9,14,148,41483,15414,HIGH
2024,9,14,21,60977,15642,Special
2024,9,16,57,29964,-11519,HIGH
2024,9,16,8,36049,-24928,Special
2024,9,20,275,26568,-3396,HIGH
2024,9,20,39,46310,10261,Special
2024,9,21,157,28933,2365,HIGH
2024,9,21,22,64195,17885,Special
2024,9,23,162,35686,6753,HIGH
2024,9,23,23,44344,-19851,Special
2024,9,24,186,25141,-10545,HIGH
2024,9,24,27,38845,-5499,Special
2024,9,25,188,24551,-590,HIGH
2024,9,25,27,40379,1534,Special
2024,9,26,229,19921,-4630,HIGH
2024,9,26,33,31502,-8877,Special
2024,9,27,219,21139,1218,HIGH
2024,9,27,31,33730,2228,Special
2024,9,28,166,19198,-1941,HIGH
2024,9,28,24,29463,-4267,Special
2024,9,30,163,23019,3821,HIGH
2024,9,30,23,34299,4836,Special
2024,10,1,132,25313,2294,HIGH
2024,10,1,19,31527,-2772,Special
2024,10,2,124,27088,1775,HIGH
2024,10,2,18,33025,1498,Special
2024,10,3,140,27600,512,HIGH
2024,10,3,20,31362,-1663,Special
2024,10,4,164,25797,-1803,HIGH
2024,10,4,24,31859,497,Special
2024,10,5,130,27657,1860,HIGH
2024,10,5,18,34389,2530,Special
2024,10,7,237,23270,-4387,HIGH
2024,10,7,34,30326,-4063,Special
2024,10,8,180,23978,708,HIGH
2024,10,8,26,30663,337,Special
2024,10,9,194,23251,-727,HIGH
2024,10,9,28,28906,-1757,Special
2024,10,10,218,20129,-3122,HIGH
2024,10,10,31,29153,247,Special
2024,10,11,176,21761,1632,HIGH
2024,10,11,25,28852,-301,Special
2024,10,12,146,23196,1435,HIGH
2024,10,12,21,30219,1367,Special
2024,10,14,162,26759,3563,HIGH
2024,10,14,23,32493,2274,Special
2024,10,15,190,23515,-3244,HIGH
2024,10,15,27,29061,-3432,Special
2024,10,16,164,24031,516,HIGH
2024,10,16,23,29288,227,Special
2024,10,17,217,20866,-3165,HIGH
2024,10,17,31,27831,-1457,Special
2024,10,18,229,18809,-2057,HIGH
2024,10,18,33,26649,-1182,Special
2024,10,19,161,12803,-6006,HIGH
2024,10,19,23,21177,-5472,Special
2024,10,21,173,16681,3878,HIGH
2024,10,21,25,22832,1655,Special
2024,10,22,199,15928,-753,HIGH
2024,10,22,28,19989,-2843,Special
2024,10,23,138,15589,-339,HIGH
2024,10,23,20,20718,729,Special
2024,10,24,181,12599,-2990,HIGH
2024,10,24,26,16272,-4446,Special
2024,10,25,243,10665,-1934,HIGH
2024,10,25,35,13721,-2551,Special
2024,10,26,197,10784,119,HIGH
2024,10,26,28,13181,-540,Special
2024,10,28,236,9706,-1078,HIGH
2024,10,28,34,12376,-805,Special
2024,10,29,190,11021,1315,HIGH
2024,10,29,27,13327,951,Special
2024,10,30,230,8753,-2268,HIGH
2024,10,30,33,12279,-1048,Special
2024,10,31,210,8692,-61,HIGH
2024,10,31,30,11073,-1206,Special
2024,11,1,203,9045,353,HIGH
2024,11,1,29,11260,187,Special
2024,11,2,170,9241,196,HIGH
2024,11,2,24,10984,-276,Special
2024,11,4,232,8709,-532,HIGH
2024,11,4,33,10325,-659,Special
2024,11,5,240,8499,-210,HIGH
2024,11,5,34,9762,-563,Special
2024,11,6,223,8533,34,HIGH
2024,11,6,32,10232,470,Special
2024,11,7,225,8515,-18,HIGH
2024,11,7,32,9835,-397,Special
2024,11,8,245,8562,47,HIGH
2024,11,8,35,10034,199,Special
2024,11,9,280,7627,-935,HIGH
2024,11,9,40,8693,-1341,Special
2024,11,11,268,8270,643,HIGH
2024,11,11,38,9457,764,Special
2024,11,12,300,6972,-1298,HIGH
2024,11,12,43,8357,-1100,Special
2024,11,13,255,7597,625,HIGH
2024,11,13,36,8702,345,Special
2024,11,14,273,8426,829,HIGH
2024,11,14,39,9974,1272,Special
2024,11,15,329,8842,416,HIGH
2024,11,15,47,10234,260,Special
2024,11,16,370,8143,-699,HIGH
2024,11,16,53,9432,-802,Special
2024,11,18,376,6806,-1337,HIGH
2024,11,18,54,8837,-595,Special
2024,11,19,299,7130,324,HIGH
2024,11,19,43,8725,-112,Special
2024,11,20,322,7489,359,HIGH
2024,11,20,46,8749,24,Special
2024,11,21,316,8656,1167,HIGH
2024,11,21,45,9443,694,Special
2024,11,22,378,9430,774,HIGH
2024,11,22,54,10751,1308,Special
2024,11,23,405,8031,-1399,HIGH
2024,11,23,58,9333,-1418,Special
2024,11,25,304,9170,1139,HIGH
2024,11,25,44,10228,895,Special
2024,11,26,303,9920,750,HIGH
2024,11,26,43,11219,991,Special
2024,11,27,263,10067,147,HIGH
2024,11,27,38,11736,517,Special
2024,11,28,221,13956,3889,HIGH
2024,11,28,32,14920,3184,Special
2024,11,29,395,9361,-4595,HIGH
2024,11,29,56,10992,-3928,Special
2024,11,30,316,8435,-926,HIGH
2024,11,30,45,10014,-978,Special
2024,12,2,338,7313,-1122,HIGH
2024,12,2,48,9211,-803,Special
2024,12,3,241,8498,1185,HIGH
2024,12,3,34,9730,519,Special
2024,12,4,206,9416,918,HIGH
2024,12,4,30,10131,401,Special
2024,12,5,226,10342,926,HIGH
2024,12,5,32,11821,1690,Special
2024,12,6,281,9195,-1147,HIGH
2024,12,6,40,10368,-1453,Special
2024,12,7,187,9233,38,HIGH
2024,12,7,27,10876,508,Special
2024,12,9,195,8834,-399,HIGH
2024,12,9,28,9654,-1222,Special
2024,12,10,124,8842,8,HIGH
2024,12,10,18,9670,16,Special
2024,12,11,120,9656,814,HIGH
2024,12,11,17,10602,932,Special
2024,12,12,159,9477,-179,HIGH
2024,12,12,23,10756,154,Special
2024,12,13,178,9397,-80,HIGH
2024,12,13,25,10289,-467,Special
2024,12,14,157,9397,0,HIGH
2024,12,14,22,10019,-270,Special
2024,12,16,122,11615,2218,HIGH
2024,12,16,17,13056,3037,Special
2024,12,17,165,9363,-2252,HIGH
2024,12,17,24,10362,-2694,Special
2024,12,18,72,12517,3154,HIGH
2024,12,18,10,12826,2464,Special
2024,12,19,138,9730,-2787,HIGH
2024,12,19,20,10599,-2227,Special
2024,12,20,94,11843,2113,HIGH
2024,12,20,13,12493,1894,Special
2024,12,21,91,12148,305,HIGH
2024,12,21,13,12819,326,Special
2024,12,23,134,11596,-552,HIGH
2024,12,23,19,12625,-194,Special
2024,12,24,131,11229,-367,HIGH
2024,12,24,19,12487,-138,Special
2024,12,25,123,10511,-718,HIGH
2024,12,25,18,12149,-338,Special
2024,12,26,83,11464,953,HIGH
2024,12,26,12,12433,284,Special
2024,12,27,101,11163,-301,HIGH
2024,12,27,14,11966,-467,Special
2024,12,28,86,11376,213,HIGH
2024,12,28,12,12242,276,Special
2024,12,30,102,12237,861,HIGH
2024,12,30,15,13024,782,Special
2024,12,31,54,17295,5058,HIGH
2024,12,31,8,19455,6431,Special
2025,1,3,115,17471,176,HIGH
2025,1,3,16,18797,-658,Special
2025,1,4,116,15956,-1515,HIGH
2025,1,4,17,17000,-1797,Special
2025,1,6,168,15386,-570,HIGH
2025,1,6,24,16811,-189,Special
2025,1,7,151,15198,-188,HIGH
2025,1,7,22,16582,-229,Special
2025,1,8,135,15849,651,HIGH
2025,1,8,19,17357,775,Special
2025,1,9,161,14175,-1674,HIGH
2025,1,9,23,16292,-1065,Special
2025,1,10,117,14097,-78,HIGH
2025,1,10,17,16019,-273,Special
2025,1,11,68,14728,631,HIGH
2025,1,11,10,16778,759,Special
2025,1,13,136,14402,-326,HIGH
2025,1,13,19,16548,-230,Special
2025,1,14,110,14701,299,HIGH
2025,1,14,16,16579,31,Special
2025,1,15,143,14609,-92,HIGH
2025,1,15,20,16354,-225,Special
2025,1,16,124,14751,142,HIGH
2025,1,16,18,16438,84,Special
2025,1,17,168,13506,-1245,HIGH
2025,1,17,24,15018,-1420,Special
2025,1,18,97,13411,-95,HIGH
2025,1,18,14,14922,-96,Special
2025,1,20,196,12695,-716,HIGH
2025,1,20,28,14948,26,Special
2025,1,21,191,12726,31,HIGH
2025,1,21,27,14713,-235,Special
2025,1,22,174,12929,203,HIGH
2025,1,22,25,14932,219,Special
2025,1,23,172,12568,-361,HIGH
2025,1,23,25,15486,554,Special
2025,1,24,155,13200,632,HIGH
2025,1,24,22,15867,381,Special
2025,1,25,123,13630,430,HIGH
2025,1,25,18,15881,14,Special
2025,1,27,85,14861,1231,HIGH
2025,1,27,12,16441,560,Special
2025,1,28,27,12634,-2227,HIGH
2025,1,28,4,15522,-919,Special
2025,2,1,69,15951,3317,HIGH
2025,2,1,10,16800,1278,Special
2025,2,3,100,15437,-514,HIGH
2025,2,3,14,17432,632,Special
2025,2,4,118,15041,-396,HIGH
2025,2,4,17,17050,-382,Special
2025,2,5,138,13944,-1097,HIGH
2025,2,5,20,15216,-1834,Special
2025,2,6,104,13938,-6,HIGH
2025,2,6,15,16639,1423,Special
2025,2,7,85,14980,1042,HIGH
2025,2,7,12,17282,643,Special
2025,2,8,73,14577,-403,HIGH
2025,2,8,10,16839,-443,Special
2025,2,10,144,15136,559,HIGH
2025,2,10,20,16971,132,Special
2025,2,11,152,15132,-4,HIGH
2025,2,11,22,17185,214,Special
2025,2,13,142,15440,308,HIGH
2025,2,13,20,17780,595,Special
2025,2,14,147,14342,-1098,HIGH
2025,2,14,21,16990,-790,Special
2025,2,15,140,13722,-620,HIGH
2025,2,15,20,16433,-557,Special
2025,2,17,153,13959,237,HIGH
2025,2,17,22,16460,27,Special
2025,2,18,158,13595,-364,HIGH
2025,2,18,22,15883,-577,Special
2025,2,19,137,13224,-371,HIGH
2025,2,19,20,15462,-421,Special
2025,2,20,113,13891,667,HIGH
2025,2,20,16,16891,1429,Special
2025,2,21,111,14063,172,HIGH
2025,2,21,16,16146,-745,Special
2025,2,22,85,14831,768,HIGH
2025,2,22,12,16313,167,Special
2025,2,24,106,15532,701,HIGH
2025,2,24,15,16410,97,Special
2025,2,25,127,15213,-319,HIGH
2025,2,25,18,16624,214,Special
2025,2,26,118,15488,275,HIGH
2025,2,26,17,16559,-65,Special
2025,2,27,123,15119,-369,HIGH
2025,2,27,18,17143,584,Special
2025,2,28,114,15837,718,HIGH
2025,2,28,16,17520,377,Special
2025,3,1,84,15875,38,HIGH
2025,3,1,12,17644,124,Special
2025,3,3,136,16434,559,HIGH
2025,3,3,19,17973,329,Special
2025,3,4,161,16803,369,HIGH
2025,3,4,23,18495,522,Special
2025,3,6,229,15538,-1265,HIGH
2025,3,6,33,17248,-1247,Special
2025,3,7,231,14679,-859,HIGH
2025,3,7,33,16591,-657,Special
2025,3,8,163,13358,-1321,HIGH
2025,3,8,23,15719,-872,Special
2025,3,10,192,13867,509,HIGH
2025,3,10,27,15696,-23,Special
2025,3,11,188,13160,-707,HIGH
2025,3,11,27,16009,313,Special
2025,3,12,181,13194,34,HIGH
2025,3,12,26,16113,104,Special
2025,3,13,158,13844,650,HIGH
2025,3,13,22,15716,-397,Special
2025,3,14,173,12902,-942,HIGH
2025,3,14,25,15679,-37,Special
2025,3,15,99,14452,1550,HIGH
2025,3,15,14,17782,2103,Special
2025,3,17,174,14341,-111,HIGH
2025,3,17,25,17919,137,Special
2025,3,18,135,15782,1441,HIGH
2025,3,18,19,20598,2679,Special
2025,3,19,178,14373,-1409,HIGH
2025,3,19,25,18178,-2420,Special
2025,3,20,223,12157,-2216,HIGH
2025,3,20,32,16439,-1739,Special
2025,3,21,187,12304,147,HIGH
2025,3,21,27,16783,344,Special
2025,3,22,150,12838,534,HIGH
2025,3,22,22,17128,345,Special
2025,3,24,186,13914,1076,HIGH
2025,3,24,27,17664,536,Special
2025,3,25,183,13020,-894,HIGH
2025,3,25,26,16866,-798,Special
2025,3,26,156,12523,-497,HIGH
2025,3,26,22,16767,-99,Special
2025,3,27,173,11601,-922,HIGH
2025,3,27,25,16383,-384,Special
2025,3,28,145,11124,-477,HIGH
2025,3,28,21,16025,-358,Special
2025,3,29,101,11024,-100,HIGH
2025,3,29,14,17865,1840,Special
2025,3,31,133,14063,3039,HIGH
2025,3,31,19,18405,540,Special
2025,4,1,138,13460,-603,HIGH
2025,4,1,20,17360,-1045,Special
2025,4,2,128,14170,710,HIGH
2025,4,2,18,17875,515,Special
2025,4,3,170,14291,121,HIGH
2025,4,3,24,17964,89,Special
2025,4,4,169,13254,-1037,HIGH
2025,4,4,24,17250,-714,Special
2025,4,5,134,12279,-975,HIGH
2025,4,5,19,17720,470,Special
2025,4,7,218,11858,-421,HIGH
2025,4,7,31,16938,-782,Special
2025,4,8,178,11194,-664,HIGH
2025,4,8,25,17007,69,Special
2025,4,9,159,11624,430,HIGH
2025,4,9,23,17018,11,Special
2025,4,10,181,11062,-562,HIGH
2025,4,10,26,16280,-738,Special
2025,4,11,177,9440,-1622,HIGH
2025,4,11,25,15506,-774,Special
2025,4,12,114,9363,-77,HIGH
2025,4,12,16,15783,277,Special
2025,4,14,150,11019,1656,HIGH
2025,4,14,21,16336,553,Special
2025,4,15,158,10468,-551,HIGH
2025,4,15,22,16192,-144,Special
2025,4,16,148,9458,-1010,HIGH
2025,4,16,21,16034,-158,Special
2025,4,17,139,8667,-791,HIGH
2025,4,17,20,15457,-577,Special
2025,4,18,124,9823,1156,HIGH
2025,4,18,18,16364,907,Special
2025,4,19,106,9644,-179,HIGH
2025,4,19,15,13053,-3311,Special
2025,4,21,170,9113,-531,HIGH
2025,4,21,24,15790,2737,Special
2025,4,22,174,8702,-411,HIGH
2025,4,22,25,15027,-763,Special
2025,4,23,138,8698,-4,HIGH
2025,4,23,20,15212,185,Special
2025,4,24,155,8233,-465,HIGH
2025,4,24,22,15329,117,Special
2025,4,25,154,7805,-428,HIGH
2025,4,25,22,14255,-1074,Special
2025,4,26,93,8579,774,HIGH
2025,4,26,13,14761,506,Special
2025,4,28,147,8427,-152,HIGH
2025,4,28,21,14584,-177,Special
2025,4,29,163,7827,-600,HIGH
2025,4,29,23,12655,-1929,Special
2025,4,30,161,9288,1461,HIGH
2025,4,30,23,15173,2518,Special
2025,5,1,144,8648,-640,HIGH
2025,5,1,21,14954,-219,Special
2025,5,2,163,6971,-1677,HIGH
2025,5,2,23,12204,-2750,Special
2025,5,3,109,7633,662,HIGH
2025,5,3,16,11812,-392,Special
2025,5,5,200,6410,-1223,HIGH
2025,5,5,29,14134,2322,Special
2025,5,6,174,7193,783,HIGH
2025,5,6,25,15107,973,Special
2025,5,7,166,7063,-130,HIGH
2025,5,7,24,14465,-642,Special
2025,5,8,142,7749,686,HIGH
2025,5,8,20,13934,-531,Special
2025,5,9,137,7863,114,HIGH
2025,5,9,20,13410,-524,Special
2025,5,10,113,5825,-2038,HIGH
2025,5,10,16,11520,-1890,Special
2025,5,12,165,6455,630,HIGH
2025,5,12,24,13439,1919,Special
2025,5,13,138,5926,-529,HIGH
2025,5,13,20,9980,-3459,Special
2025,5,14,174,5061,-865,HIGH
2025,5,14,25,9361,-619,Special
2025,5,15,200,4767,-294,HIGH
2025,5,15,29,10318,957,Special
2025,5,16,166,4887,120,HIGH
2025,5,16,24,5514,-4804,Special
2025,5,17,110,4326,-561,HIGH
2025,5,17,16,6412,898,Special
2025,5,19,160,5410,1084,HIGH
2025,5,19,23,6955,543,Special
2025,5,20,123,5434,24,HIGH
2025,5,20,18,6449,-506,Special
